idx,label,fm,test,assertion
0,0,"@ Override public void register ( ContainerBuilder builder , LocatableProperties props ) throws ConfigurationException { Map < String , Object > loadedBeans = new HashMap < > ( ) ; List < BeanConfig > beanConfigs = javaConfig . beans ( ) ; if ( beanConfigs != null ) { for ( BeanConfig bc : beanConfigs ) { if ( bc != null ) { registerBean ( loadedBeans , builder , bc ) ; } } } List < ConstantConfig > constantConfigList = javaConfig . constants ( ) ; if ( constantConfigList != null ) { for ( ConstantConfig constantConf : constantConfigList ) { if ( constantConf != null ) { Map < String , String > constantMap = constantConf . getAllAsStringsMap ( ) ; for ( Entry < String , String > entr : constantMap . entrySet ( ) ) { if ( entr . getKey ( ) != null && entr . getValue ( ) != null ) { registerConstant ( props , entr . getKey ( ) , entr . getValue ( ) ) ; } } } } } javaConfig . beanSelection ( ) . ifPresent ( beanSelectionConfig -> { try { LOG . debug ( ""Registering bean selection provider {} of type {}"" , beanSelectionConfig . getName ( ) , beanSelectionConfig . getClazz ( ) . getName ( ) ) ; BeanSelectionProvider provider = beanSelectionConfig . getClazz ( ) . newInstance ( ) ; provider . register ( builder , props ) ; } catch ( IllegalAccessException | InstantiationException e ) { throw new ConfigurationException ( ""Unable to load : name:"" + beanSelectionConfig . getName ( ) + "" class:"" + beanSelectionConfig . getClazz ( ) . getName ( ) ) ; } } ) ; List < String > unknownHandlers = javaConfig . unknownHandlerStack ( ) ; if ( unknownHandlers != null ) { List < UnknownHandlerConfig > unknownHandlerStack = new ArrayList < > ( ) ; for ( String unknownHandler : unknownHandlers ) { Location location = LocationUtils . getLocation ( unknownHandler ) ; unknownHandlerStack . add ( new UnknownHandlerConfig ( unknownHandler , location ) ) ; } if ( ! unknownHandlerStack . isEmpty ( ) ) { configuration . setUnknownHandlerStack ( unknownHandlerStack ) ; } } }","@ Test public void testRegister ( ) throws Exception { final ConstantConfig constantConfig = new ConstantConfig ( ) ; constantConfig . setDevMode ( true ) ; final String expectedUnknownHandler = ""expectedUnknownHandler"" ; StrutsJavaConfiguration javaConfig = new StrutsJavaConfiguration ( ) { @ Override public List < String > unknownHandlerStack ( ) { return Collections . singletonList ( expectedUnknownHandler ) ; } @ Override public List < ConstantConfig > constants ( ) { return Collections . singletonList ( constantConfig ) ; } @ Override public List < BeanConfig > beans ( ) { return Arrays . asList ( new BeanConfig ( TestBean . class , ""struts"" ) , new BeanConfig ( TestBean . class , ""struts.static"" , TestBean . class , Scope . PROTOTYPE , true , true ) , new BeanConfig ( TestBean . class , ""struts.test.bean"" , TestBean . class ) ) ; } @ Override public Optional < BeanSelectionConfig > beanSelection ( ) { return Optional . of ( new BeanSelectionConfig ( TestBeanSelectionProvider . class , ""testBeans"" ) ) ; } } ; StrutsJavaConfigurationProvider provider = new StrutsJavaConfigurationProvider ( javaConfig ) ; Configuration configuration = new MockConfiguration ( ) ; provider . init ( configuration ) ; ContainerBuilder builder = new ContainerBuilder ( ) ; LocatableProperties props = new LocatableProperties ( ) ; provider . register ( builder , props ) ; <ASSERTION> ; assertNotNull ( configuration . getUnknownHandlerStack ( ) ) ; assertEquals ( 1 , configuration . getUnknownHandlerStack ( ) . size ( ) ) ; assertEquals ( expectedUnknownHandler , configuration . getUnknownHandlerStack ( ) . get ( 0 ) . getName ( ) ) ; Container container = builder . create ( true ) ; TestBean testBean = container . getInstance ( TestBean . class ) ; assertNotNull ( testBean ) ; testBean = container . getInstance ( TestBean . class , ""struts"" ) ; assertNotNull ( testBean ) ; Set < String > names = container . getInstanceNames ( TestBean . class ) ; assertTrue ( names . contains ( ""struts"" ) ) ; assertTrue ( names . contains ( ""struts.test.bean"" ) ) ; }","assertEquals ( String . valueOf ( constantConfig . getDevMode ( ) ) , props . get ( StrutsConstants . STRUTS_DEVMODE ) )"
1,0,"@ Override public void register ( ContainerBuilder builder , LocatableProperties props ) throws ConfigurationException { Map < String , Object > loadedBeans = new HashMap < > ( ) ; List < BeanConfig > beanConfigs = javaConfig . beans ( ) ; if ( beanConfigs != null ) { for ( BeanConfig bc : beanConfigs ) { if ( bc != null ) { registerBean ( loadedBeans , builder , bc ) ; } } } List < ConstantConfig > constantConfigList = javaConfig . constants ( ) ; if ( constantConfigList != null ) { for ( ConstantConfig constantConf : constantConfigList ) { if ( constantConf != null ) { Map < String , String > constantMap = constantConf . getAllAsStringsMap ( ) ; for ( Entry < String , String > entr : constantMap . entrySet ( ) ) { if ( entr . getKey ( ) != null && entr . getValue ( ) != null ) { registerConstant ( props , entr . getKey ( ) , entr . getValue ( ) ) ; } } } } } javaConfig . beanSelection ( ) . ifPresent ( beanSelectionConfig -> { try { LOG . debug ( ""Registering bean selection provider {} of type {}"" , beanSelectionConfig . getName ( ) , beanSelectionConfig . getClazz ( ) . getName ( ) ) ; BeanSelectionProvider provider = beanSelectionConfig . getClazz ( ) . newInstance ( ) ; provider . register ( builder , props ) ; } catch ( IllegalAccessException | InstantiationException e ) { throw new ConfigurationException ( ""Unable to load : name:"" + beanSelectionConfig . getName ( ) + "" class:"" + beanSelectionConfig . getClazz ( ) . getName ( ) ) ; } } ) ; List < String > unknownHandlers = javaConfig . unknownHandlerStack ( ) ; if ( unknownHandlers != null ) { List < UnknownHandlerConfig > unknownHandlerStack = new ArrayList < > ( ) ; for ( String unknownHandler : unknownHandlers ) { Location location = LocationUtils . getLocation ( unknownHandler ) ; unknownHandlerStack . add ( new UnknownHandlerConfig ( unknownHandler , location ) ) ; } if ( ! unknownHandlerStack . isEmpty ( ) ) { configuration . setUnknownHandlerStack ( unknownHandlerStack ) ; } } }","@ Test public void testRegister ( ) throws Exception { final ConstantConfig constantConfig = new ConstantConfig ( ) ; constantConfig . setDevMode ( true ) ; final String expectedUnknownHandler = ""expectedUnknownHandler"" ; StrutsJavaConfiguration javaConfig = new StrutsJavaConfiguration ( ) { @ Override public List < String > unknownHandlerStack ( ) { return Collections . singletonList ( expectedUnknownHandler ) ; } @ Override public List < ConstantConfig > constants ( ) { return Collections . singletonList ( constantConfig ) ; } @ Override public List < BeanConfig > beans ( ) { return Arrays . asList ( new BeanConfig ( TestBean . class , ""struts"" ) , new BeanConfig ( TestBean . class , ""struts.static"" , TestBean . class , Scope . PROTOTYPE , true , true ) , new BeanConfig ( TestBean . class , ""struts.test.bean"" , TestBean . class ) ) ; } @ Override public Optional < BeanSelectionConfig > beanSelection ( ) { return Optional . of ( new BeanSelectionConfig ( TestBeanSelectionProvider . class , ""testBeans"" ) ) ; } } ; StrutsJavaConfigurationProvider provider = new StrutsJavaConfigurationProvider ( javaConfig ) ; Configuration configuration = new MockConfiguration ( ) ; provider . init ( configuration ) ; ContainerBuilder builder = new ContainerBuilder ( ) ; LocatableProperties props = new LocatableProperties ( ) ; provider . register ( builder , props ) ; assertEquals ( String . valueOf ( constantConfig . getDevMode ( ) ) , props . get ( StrutsConstants . STRUTS_DEVMODE ) ) ; <ASSERTION> ; assertEquals ( 1 , configuration . getUnknownHandlerStack ( ) . size ( ) ) ; assertEquals ( expectedUnknownHandler , configuration . getUnknownHandlerStack ( ) . get ( 0 ) . getName ( ) ) ; Container container = builder . create ( true ) ; TestBean testBean = container . getInstance ( TestBean . class ) ; assertNotNull ( testBean ) ; testBean = container . getInstance ( TestBean . class , ""struts"" ) ; assertNotNull ( testBean ) ; Set < String > names = container . getInstanceNames ( TestBean . class ) ; assertTrue ( names . contains ( ""struts"" ) ) ; assertTrue ( names . contains ( ""struts.test.bean"" ) ) ; }",assertNotNull ( configuration . getUnknownHandlerStack ( ) )
2,0,"@ Override public void register ( ContainerBuilder builder , LocatableProperties props ) throws ConfigurationException { Map < String , Object > loadedBeans = new HashMap < > ( ) ; List < BeanConfig > beanConfigs = javaConfig . beans ( ) ; if ( beanConfigs != null ) { for ( BeanConfig bc : beanConfigs ) { if ( bc != null ) { registerBean ( loadedBeans , builder , bc ) ; } } } List < ConstantConfig > constantConfigList = javaConfig . constants ( ) ; if ( constantConfigList != null ) { for ( ConstantConfig constantConf : constantConfigList ) { if ( constantConf != null ) { Map < String , String > constantMap = constantConf . getAllAsStringsMap ( ) ; for ( Entry < String , String > entr : constantMap . entrySet ( ) ) { if ( entr . getKey ( ) != null && entr . getValue ( ) != null ) { registerConstant ( props , entr . getKey ( ) , entr . getValue ( ) ) ; } } } } } javaConfig . beanSelection ( ) . ifPresent ( beanSelectionConfig -> { try { LOG . debug ( ""Registering bean selection provider {} of type {}"" , beanSelectionConfig . getName ( ) , beanSelectionConfig . getClazz ( ) . getName ( ) ) ; BeanSelectionProvider provider = beanSelectionConfig . getClazz ( ) . newInstance ( ) ; provider . register ( builder , props ) ; } catch ( IllegalAccessException | InstantiationException e ) { throw new ConfigurationException ( ""Unable to load : name:"" + beanSelectionConfig . getName ( ) + "" class:"" + beanSelectionConfig . getClazz ( ) . getName ( ) ) ; } } ) ; List < String > unknownHandlers = javaConfig . unknownHandlerStack ( ) ; if ( unknownHandlers != null ) { List < UnknownHandlerConfig > unknownHandlerStack = new ArrayList < > ( ) ; for ( String unknownHandler : unknownHandlers ) { Location location = LocationUtils . getLocation ( unknownHandler ) ; unknownHandlerStack . add ( new UnknownHandlerConfig ( unknownHandler , location ) ) ; } if ( ! unknownHandlerStack . isEmpty ( ) ) { configuration . setUnknownHandlerStack ( unknownHandlerStack ) ; } } }","@ Test public void testRegister ( ) throws Exception { final ConstantConfig constantConfig = new ConstantConfig ( ) ; constantConfig . setDevMode ( true ) ; final String expectedUnknownHandler = ""expectedUnknownHandler"" ; StrutsJavaConfiguration javaConfig = new StrutsJavaConfiguration ( ) { @ Override public List < String > unknownHandlerStack ( ) { return Collections . singletonList ( expectedUnknownHandler ) ; } @ Override public List < ConstantConfig > constants ( ) { return Collections . singletonList ( constantConfig ) ; } @ Override public List < BeanConfig > beans ( ) { return Arrays . asList ( new BeanConfig ( TestBean . class , ""struts"" ) , new BeanConfig ( TestBean . class , ""struts.static"" , TestBean . class , Scope . PROTOTYPE , true , true ) , new BeanConfig ( TestBean . class , ""struts.test.bean"" , TestBean . class ) ) ; } @ Override public Optional < BeanSelectionConfig > beanSelection ( ) { return Optional . of ( new BeanSelectionConfig ( TestBeanSelectionProvider . class , ""testBeans"" ) ) ; } } ; StrutsJavaConfigurationProvider provider = new StrutsJavaConfigurationProvider ( javaConfig ) ; Configuration configuration = new MockConfiguration ( ) ; provider . init ( configuration ) ; ContainerBuilder builder = new ContainerBuilder ( ) ; LocatableProperties props = new LocatableProperties ( ) ; provider . register ( builder , props ) ; assertEquals ( String . valueOf ( constantConfig . getDevMode ( ) ) , props . get ( StrutsConstants . STRUTS_DEVMODE ) ) ; assertNotNull ( configuration . getUnknownHandlerStack ( ) ) ; <ASSERTION> ; assertEquals ( expectedUnknownHandler , configuration . getUnknownHandlerStack ( ) . get ( 0 ) . getName ( ) ) ; Container container = builder . create ( true ) ; TestBean testBean = container . getInstance ( TestBean . class ) ; assertNotNull ( testBean ) ; testBean = container . getInstance ( TestBean . class , ""struts"" ) ; assertNotNull ( testBean ) ; Set < String > names = container . getInstanceNames ( TestBean . class ) ; assertTrue ( names . contains ( ""struts"" ) ) ; assertTrue ( names . contains ( ""struts.test.bean"" ) ) ; }","assertEquals ( 1 , configuration . getUnknownHandlerStack ( ) . size ( ) )"
3,0,"@ Override public void register ( ContainerBuilder builder , LocatableProperties props ) throws ConfigurationException { Map < String , Object > loadedBeans = new HashMap < > ( ) ; List < BeanConfig > beanConfigs = javaConfig . beans ( ) ; if ( beanConfigs != null ) { for ( BeanConfig bc : beanConfigs ) { if ( bc != null ) { registerBean ( loadedBeans , builder , bc ) ; } } } List < ConstantConfig > constantConfigList = javaConfig . constants ( ) ; if ( constantConfigList != null ) { for ( ConstantConfig constantConf : constantConfigList ) { if ( constantConf != null ) { Map < String , String > constantMap = constantConf . getAllAsStringsMap ( ) ; for ( Entry < String , String > entr : constantMap . entrySet ( ) ) { if ( entr . getKey ( ) != null && entr . getValue ( ) != null ) { registerConstant ( props , entr . getKey ( ) , entr . getValue ( ) ) ; } } } } } javaConfig . beanSelection ( ) . ifPresent ( beanSelectionConfig -> { try { LOG . debug ( ""Registering bean selection provider {} of type {}"" , beanSelectionConfig . getName ( ) , beanSelectionConfig . getClazz ( ) . getName ( ) ) ; BeanSelectionProvider provider = beanSelectionConfig . getClazz ( ) . newInstance ( ) ; provider . register ( builder , props ) ; } catch ( IllegalAccessException | InstantiationException e ) { throw new ConfigurationException ( ""Unable to load : name:"" + beanSelectionConfig . getName ( ) + "" class:"" + beanSelectionConfig . getClazz ( ) . getName ( ) ) ; } } ) ; List < String > unknownHandlers = javaConfig . unknownHandlerStack ( ) ; if ( unknownHandlers != null ) { List < UnknownHandlerConfig > unknownHandlerStack = new ArrayList < > ( ) ; for ( String unknownHandler : unknownHandlers ) { Location location = LocationUtils . getLocation ( unknownHandler ) ; unknownHandlerStack . add ( new UnknownHandlerConfig ( unknownHandler , location ) ) ; } if ( ! unknownHandlerStack . isEmpty ( ) ) { configuration . setUnknownHandlerStack ( unknownHandlerStack ) ; } } }","@ Test public void testRegister ( ) throws Exception { final ConstantConfig constantConfig = new ConstantConfig ( ) ; constantConfig . setDevMode ( true ) ; final String expectedUnknownHandler = ""expectedUnknownHandler"" ; StrutsJavaConfiguration javaConfig = new StrutsJavaConfiguration ( ) { @ Override public List < String > unknownHandlerStack ( ) { return Collections . singletonList ( expectedUnknownHandler ) ; } @ Override public List < ConstantConfig > constants ( ) { return Collections . singletonList ( constantConfig ) ; } @ Override public List < BeanConfig > beans ( ) { return Arrays . asList ( new BeanConfig ( TestBean . class , ""struts"" ) , new BeanConfig ( TestBean . class , ""struts.static"" , TestBean . class , Scope . PROTOTYPE , true , true ) , new BeanConfig ( TestBean . class , ""struts.test.bean"" , TestBean . class ) ) ; } @ Override public Optional < BeanSelectionConfig > beanSelection ( ) { return Optional . of ( new BeanSelectionConfig ( TestBeanSelectionProvider . class , ""testBeans"" ) ) ; } } ; StrutsJavaConfigurationProvider provider = new StrutsJavaConfigurationProvider ( javaConfig ) ; Configuration configuration = new MockConfiguration ( ) ; provider . init ( configuration ) ; ContainerBuilder builder = new ContainerBuilder ( ) ; LocatableProperties props = new LocatableProperties ( ) ; provider . register ( builder , props ) ; assertEquals ( String . valueOf ( constantConfig . getDevMode ( ) ) , props . get ( StrutsConstants . STRUTS_DEVMODE ) ) ; assertNotNull ( configuration . getUnknownHandlerStack ( ) ) ; assertEquals ( 1 , configuration . getUnknownHandlerStack ( ) . size ( ) ) ; <ASSERTION> ; Container container = builder . create ( true ) ; TestBean testBean = container . getInstance ( TestBean . class ) ; assertNotNull ( testBean ) ; testBean = container . getInstance ( TestBean . class , ""struts"" ) ; assertNotNull ( testBean ) ; Set < String > names = container . getInstanceNames ( TestBean . class ) ; assertTrue ( names . contains ( ""struts"" ) ) ; assertTrue ( names . contains ( ""struts.test.bean"" ) ) ; }","assertEquals ( expectedUnknownHandler , configuration . getUnknownHandlerStack ( ) . get ( 0 ) . getName ( ) )"
4,0,"@ Override public void register ( ContainerBuilder builder , LocatableProperties props ) throws ConfigurationException { Map < String , Object > loadedBeans = new HashMap < > ( ) ; List < BeanConfig > beanConfigs = javaConfig . beans ( ) ; if ( beanConfigs != null ) { for ( BeanConfig bc : beanConfigs ) { if ( bc != null ) { registerBean ( loadedBeans , builder , bc ) ; } } } List < ConstantConfig > constantConfigList = javaConfig . constants ( ) ; if ( constantConfigList != null ) { for ( ConstantConfig constantConf : constantConfigList ) { if ( constantConf != null ) { Map < String , String > constantMap = constantConf . getAllAsStringsMap ( ) ; for ( Entry < String , String > entr : constantMap . entrySet ( ) ) { if ( entr . getKey ( ) != null && entr . getValue ( ) != null ) { registerConstant ( props , entr . getKey ( ) , entr . getValue ( ) ) ; } } } } } javaConfig . beanSelection ( ) . ifPresent ( beanSelectionConfig -> { try { LOG . debug ( ""Registering bean selection provider {} of type {}"" , beanSelectionConfig . getName ( ) , beanSelectionConfig . getClazz ( ) . getName ( ) ) ; BeanSelectionProvider provider = beanSelectionConfig . getClazz ( ) . newInstance ( ) ; provider . register ( builder , props ) ; } catch ( IllegalAccessException | InstantiationException e ) { throw new ConfigurationException ( ""Unable to load : name:"" + beanSelectionConfig . getName ( ) + "" class:"" + beanSelectionConfig . getClazz ( ) . getName ( ) ) ; } } ) ; List < String > unknownHandlers = javaConfig . unknownHandlerStack ( ) ; if ( unknownHandlers != null ) { List < UnknownHandlerConfig > unknownHandlerStack = new ArrayList < > ( ) ; for ( String unknownHandler : unknownHandlers ) { Location location = LocationUtils . getLocation ( unknownHandler ) ; unknownHandlerStack . add ( new UnknownHandlerConfig ( unknownHandler , location ) ) ; } if ( ! unknownHandlerStack . isEmpty ( ) ) { configuration . setUnknownHandlerStack ( unknownHandlerStack ) ; } } }","@ Test public void testRegister ( ) throws Exception { final ConstantConfig constantConfig = new ConstantConfig ( ) ; constantConfig . setDevMode ( true ) ; final String expectedUnknownHandler = ""expectedUnknownHandler"" ; StrutsJavaConfiguration javaConfig = new StrutsJavaConfiguration ( ) { @ Override public List < String > unknownHandlerStack ( ) { return Collections . singletonList ( expectedUnknownHandler ) ; } @ Override public List < ConstantConfig > constants ( ) { return Collections . singletonList ( constantConfig ) ; } @ Override public List < BeanConfig > beans ( ) { return Arrays . asList ( new BeanConfig ( TestBean . class , ""struts"" ) , new BeanConfig ( TestBean . class , ""struts.static"" , TestBean . class , Scope . PROTOTYPE , true , true ) , new BeanConfig ( TestBean . class , ""struts.test.bean"" , TestBean . class ) ) ; } @ Override public Optional < BeanSelectionConfig > beanSelection ( ) { return Optional . of ( new BeanSelectionConfig ( TestBeanSelectionProvider . class , ""testBeans"" ) ) ; } } ; StrutsJavaConfigurationProvider provider = new StrutsJavaConfigurationProvider ( javaConfig ) ; Configuration configuration = new MockConfiguration ( ) ; provider . init ( configuration ) ; ContainerBuilder builder = new ContainerBuilder ( ) ; LocatableProperties props = new LocatableProperties ( ) ; provider . register ( builder , props ) ; assertEquals ( String . valueOf ( constantConfig . getDevMode ( ) ) , props . get ( StrutsConstants . STRUTS_DEVMODE ) ) ; assertNotNull ( configuration . getUnknownHandlerStack ( ) ) ; assertEquals ( 1 , configuration . getUnknownHandlerStack ( ) . size ( ) ) ; assertEquals ( expectedUnknownHandler , configuration . getUnknownHandlerStack ( ) . get ( 0 ) . getName ( ) ) ; Container container = builder . create ( true ) ; TestBean testBean = container . getInstance ( TestBean . class ) ; <ASSERTION> ; testBean = container . getInstance ( TestBean . class , ""struts"" ) ; assertNotNull ( testBean ) ; Set < String > names = container . getInstanceNames ( TestBean . class ) ; assertTrue ( names . contains ( ""struts"" ) ) ; assertTrue ( names . contains ( ""struts.test.bean"" ) ) ; }",assertNotNull ( testBean )
5,0,"@ Override public void register ( ContainerBuilder builder , LocatableProperties props ) throws ConfigurationException { Map < String , Object > loadedBeans = new HashMap < > ( ) ; List < BeanConfig > beanConfigs = javaConfig . beans ( ) ; if ( beanConfigs != null ) { for ( BeanConfig bc : beanConfigs ) { if ( bc != null ) { registerBean ( loadedBeans , builder , bc ) ; } } } List < ConstantConfig > constantConfigList = javaConfig . constants ( ) ; if ( constantConfigList != null ) { for ( ConstantConfig constantConf : constantConfigList ) { if ( constantConf != null ) { Map < String , String > constantMap = constantConf . getAllAsStringsMap ( ) ; for ( Entry < String , String > entr : constantMap . entrySet ( ) ) { if ( entr . getKey ( ) != null && entr . getValue ( ) != null ) { registerConstant ( props , entr . getKey ( ) , entr . getValue ( ) ) ; } } } } } javaConfig . beanSelection ( ) . ifPresent ( beanSelectionConfig -> { try { LOG . debug ( ""Registering bean selection provider {} of type {}"" , beanSelectionConfig . getName ( ) , beanSelectionConfig . getClazz ( ) . getName ( ) ) ; BeanSelectionProvider provider = beanSelectionConfig . getClazz ( ) . newInstance ( ) ; provider . register ( builder , props ) ; } catch ( IllegalAccessException | InstantiationException e ) { throw new ConfigurationException ( ""Unable to load : name:"" + beanSelectionConfig . getName ( ) + "" class:"" + beanSelectionConfig . getClazz ( ) . getName ( ) ) ; } } ) ; List < String > unknownHandlers = javaConfig . unknownHandlerStack ( ) ; if ( unknownHandlers != null ) { List < UnknownHandlerConfig > unknownHandlerStack = new ArrayList < > ( ) ; for ( String unknownHandler : unknownHandlers ) { Location location = LocationUtils . getLocation ( unknownHandler ) ; unknownHandlerStack . add ( new UnknownHandlerConfig ( unknownHandler , location ) ) ; } if ( ! unknownHandlerStack . isEmpty ( ) ) { configuration . setUnknownHandlerStack ( unknownHandlerStack ) ; } } }","@ Test public void testRegister ( ) throws Exception { final ConstantConfig constantConfig = new ConstantConfig ( ) ; constantConfig . setDevMode ( true ) ; final String expectedUnknownHandler = ""expectedUnknownHandler"" ; StrutsJavaConfiguration javaConfig = new StrutsJavaConfiguration ( ) { @ Override public List < String > unknownHandlerStack ( ) { return Collections . singletonList ( expectedUnknownHandler ) ; } @ Override public List < ConstantConfig > constants ( ) { return Collections . singletonList ( constantConfig ) ; } @ Override public List < BeanConfig > beans ( ) { return Arrays . asList ( new BeanConfig ( TestBean . class , ""struts"" ) , new BeanConfig ( TestBean . class , ""struts.static"" , TestBean . class , Scope . PROTOTYPE , true , true ) , new BeanConfig ( TestBean . class , ""struts.test.bean"" , TestBean . class ) ) ; } @ Override public Optional < BeanSelectionConfig > beanSelection ( ) { return Optional . of ( new BeanSelectionConfig ( TestBeanSelectionProvider . class , ""testBeans"" ) ) ; } } ; StrutsJavaConfigurationProvider provider = new StrutsJavaConfigurationProvider ( javaConfig ) ; Configuration configuration = new MockConfiguration ( ) ; provider . init ( configuration ) ; ContainerBuilder builder = new ContainerBuilder ( ) ; LocatableProperties props = new LocatableProperties ( ) ; provider . register ( builder , props ) ; assertEquals ( String . valueOf ( constantConfig . getDevMode ( ) ) , props . get ( StrutsConstants . STRUTS_DEVMODE ) ) ; assertNotNull ( configuration . getUnknownHandlerStack ( ) ) ; assertEquals ( 1 , configuration . getUnknownHandlerStack ( ) . size ( ) ) ; assertEquals ( expectedUnknownHandler , configuration . getUnknownHandlerStack ( ) . get ( 0 ) . getName ( ) ) ; Container container = builder . create ( true ) ; TestBean testBean = container . getInstance ( TestBean . class ) ; assertNotNull ( testBean ) ; testBean = container . getInstance ( TestBean . class , ""struts"" ) ; <ASSERTION> ; Set < String > names = container . getInstanceNames ( TestBean . class ) ; assertTrue ( names . contains ( ""struts"" ) ) ; assertTrue ( names . contains ( ""struts.test.bean"" ) ) ; }",assertNotNull ( testBean )
6,0,"@ Override public void register ( ContainerBuilder builder , LocatableProperties props ) throws ConfigurationException { Map < String , Object > loadedBeans = new HashMap < > ( ) ; List < BeanConfig > beanConfigs = javaConfig . beans ( ) ; if ( beanConfigs != null ) { for ( BeanConfig bc : beanConfigs ) { if ( bc != null ) { registerBean ( loadedBeans , builder , bc ) ; } } } List < ConstantConfig > constantConfigList = javaConfig . constants ( ) ; if ( constantConfigList != null ) { for ( ConstantConfig constantConf : constantConfigList ) { if ( constantConf != null ) { Map < String , String > constantMap = constantConf . getAllAsStringsMap ( ) ; for ( Entry < String , String > entr : constantMap . entrySet ( ) ) { if ( entr . getKey ( ) != null && entr . getValue ( ) != null ) { registerConstant ( props , entr . getKey ( ) , entr . getValue ( ) ) ; } } } } } javaConfig . beanSelection ( ) . ifPresent ( beanSelectionConfig -> { try { LOG . debug ( ""Registering bean selection provider {} of type {}"" , beanSelectionConfig . getName ( ) , beanSelectionConfig . getClazz ( ) . getName ( ) ) ; BeanSelectionProvider provider = beanSelectionConfig . getClazz ( ) . newInstance ( ) ; provider . register ( builder , props ) ; } catch ( IllegalAccessException | InstantiationException e ) { throw new ConfigurationException ( ""Unable to load : name:"" + beanSelectionConfig . getName ( ) + "" class:"" + beanSelectionConfig . getClazz ( ) . getName ( ) ) ; } } ) ; List < String > unknownHandlers = javaConfig . unknownHandlerStack ( ) ; if ( unknownHandlers != null ) { List < UnknownHandlerConfig > unknownHandlerStack = new ArrayList < > ( ) ; for ( String unknownHandler : unknownHandlers ) { Location location = LocationUtils . getLocation ( unknownHandler ) ; unknownHandlerStack . add ( new UnknownHandlerConfig ( unknownHandler , location ) ) ; } if ( ! unknownHandlerStack . isEmpty ( ) ) { configuration . setUnknownHandlerStack ( unknownHandlerStack ) ; } } }","@ Test public void testRegister ( ) throws Exception { final ConstantConfig constantConfig = new ConstantConfig ( ) ; constantConfig . setDevMode ( true ) ; final String expectedUnknownHandler = ""expectedUnknownHandler"" ; StrutsJavaConfiguration javaConfig = new StrutsJavaConfiguration ( ) { @ Override public List < String > unknownHandlerStack ( ) { return Collections . singletonList ( expectedUnknownHandler ) ; } @ Override public List < ConstantConfig > constants ( ) { return Collections . singletonList ( constantConfig ) ; } @ Override public List < BeanConfig > beans ( ) { return Arrays . asList ( new BeanConfig ( TestBean . class , ""struts"" ) , new BeanConfig ( TestBean . class , ""struts.static"" , TestBean . class , Scope . PROTOTYPE , true , true ) , new BeanConfig ( TestBean . class , ""struts.test.bean"" , TestBean . class ) ) ; } @ Override public Optional < BeanSelectionConfig > beanSelection ( ) { return Optional . of ( new BeanSelectionConfig ( TestBeanSelectionProvider . class , ""testBeans"" ) ) ; } } ; StrutsJavaConfigurationProvider provider = new StrutsJavaConfigurationProvider ( javaConfig ) ; Configuration configuration = new MockConfiguration ( ) ; provider . init ( configuration ) ; ContainerBuilder builder = new ContainerBuilder ( ) ; LocatableProperties props = new LocatableProperties ( ) ; provider . register ( builder , props ) ; assertEquals ( String . valueOf ( constantConfig . getDevMode ( ) ) , props . get ( StrutsConstants . STRUTS_DEVMODE ) ) ; assertNotNull ( configuration . getUnknownHandlerStack ( ) ) ; assertEquals ( 1 , configuration . getUnknownHandlerStack ( ) . size ( ) ) ; assertEquals ( expectedUnknownHandler , configuration . getUnknownHandlerStack ( ) . get ( 0 ) . getName ( ) ) ; Container container = builder . create ( true ) ; TestBean testBean = container . getInstance ( TestBean . class ) ; assertNotNull ( testBean ) ; testBean = container . getInstance ( TestBean . class , ""struts"" ) ; assertNotNull ( testBean ) ; Set < String > names = container . getInstanceNames ( TestBean . class ) ; <ASSERTION> ; assertTrue ( names . contains ( ""struts.test.bean"" ) ) ; }","assertTrue ( names . contains ( ""struts"" ) )"
7,0,"@ Override public void register ( ContainerBuilder builder , LocatableProperties props ) throws ConfigurationException { Map < String , Object > loadedBeans = new HashMap < > ( ) ; List < BeanConfig > beanConfigs = javaConfig . beans ( ) ; if ( beanConfigs != null ) { for ( BeanConfig bc : beanConfigs ) { if ( bc != null ) { registerBean ( loadedBeans , builder , bc ) ; } } } List < ConstantConfig > constantConfigList = javaConfig . constants ( ) ; if ( constantConfigList != null ) { for ( ConstantConfig constantConf : constantConfigList ) { if ( constantConf != null ) { Map < String , String > constantMap = constantConf . getAllAsStringsMap ( ) ; for ( Entry < String , String > entr : constantMap . entrySet ( ) ) { if ( entr . getKey ( ) != null && entr . getValue ( ) != null ) { registerConstant ( props , entr . getKey ( ) , entr . getValue ( ) ) ; } } } } } javaConfig . beanSelection ( ) . ifPresent ( beanSelectionConfig -> { try { LOG . debug ( ""Registering bean selection provider {} of type {}"" , beanSelectionConfig . getName ( ) , beanSelectionConfig . getClazz ( ) . getName ( ) ) ; BeanSelectionProvider provider = beanSelectionConfig . getClazz ( ) . newInstance ( ) ; provider . register ( builder , props ) ; } catch ( IllegalAccessException | InstantiationException e ) { throw new ConfigurationException ( ""Unable to load : name:"" + beanSelectionConfig . getName ( ) + "" class:"" + beanSelectionConfig . getClazz ( ) . getName ( ) ) ; } } ) ; List < String > unknownHandlers = javaConfig . unknownHandlerStack ( ) ; if ( unknownHandlers != null ) { List < UnknownHandlerConfig > unknownHandlerStack = new ArrayList < > ( ) ; for ( String unknownHandler : unknownHandlers ) { Location location = LocationUtils . getLocation ( unknownHandler ) ; unknownHandlerStack . add ( new UnknownHandlerConfig ( unknownHandler , location ) ) ; } if ( ! unknownHandlerStack . isEmpty ( ) ) { configuration . setUnknownHandlerStack ( unknownHandlerStack ) ; } } }","@ Test public void testRegister ( ) throws Exception { final ConstantConfig constantConfig = new ConstantConfig ( ) ; constantConfig . setDevMode ( true ) ; final String expectedUnknownHandler = ""expectedUnknownHandler"" ; StrutsJavaConfiguration javaConfig = new StrutsJavaConfiguration ( ) { @ Override public List < String > unknownHandlerStack ( ) { return Collections . singletonList ( expectedUnknownHandler ) ; } @ Override public List < ConstantConfig > constants ( ) { return Collections . singletonList ( constantConfig ) ; } @ Override public List < BeanConfig > beans ( ) { return Arrays . asList ( new BeanConfig ( TestBean . class , ""struts"" ) , new BeanConfig ( TestBean . class , ""struts.static"" , TestBean . class , Scope . PROTOTYPE , true , true ) , new BeanConfig ( TestBean . class , ""struts.test.bean"" , TestBean . class ) ) ; } @ Override public Optional < BeanSelectionConfig > beanSelection ( ) { return Optional . of ( new BeanSelectionConfig ( TestBeanSelectionProvider . class , ""testBeans"" ) ) ; } } ; StrutsJavaConfigurationProvider provider = new StrutsJavaConfigurationProvider ( javaConfig ) ; Configuration configuration = new MockConfiguration ( ) ; provider . init ( configuration ) ; ContainerBuilder builder = new ContainerBuilder ( ) ; LocatableProperties props = new LocatableProperties ( ) ; provider . register ( builder , props ) ; assertEquals ( String . valueOf ( constantConfig . getDevMode ( ) ) , props . get ( StrutsConstants . STRUTS_DEVMODE ) ) ; assertNotNull ( configuration . getUnknownHandlerStack ( ) ) ; assertEquals ( 1 , configuration . getUnknownHandlerStack ( ) . size ( ) ) ; assertEquals ( expectedUnknownHandler , configuration . getUnknownHandlerStack ( ) . get ( 0 ) . getName ( ) ) ; Container container = builder . create ( true ) ; TestBean testBean = container . getInstance ( TestBean . class ) ; assertNotNull ( testBean ) ; testBean = container . getInstance ( TestBean . class , ""struts"" ) ; assertNotNull ( testBean ) ; Set < String > names = container . getInstanceNames ( TestBean . class ) ; assertTrue ( names . contains ( ""struts"" ) ) ; <ASSERTION> ; }","assertTrue ( names . contains ( ""struts.test.bean"" ) )"
8,0,public Object read ( String string ) throws JSONException { this . it = new StringCharacterIterator ( string ) ; this . c = this . it . first ( ) ; return this . read ( ) ; },"@ Test public void testDecimalNumber ( ) throws Exception { Object ret = reader . read ( ""3.2"" ) ; <ASSERTION> ; assertEquals ( Double . class , ret . getClass ( ) ) ; assertEquals ( 3.2 , ret ) ; }",assertNotNull ( ret )
9,0,public Object read ( String string ) throws JSONException { this . it = new StringCharacterIterator ( string ) ; this . c = this . it . first ( ) ; return this . read ( ) ; },"@ Test public void testDecimalNumber ( ) throws Exception { Object ret = reader . read ( ""3.2"" ) ; assertNotNull ( ret ) ; <ASSERTION> ; assertEquals ( 3.2 , ret ) ; }","assertEquals ( Double . class , ret . getClass ( ) )"
10,0,public Object read ( String string ) throws JSONException { this . it = new StringCharacterIterator ( string ) ; this . c = this . it . first ( ) ; return this . read ( ) ; },"@ Test public void testDecimalNumber ( ) throws Exception { Object ret = reader . read ( ""3.2"" ) ; assertNotNull ( ret ) ; assertEquals ( Double . class , ret . getClass ( ) ) ; <ASSERTION> ; }","assertEquals ( 3.2 , ret )"
11,0,"public TilesDefinition findAnnotation ( Object action , String tileName ) { Class < ? > clazz = action . getClass ( ) ; TilesDefinition tilesDefinition = clazz . getAnnotation ( TilesDefinition . class ) ; TilesDefinitions tilesDefinitions = clazz . getAnnotation ( TilesDefinitions . class ) ; if ( tilesDefinition == null && tilesDefinitions != null ) { if ( ! StringUtils . isEmpty ( tileName ) ) { for ( TilesDefinition i : tilesDefinitions . value ( ) ) { if ( i . name ( ) . equals ( tileName ) ) { tilesDefinition = i ; break ; } } } else { if ( tilesDefinitions . value ( ) . length > 0 ) { tilesDefinition = tilesDefinitions . value ( ) [ 0 ] ; } } } return tilesDefinition ; }","@ Test public void findAnnotationMultipleActionNotFound ( ) { StrutsTilesAnnotationProcessor annotationProcessor = new StrutsTilesAnnotationProcessor ( ) ; TilesDefinition tilesDefinition = annotationProcessor . findAnnotation ( new TilesTestActionMultipleAnnotations ( ) , ""def3"" ) ; <ASSERTION> ; }",assertNull ( tilesDefinition )
12,0,"public TilesDefinition findAnnotation ( Object action , String tileName ) { Class < ? > clazz = action . getClass ( ) ; TilesDefinition tilesDefinition = clazz . getAnnotation ( TilesDefinition . class ) ; TilesDefinitions tilesDefinitions = clazz . getAnnotation ( TilesDefinitions . class ) ; if ( tilesDefinition == null && tilesDefinitions != null ) { if ( ! StringUtils . isEmpty ( tileName ) ) { for ( TilesDefinition i : tilesDefinitions . value ( ) ) { if ( i . name ( ) . equals ( tileName ) ) { tilesDefinition = i ; break ; } } } else { if ( tilesDefinitions . value ( ) . length > 0 ) { tilesDefinition = tilesDefinitions . value ( ) [ 0 ] ; } } } return tilesDefinition ; }","@ Test public void findAnnotationMultipleActionNameNull ( ) { StrutsTilesAnnotationProcessor annotationProcessor = new StrutsTilesAnnotationProcessor ( ) ; TilesDefinition tilesDefinition = annotationProcessor . findAnnotation ( new TilesTestActionMultipleAnnotations ( ) , null ) ; <ASSERTION> ; assertEquals ( ""def1"" , tilesDefinition . name ( ) ) ; }",assertNotNull ( tilesDefinition )
13,0,"public TilesDefinition findAnnotation ( Object action , String tileName ) { Class < ? > clazz = action . getClass ( ) ; TilesDefinition tilesDefinition = clazz . getAnnotation ( TilesDefinition . class ) ; TilesDefinitions tilesDefinitions = clazz . getAnnotation ( TilesDefinitions . class ) ; if ( tilesDefinition == null && tilesDefinitions != null ) { if ( ! StringUtils . isEmpty ( tileName ) ) { for ( TilesDefinition i : tilesDefinitions . value ( ) ) { if ( i . name ( ) . equals ( tileName ) ) { tilesDefinition = i ; break ; } } } else { if ( tilesDefinitions . value ( ) . length > 0 ) { tilesDefinition = tilesDefinitions . value ( ) [ 0 ] ; } } } return tilesDefinition ; }","@ Test public void findAnnotationMultipleActionNameNull ( ) { StrutsTilesAnnotationProcessor annotationProcessor = new StrutsTilesAnnotationProcessor ( ) ; TilesDefinition tilesDefinition = annotationProcessor . findAnnotation ( new TilesTestActionMultipleAnnotations ( ) , null ) ; assertNotNull ( tilesDefinition ) ; <ASSERTION> ; }","assertEquals ( ""def1"" , tilesDefinition . name ( ) )"
14,0,public Object read ( String string ) throws JSONException { this . it = new StringCharacterIterator ( string ) ; this . c = this . it . first ( ) ; return this . read ( ) ; },"@ Test public void testExponentialNumber2 ( ) throws Exception { Object ret = reader . read ( ""123.4e10"" ) ; <ASSERTION> ; assertEquals ( Double . class , ret . getClass ( ) ) ; assertEquals ( 123.4e10 , ret ) ; }",assertNotNull ( ret )
15,0,public Object read ( String string ) throws JSONException { this . it = new StringCharacterIterator ( string ) ; this . c = this . it . first ( ) ; return this . read ( ) ; },"@ Test public void testExponentialNumber2 ( ) throws Exception { Object ret = reader . read ( ""123.4e10"" ) ; assertNotNull ( ret ) ; <ASSERTION> ; assertEquals ( 123.4e10 , ret ) ; }","assertEquals ( Double . class , ret . getClass ( ) )"
16,0,public Object read ( String string ) throws JSONException { this . it = new StringCharacterIterator ( string ) ; this . c = this . it . first ( ) ; return this . read ( ) ; },"@ Test public void testExponentialNumber2 ( ) throws Exception { Object ret = reader . read ( ""123.4e10"" ) ; assertNotNull ( ret ) ; assertEquals ( Double . class , ret . getClass ( ) ) ; <ASSERTION> ; }","assertEquals ( 123.4e10 , ret )"
17,0,"public void validate ( Object object ) throws ValidationException { String fieldName = getFieldName ( ) ; Object value = this . getFieldValue ( fieldName , object ) ; if ( value == null ) { addFieldError ( fieldName , object ) ; } else if ( value . getClass ( ) . isArray ( ) && Array . getLength ( value ) == 0 ) { addFieldError ( fieldName , object ) ; } else if ( Collection . class . isAssignableFrom ( value . getClass ( ) ) && ( ( Collection ) value ) . size ( ) == 0 ) { addFieldError ( fieldName , object ) ; } }","@ Test public void testArrayObject ( ) throws Exception { RequiredFieldValidator rfv = container . inject ( RequiredFieldValidator . class ) ; rfv . setValueStack ( ActionContext . getContext ( ) . getValueStack ( ) ) ; rfv . setFieldName ( ""ints"" ) ; rfv . setDefaultMessage ( ""${fieldName} field is required!"" ) ; ValidationAction action = new ValidationAction ( ) ; action . setInts ( new Integer [ ] { } ) ; DummyValidatorContext context = new DummyValidatorContext ( action , container . getInstance ( TextProviderFactory . class ) ) ; rfv . setValidatorContext ( context ) ; rfv . validate ( action ) ; <ASSERTION> ; assertEquals ( 1 , context . getFieldErrors ( ) . size ( ) ) ; assertNotNull ( context . getFieldErrors ( ) . get ( ""ints"" ) ) ; assertEquals ( ""ints field is required!"" , context . getFieldErrors ( ) . get ( ""ints"" ) . get ( 0 ) ) ; }",assertTrue ( context . hasFieldErrors ( ) )
18,0,"public void validate ( Object object ) throws ValidationException { String fieldName = getFieldName ( ) ; Object value = this . getFieldValue ( fieldName , object ) ; if ( value == null ) { addFieldError ( fieldName , object ) ; } else if ( value . getClass ( ) . isArray ( ) && Array . getLength ( value ) == 0 ) { addFieldError ( fieldName , object ) ; } else if ( Collection . class . isAssignableFrom ( value . getClass ( ) ) && ( ( Collection ) value ) . size ( ) == 0 ) { addFieldError ( fieldName , object ) ; } }","@ Test public void testArrayObject ( ) throws Exception { RequiredFieldValidator rfv = container . inject ( RequiredFieldValidator . class ) ; rfv . setValueStack ( ActionContext . getContext ( ) . getValueStack ( ) ) ; rfv . setFieldName ( ""ints"" ) ; rfv . setDefaultMessage ( ""${fieldName} field is required!"" ) ; ValidationAction action = new ValidationAction ( ) ; action . setInts ( new Integer [ ] { } ) ; DummyValidatorContext context = new DummyValidatorContext ( action , container . getInstance ( TextProviderFactory . class ) ) ; rfv . setValidatorContext ( context ) ; rfv . validate ( action ) ; assertTrue ( context . hasFieldErrors ( ) ) ; <ASSERTION> ; assertNotNull ( context . getFieldErrors ( ) . get ( ""ints"" ) ) ; assertEquals ( ""ints field is required!"" , context . getFieldErrors ( ) . get ( ""ints"" ) . get ( 0 ) ) ; }","assertEquals ( 1 , context . getFieldErrors ( ) . size ( ) )"
19,0,"public void validate ( Object object ) throws ValidationException { String fieldName = getFieldName ( ) ; Object value = this . getFieldValue ( fieldName , object ) ; if ( value == null ) { addFieldError ( fieldName , object ) ; } else if ( value . getClass ( ) . isArray ( ) && Array . getLength ( value ) == 0 ) { addFieldError ( fieldName , object ) ; } else if ( Collection . class . isAssignableFrom ( value . getClass ( ) ) && ( ( Collection ) value ) . size ( ) == 0 ) { addFieldError ( fieldName , object ) ; } }","@ Test public void testArrayObject ( ) throws Exception { RequiredFieldValidator rfv = container . inject ( RequiredFieldValidator . class ) ; rfv . setValueStack ( ActionContext . getContext ( ) . getValueStack ( ) ) ; rfv . setFieldName ( ""ints"" ) ; rfv . setDefaultMessage ( ""${fieldName} field is required!"" ) ; ValidationAction action = new ValidationAction ( ) ; action . setInts ( new Integer [ ] { } ) ; DummyValidatorContext context = new DummyValidatorContext ( action , container . getInstance ( TextProviderFactory . class ) ) ; rfv . setValidatorContext ( context ) ; rfv . validate ( action ) ; assertTrue ( context . hasFieldErrors ( ) ) ; assertEquals ( 1 , context . getFieldErrors ( ) . size ( ) ) ; <ASSERTION> ; assertEquals ( ""ints field is required!"" , context . getFieldErrors ( ) . get ( ""ints"" ) . get ( 0 ) ) ; }","assertNotNull ( context . getFieldErrors ( ) . get ( ""ints"" ) )"
20,0,"public void validate ( Object object ) throws ValidationException { String fieldName = getFieldName ( ) ; Object value = this . getFieldValue ( fieldName , object ) ; if ( value == null ) { addFieldError ( fieldName , object ) ; } else if ( value . getClass ( ) . isArray ( ) && Array . getLength ( value ) == 0 ) { addFieldError ( fieldName , object ) ; } else if ( Collection . class . isAssignableFrom ( value . getClass ( ) ) && ( ( Collection ) value ) . size ( ) == 0 ) { addFieldError ( fieldName , object ) ; } }","@ Test public void testArrayObject ( ) throws Exception { RequiredFieldValidator rfv = container . inject ( RequiredFieldValidator . class ) ; rfv . setValueStack ( ActionContext . getContext ( ) . getValueStack ( ) ) ; rfv . setFieldName ( ""ints"" ) ; rfv . setDefaultMessage ( ""${fieldName} field is required!"" ) ; ValidationAction action = new ValidationAction ( ) ; action . setInts ( new Integer [ ] { } ) ; DummyValidatorContext context = new DummyValidatorContext ( action , container . getInstance ( TextProviderFactory . class ) ) ; rfv . setValidatorContext ( context ) ; rfv . validate ( action ) ; assertTrue ( context . hasFieldErrors ( ) ) ; assertEquals ( 1 , context . getFieldErrors ( ) . size ( ) ) ; assertNotNull ( context . getFieldErrors ( ) . get ( ""ints"" ) ) ; <ASSERTION> ; }","assertEquals ( ""ints field is required!"" , context . getFieldErrors ( ) . get ( ""ints"" ) . get ( 0 ) )"
21,0,"public void validate ( Object object ) throws ValidationException { String fieldName = getFieldName ( ) ; Object value = this . getFieldValue ( fieldName , object ) ; if ( value == null ) { addFieldError ( fieldName , object ) ; } else if ( value . getClass ( ) . isArray ( ) && Array . getLength ( value ) == 0 ) { addFieldError ( fieldName , object ) ; } else if ( Collection . class . isAssignableFrom ( value . getClass ( ) ) && ( ( Collection ) value ) . size ( ) == 0 ) { addFieldError ( fieldName , object ) ; } }","@ Test public void testNullObject ( ) throws Exception { RequiredFieldValidator rfv = container . inject ( RequiredFieldValidator . class ) ; rfv . setValueStack ( ActionContext . getContext ( ) . getValueStack ( ) ) ; rfv . setFieldName ( ""stringValue"" ) ; rfv . setDefaultMessage ( ""${fieldName} field is required!"" ) ; ValidationAction action = new ValidationAction ( ) ; DummyValidatorContext context = new DummyValidatorContext ( action , container . getInstance ( TextProviderFactory . class ) ) ; rfv . setValidatorContext ( context ) ; rfv . validate ( action ) ; <ASSERTION> ; assertEquals ( 1 , context . getFieldErrors ( ) . size ( ) ) ; assertNotNull ( context . getFieldErrors ( ) . get ( ""stringValue"" ) ) ; assertEquals ( ""stringValue field is required!"" , context . getFieldErrors ( ) . get ( ""stringValue"" ) . get ( 0 ) ) ; }",assertTrue ( context . hasFieldErrors ( ) )
22,0,"public void validate ( Object object ) throws ValidationException { String fieldName = getFieldName ( ) ; Object value = this . getFieldValue ( fieldName , object ) ; if ( value == null ) { addFieldError ( fieldName , object ) ; } else if ( value . getClass ( ) . isArray ( ) && Array . getLength ( value ) == 0 ) { addFieldError ( fieldName , object ) ; } else if ( Collection . class . isAssignableFrom ( value . getClass ( ) ) && ( ( Collection ) value ) . size ( ) == 0 ) { addFieldError ( fieldName , object ) ; } }","@ Test public void testNullObject ( ) throws Exception { RequiredFieldValidator rfv = container . inject ( RequiredFieldValidator . class ) ; rfv . setValueStack ( ActionContext . getContext ( ) . getValueStack ( ) ) ; rfv . setFieldName ( ""stringValue"" ) ; rfv . setDefaultMessage ( ""${fieldName} field is required!"" ) ; ValidationAction action = new ValidationAction ( ) ; DummyValidatorContext context = new DummyValidatorContext ( action , container . getInstance ( TextProviderFactory . class ) ) ; rfv . setValidatorContext ( context ) ; rfv . validate ( action ) ; assertTrue ( context . hasFieldErrors ( ) ) ; <ASSERTION> ; assertNotNull ( context . getFieldErrors ( ) . get ( ""stringValue"" ) ) ; assertEquals ( ""stringValue field is required!"" , context . getFieldErrors ( ) . get ( ""stringValue"" ) . get ( 0 ) ) ; }","assertEquals ( 1 , context . getFieldErrors ( ) . size ( ) )"
23,0,"public void validate ( Object object ) throws ValidationException { String fieldName = getFieldName ( ) ; Object value = this . getFieldValue ( fieldName , object ) ; if ( value == null ) { addFieldError ( fieldName , object ) ; } else if ( value . getClass ( ) . isArray ( ) && Array . getLength ( value ) == 0 ) { addFieldError ( fieldName , object ) ; } else if ( Collection . class . isAssignableFrom ( value . getClass ( ) ) && ( ( Collection ) value ) . size ( ) == 0 ) { addFieldError ( fieldName , object ) ; } }","@ Test public void testNullObject ( ) throws Exception { RequiredFieldValidator rfv = container . inject ( RequiredFieldValidator . class ) ; rfv . setValueStack ( ActionContext . getContext ( ) . getValueStack ( ) ) ; rfv . setFieldName ( ""stringValue"" ) ; rfv . setDefaultMessage ( ""${fieldName} field is required!"" ) ; ValidationAction action = new ValidationAction ( ) ; DummyValidatorContext context = new DummyValidatorContext ( action , container . getInstance ( TextProviderFactory . class ) ) ; rfv . setValidatorContext ( context ) ; rfv . validate ( action ) ; assertTrue ( context . hasFieldErrors ( ) ) ; assertEquals ( 1 , context . getFieldErrors ( ) . size ( ) ) ; <ASSERTION> ; assertEquals ( ""stringValue field is required!"" , context . getFieldErrors ( ) . get ( ""stringValue"" ) . get ( 0 ) ) ; }","assertNotNull ( context . getFieldErrors ( ) . get ( ""stringValue"" ) )"
24,0,"public void validate ( Object object ) throws ValidationException { String fieldName = getFieldName ( ) ; Object value = this . getFieldValue ( fieldName , object ) ; if ( value == null ) { addFieldError ( fieldName , object ) ; } else if ( value . getClass ( ) . isArray ( ) && Array . getLength ( value ) == 0 ) { addFieldError ( fieldName , object ) ; } else if ( Collection . class . isAssignableFrom ( value . getClass ( ) ) && ( ( Collection ) value ) . size ( ) == 0 ) { addFieldError ( fieldName , object ) ; } }","@ Test public void testNullObject ( ) throws Exception { RequiredFieldValidator rfv = container . inject ( RequiredFieldValidator . class ) ; rfv . setValueStack ( ActionContext . getContext ( ) . getValueStack ( ) ) ; rfv . setFieldName ( ""stringValue"" ) ; rfv . setDefaultMessage ( ""${fieldName} field is required!"" ) ; ValidationAction action = new ValidationAction ( ) ; DummyValidatorContext context = new DummyValidatorContext ( action , container . getInstance ( TextProviderFactory . class ) ) ; rfv . setValidatorContext ( context ) ; rfv . validate ( action ) ; assertTrue ( context . hasFieldErrors ( ) ) ; assertEquals ( 1 , context . getFieldErrors ( ) . size ( ) ) ; assertNotNull ( context . getFieldErrors ( ) . get ( ""stringValue"" ) ) ; <ASSERTION> ; }","assertEquals ( ""stringValue field is required!"" , context . getFieldErrors ( ) . get ( ""stringValue"" ) . get ( 0 ) )"
25,0,"String sanitizeInputPath ( String value ) { if ( value != null && value . toUpperCase ( ) . contains ( ""WEB-INF"" ) ) { return null ; } return value ; }",@ Test public void testSanitizeInputPathShouldReturnNullForNullInput ( ) throws Exception { <ASSERTION> ; },assertNull ( fileDownloadAction . sanitizeInputPath ( null ) )
26,0,"@ Override public String write ( Object object ) throws JSONException { return this . write ( object , null , null , false ) ; }","@ Test public void testWrite ( ) throws Exception { Bean bean1 = new Bean ( ) ; bean1 . setStringField ( ""str"" ) ; bean1 . setBooleanField ( true ) ; bean1 . setCharField ( 's' ) ; bean1 . setDoubleField ( 10.1 ) ; bean1 . setFloatField ( 1.5f ) ; bean1 . setIntField ( 10 ) ; bean1 . setLongField ( 100 ) ; bean1 . setEnumField ( AnEnum . ValueA ) ; bean1 . setEnumBean ( AnEnumBean . Two ) ; JSONWriter jsonWriter = new DefaultJSONWriter ( ) ; jsonWriter . setEnumAsBean ( false ) ; String json = jsonWriter . write ( bean1 ) ; <ASSERTION> ; }","assertEquals ( DefaultJSONWriter . class . getResource ( ""jsonwriter-write-bean-01.txt"" ) , json )"
27,0,public Object read ( String string ) throws JSONException { this . it = new StringCharacterIterator ( string ) ; this . c = this . it . first ( ) ; return this . read ( ) ; },"@ Test public void testExponentialNumber ( ) throws Exception { Object ret = reader . read ( ""5e-5"" ) ; <ASSERTION> ; assertEquals ( Double . class , ret . getClass ( ) ) ; assertEquals ( 5.0E-5 , ret ) ; }",assertNotNull ( ret )
28,0,public Object read ( String string ) throws JSONException { this . it = new StringCharacterIterator ( string ) ; this . c = this . it . first ( ) ; return this . read ( ) ; },"@ Test public void testExponentialNumber ( ) throws Exception { Object ret = reader . read ( ""5e-5"" ) ; assertNotNull ( ret ) ; <ASSERTION> ; assertEquals ( 5.0E-5 , ret ) ; }","assertEquals ( Double . class , ret . getClass ( ) )"
29,0,public Object read ( String string ) throws JSONException { this . it = new StringCharacterIterator ( string ) ; this . c = this . it . first ( ) ; return this . read ( ) ; },"@ Test public void testExponentialNumber ( ) throws Exception { Object ret = reader . read ( ""5e-5"" ) ; assertNotNull ( ret ) ; assertEquals ( Double . class , ret . getClass ( ) ) ; <ASSERTION> ; }","assertEquals ( 5.0E-5 , ret )"
30,0,"public void validate ( Object object ) throws ValidationException { String fieldName = getFieldName ( ) ; Object value = this . getFieldValue ( fieldName , object ) ; if ( value == null ) { addFieldError ( fieldName , object ) ; } else if ( value . getClass ( ) . isArray ( ) && Array . getLength ( value ) == 0 ) { addFieldError ( fieldName , object ) ; } else if ( Collection . class . isAssignableFrom ( value . getClass ( ) ) && ( ( Collection ) value ) . size ( ) == 0 ) { addFieldError ( fieldName , object ) ; } }","@ Test public void testCollectionObject ( ) throws Exception { RequiredFieldValidator rfv = container . inject ( RequiredFieldValidator . class ) ; rfv . setValueStack ( ActionContext . getContext ( ) . getValueStack ( ) ) ; rfv . setFieldName ( ""shorts"" ) ; rfv . setDefaultMessage ( ""${fieldName} field is required!"" ) ; ValidationAction action = new ValidationAction ( ) ; action . setShorts ( new ArrayList < Short > ( ) ) ; DummyValidatorContext context = new DummyValidatorContext ( action , container . getInstance ( TextProviderFactory . class ) ) ; rfv . setValidatorContext ( context ) ; rfv . validate ( action ) ; <ASSERTION> ; assertEquals ( 1 , context . getFieldErrors ( ) . size ( ) ) ; assertNotNull ( context . getFieldErrors ( ) . get ( ""shorts"" ) ) ; assertEquals ( ""shorts field is required!"" , context . getFieldErrors ( ) . get ( ""shorts"" ) . get ( 0 ) ) ; }",assertTrue ( context . hasFieldErrors ( ) )
31,0,"public void validate ( Object object ) throws ValidationException { String fieldName = getFieldName ( ) ; Object value = this . getFieldValue ( fieldName , object ) ; if ( value == null ) { addFieldError ( fieldName , object ) ; } else if ( value . getClass ( ) . isArray ( ) && Array . getLength ( value ) == 0 ) { addFieldError ( fieldName , object ) ; } else if ( Collection . class . isAssignableFrom ( value . getClass ( ) ) && ( ( Collection ) value ) . size ( ) == 0 ) { addFieldError ( fieldName , object ) ; } }","@ Test public void testCollectionObject ( ) throws Exception { RequiredFieldValidator rfv = container . inject ( RequiredFieldValidator . class ) ; rfv . setValueStack ( ActionContext . getContext ( ) . getValueStack ( ) ) ; rfv . setFieldName ( ""shorts"" ) ; rfv . setDefaultMessage ( ""${fieldName} field is required!"" ) ; ValidationAction action = new ValidationAction ( ) ; action . setShorts ( new ArrayList < Short > ( ) ) ; DummyValidatorContext context = new DummyValidatorContext ( action , container . getInstance ( TextProviderFactory . class ) ) ; rfv . setValidatorContext ( context ) ; rfv . validate ( action ) ; assertTrue ( context . hasFieldErrors ( ) ) ; <ASSERTION> ; assertNotNull ( context . getFieldErrors ( ) . get ( ""shorts"" ) ) ; assertEquals ( ""shorts field is required!"" , context . getFieldErrors ( ) . get ( ""shorts"" ) . get ( 0 ) ) ; }","assertEquals ( 1 , context . getFieldErrors ( ) . size ( ) )"
32,0,"public void validate ( Object object ) throws ValidationException { String fieldName = getFieldName ( ) ; Object value = this . getFieldValue ( fieldName , object ) ; if ( value == null ) { addFieldError ( fieldName , object ) ; } else if ( value . getClass ( ) . isArray ( ) && Array . getLength ( value ) == 0 ) { addFieldError ( fieldName , object ) ; } else if ( Collection . class . isAssignableFrom ( value . getClass ( ) ) && ( ( Collection ) value ) . size ( ) == 0 ) { addFieldError ( fieldName , object ) ; } }","@ Test public void testCollectionObject ( ) throws Exception { RequiredFieldValidator rfv = container . inject ( RequiredFieldValidator . class ) ; rfv . setValueStack ( ActionContext . getContext ( ) . getValueStack ( ) ) ; rfv . setFieldName ( ""shorts"" ) ; rfv . setDefaultMessage ( ""${fieldName} field is required!"" ) ; ValidationAction action = new ValidationAction ( ) ; action . setShorts ( new ArrayList < Short > ( ) ) ; DummyValidatorContext context = new DummyValidatorContext ( action , container . getInstance ( TextProviderFactory . class ) ) ; rfv . setValidatorContext ( context ) ; rfv . validate ( action ) ; assertTrue ( context . hasFieldErrors ( ) ) ; assertEquals ( 1 , context . getFieldErrors ( ) . size ( ) ) ; <ASSERTION> ; assertEquals ( ""shorts field is required!"" , context . getFieldErrors ( ) . get ( ""shorts"" ) . get ( 0 ) ) ; }","assertNotNull ( context . getFieldErrors ( ) . get ( ""shorts"" ) )"
33,0,"public void validate ( Object object ) throws ValidationException { String fieldName = getFieldName ( ) ; Object value = this . getFieldValue ( fieldName , object ) ; if ( value == null ) { addFieldError ( fieldName , object ) ; } else if ( value . getClass ( ) . isArray ( ) && Array . getLength ( value ) == 0 ) { addFieldError ( fieldName , object ) ; } else if ( Collection . class . isAssignableFrom ( value . getClass ( ) ) && ( ( Collection ) value ) . size ( ) == 0 ) { addFieldError ( fieldName , object ) ; } }","@ Test public void testCollectionObject ( ) throws Exception { RequiredFieldValidator rfv = container . inject ( RequiredFieldValidator . class ) ; rfv . setValueStack ( ActionContext . getContext ( ) . getValueStack ( ) ) ; rfv . setFieldName ( ""shorts"" ) ; rfv . setDefaultMessage ( ""${fieldName} field is required!"" ) ; ValidationAction action = new ValidationAction ( ) ; action . setShorts ( new ArrayList < Short > ( ) ) ; DummyValidatorContext context = new DummyValidatorContext ( action , container . getInstance ( TextProviderFactory . class ) ) ; rfv . setValidatorContext ( context ) ; rfv . validate ( action ) ; assertTrue ( context . hasFieldErrors ( ) ) ; assertEquals ( 1 , context . getFieldErrors ( ) . size ( ) ) ; assertNotNull ( context . getFieldErrors ( ) . get ( ""shorts"" ) ) ; <ASSERTION> ; }","assertEquals ( ""shorts field is required!"" , context . getFieldErrors ( ) . get ( ""shorts"" ) . get ( 0 ) )"
34,0,"String sanitizeInputPath ( String value ) { if ( value != null && value . toUpperCase ( ) . contains ( ""WEB-INF"" ) ) { return null ; } return value ; }",@ Test public void testSanitizeInputPathShouldReturnNullForNonLeadingWebInf ( ) throws Exception { <ASSERTION> ; },"assertNull ( fileDownloadAction . sanitizeInputPath ( ""./WEB-INF/foo"" ) )"
35,0,protected String beanConfToString ( BeanConfig beanConf ) { return beanConf == null ? null : beanConf . getName ( ) ; },"@ Test public void testBeanConfToString ( ) { ConstantConfig constantConfig = new ConstantConfig ( ) ; String actual = constantConfig . beanConfToString ( null ) ; <ASSERTION> ; actual = constantConfig . beanConfToString ( new BeanConfig ( TestBean . class ) ) ; assertEquals ( Container . DEFAULT_NAME , actual ) ; String expectedName = ""expectedTestBeanName"" ; actual = constantConfig . beanConfToString ( new BeanConfig ( TestBean . class , expectedName ) ) ; assertEquals ( expectedName , actual ) ; }",assertNull ( actual )
36,0,protected String beanConfToString ( BeanConfig beanConf ) { return beanConf == null ? null : beanConf . getName ( ) ; },"@ Test public void testBeanConfToString ( ) { ConstantConfig constantConfig = new ConstantConfig ( ) ; String actual = constantConfig . beanConfToString ( null ) ; assertNull ( actual ) ; actual = constantConfig . beanConfToString ( new BeanConfig ( TestBean . class ) ) ; <ASSERTION> ; String expectedName = ""expectedTestBeanName"" ; actual = constantConfig . beanConfToString ( new BeanConfig ( TestBean . class , expectedName ) ) ; assertEquals ( expectedName , actual ) ; }","assertEquals ( Container . DEFAULT_NAME , actual )"
37,0,protected String beanConfToString ( BeanConfig beanConf ) { return beanConf == null ? null : beanConf . getName ( ) ; },"@ Test public void testBeanConfToString ( ) { ConstantConfig constantConfig = new ConstantConfig ( ) ; String actual = constantConfig . beanConfToString ( null ) ; assertNull ( actual ) ; actual = constantConfig . beanConfToString ( new BeanConfig ( TestBean . class ) ) ; assertEquals ( Container . DEFAULT_NAME , actual ) ; String expectedName = ""expectedTestBeanName"" ; actual = constantConfig . beanConfToString ( new BeanConfig ( TestBean . class , expectedName ) ) ; <ASSERTION> ; }","assertEquals ( expectedName , actual )"
38,0,"@ Override @ SuppressWarnings ( { ""rawtypes"" , ""unchecked"" } ) public Object buildBean ( String className , Map < String , Object > extraContext , boolean injectInternal ) throws Exception { Class < ? > clazz = getClassInstance ( className ) ; InjectionTarget injectionTarget = getInjectionTarget ( clazz ) ; final CreationalContext ctx = buildNonContextualCreationalContext ( beanManager ) ; Object o = injectionTarget . produce ( ctx ) ; injectionTarget . inject ( o , ctx ) ; injectionTarget . postConstruct ( o ) ; if ( injectInternal ) { injectInternalBeans ( o ) ; } return o ; }","@ Test public void testGetBean ( ) throws Exception { final CdiObjectFactory cdiObjectFactory = new CdiObjectFactory ( ) ; FooConsumer fooConsumer = ( FooConsumer ) cdiObjectFactory . buildBean ( FooConsumer . class . getCanonicalName ( ) , null , false ) ; <ASSERTION> ; assertNotNull ( fooConsumer . fooService ) ; }",assertNotNull ( fooConsumer )
39,0,"@ Override @ SuppressWarnings ( { ""rawtypes"" , ""unchecked"" } ) public Object buildBean ( String className , Map < String , Object > extraContext , boolean injectInternal ) throws Exception { Class < ? > clazz = getClassInstance ( className ) ; InjectionTarget injectionTarget = getInjectionTarget ( clazz ) ; final CreationalContext ctx = buildNonContextualCreationalContext ( beanManager ) ; Object o = injectionTarget . produce ( ctx ) ; injectionTarget . inject ( o , ctx ) ; injectionTarget . postConstruct ( o ) ; if ( injectInternal ) { injectInternalBeans ( o ) ; } return o ; }","@ Test public void testGetBean ( ) throws Exception { final CdiObjectFactory cdiObjectFactory = new CdiObjectFactory ( ) ; FooConsumer fooConsumer = ( FooConsumer ) cdiObjectFactory . buildBean ( FooConsumer . class . getCanonicalName ( ) , null , false ) ; assertNotNull ( fooConsumer ) ; <ASSERTION> ; }",assertNotNull ( fooConsumer . fooService )
40,0,"public TilesDefinition findAnnotation ( Object action , String tileName ) { Class < ? > clazz = action . getClass ( ) ; TilesDefinition tilesDefinition = clazz . getAnnotation ( TilesDefinition . class ) ; TilesDefinitions tilesDefinitions = clazz . getAnnotation ( TilesDefinitions . class ) ; if ( tilesDefinition == null && tilesDefinitions != null ) { if ( ! StringUtils . isEmpty ( tileName ) ) { for ( TilesDefinition i : tilesDefinitions . value ( ) ) { if ( i . name ( ) . equals ( tileName ) ) { tilesDefinition = i ; break ; } } } else { if ( tilesDefinitions . value ( ) . length > 0 ) { tilesDefinition = tilesDefinitions . value ( ) [ 0 ] ; } } } return tilesDefinition ; }","@ Test public void findAnnotationMultipleActionNameGiven ( ) { StrutsTilesAnnotationProcessor annotationProcessor = new StrutsTilesAnnotationProcessor ( ) ; TilesDefinition tilesDefinition = annotationProcessor . findAnnotation ( new TilesTestActionMultipleAnnotations ( ) , ""def2"" ) ; <ASSERTION> ; assertEquals ( ""def2"" , tilesDefinition . name ( ) ) ; }",assertNotNull ( tilesDefinition )
41,0,"public TilesDefinition findAnnotation ( Object action , String tileName ) { Class < ? > clazz = action . getClass ( ) ; TilesDefinition tilesDefinition = clazz . getAnnotation ( TilesDefinition . class ) ; TilesDefinitions tilesDefinitions = clazz . getAnnotation ( TilesDefinitions . class ) ; if ( tilesDefinition == null && tilesDefinitions != null ) { if ( ! StringUtils . isEmpty ( tileName ) ) { for ( TilesDefinition i : tilesDefinitions . value ( ) ) { if ( i . name ( ) . equals ( tileName ) ) { tilesDefinition = i ; break ; } } } else { if ( tilesDefinitions . value ( ) . length > 0 ) { tilesDefinition = tilesDefinitions . value ( ) [ 0 ] ; } } } return tilesDefinition ; }","@ Test public void findAnnotationMultipleActionNameGiven ( ) { StrutsTilesAnnotationProcessor annotationProcessor = new StrutsTilesAnnotationProcessor ( ) ; TilesDefinition tilesDefinition = annotationProcessor . findAnnotation ( new TilesTestActionMultipleAnnotations ( ) , ""def2"" ) ; assertNotNull ( tilesDefinition ) ; <ASSERTION> ; }","assertEquals ( ""def2"" , tilesDefinition . name ( ) )"
42,0,"public boolean match ( Map < String , String > map , String data , CompiledPattern expr ) { if ( data != null && data . length ( ) > 0 ) { Matcher matcher = expr . getPattern ( ) . matcher ( data ) ; if ( matcher . matches ( ) ) { for ( int x = 0 ; x < expr . getVariableNames ( ) . size ( ) ; x ++ ) { map . put ( expr . getVariableNames ( ) . get ( x ) , matcher . group ( x + 1 ) ) ; } return true ; } } return false ; }","@ Test public void testMatch ( ) { NamedVariablePatternMatcher matcher = new NamedVariablePatternMatcher ( ) ; Map < String , String > vars = new HashMap < > ( ) ; CompiledPattern pattern = new CompiledPattern ( Pattern . compile ( ""foo([^/]+)"" ) , Arrays . asList ( ""bar"" ) ) ; <ASSERTION> ; assertEquals ( ""baz"" , vars . get ( ""bar"" ) ) ; }","assertTrue ( matcher . match ( vars , ""foobaz"" , pattern ) )"
43,0,"public boolean match ( Map < String , String > map , String data , CompiledPattern expr ) { if ( data != null && data . length ( ) > 0 ) { Matcher matcher = expr . getPattern ( ) . matcher ( data ) ; if ( matcher . matches ( ) ) { for ( int x = 0 ; x < expr . getVariableNames ( ) . size ( ) ; x ++ ) { map . put ( expr . getVariableNames ( ) . get ( x ) , matcher . group ( x + 1 ) ) ; } return true ; } } return false ; }","@ Test public void testMatch ( ) { NamedVariablePatternMatcher matcher = new NamedVariablePatternMatcher ( ) ; Map < String , String > vars = new HashMap < > ( ) ; CompiledPattern pattern = new CompiledPattern ( Pattern . compile ( ""foo([^/]+)"" ) , Arrays . asList ( ""bar"" ) ) ; assertTrue ( matcher . match ( vars , ""foobaz"" , pattern ) ) ; <ASSERTION> ; }","assertEquals ( ""baz"" , vars . get ( ""bar"" ) )"
44,0,"String sanitizeInputPath ( String value ) { if ( value != null && value . toUpperCase ( ) . contains ( ""WEB-INF"" ) ) { return null ; } return value ; }",@ Test public void testSanitizeInputPathShouldAllowSimpleParameter ( ) throws Exception { <ASSERTION> ; },"assertEquals ( ""foo"" , fileDownloadAction . sanitizeInputPath ( ""foo"" ) )"
45,0,"String sanitizeInputPath ( String value ) { if ( value != null && value . toUpperCase ( ) . contains ( ""WEB-INF"" ) ) { return null ; } return value ; }",@ Test public void testSanitizeInputPathShouldReturnNullForNonUppercaseWebInf ( ) throws Exception { <ASSERTION> ; },"assertNull ( fileDownloadAction . sanitizeInputPath ( ""./wEB-Inf/foo"" ) )"
46,0,"public void addOrder ( int customerId , Map < Integer , Integer > quantities ) throws WarehouseException { if ( quantities . isEmpty ( ) ) { throw new IllegalArgumentException ( ""There has to items in the order, it cannot be empty."" ) ; } Customer customer = customerDao . getCustomer ( customerId ) ; if ( customer == null ) { throw new IllegalArgumentException ( ""Unknown customer ID: "" + customerId ) ; } Map < Product , Integer > mappedQuantities = new HashMap < > ( ) ; for ( var entry : quantities . entrySet ( ) ) { Product product = productDao . getProduct ( entry . getKey ( ) ) ; if ( product == null ) { throw new IllegalArgumentException ( ""Unknown product ID: "" + entry . getKey ( ) ) ; } int quantity = entry . getValue ( ) ; if ( quantity < 1 ) { throw new IllegalArgumentException ( ""Ordered quantity must be greater than 0."" ) ; } mappedQuantities . put ( product , quantity ) ; } inventoryDao . updateStock ( mappedQuantities ) ; Order order = new Order ( customer , mappedQuantities ) ; orderDao . addOrder ( order ) ; }","@ Test void cantOrderForNonExistentCustomer ( ) { int customerId = 666 ; var quantities = Map . of ( 2 , 1 ) ; <ASSERTION> ; }","assertThrows ( IllegalArgumentException . class , ( ) -> warehouse . addOrder ( customerId , quantities ) )"
47,0,"public void addOrder ( int customerId , Map < Integer , Integer > quantities ) throws WarehouseException { if ( quantities . isEmpty ( ) ) { throw new IllegalArgumentException ( ""There has to items in the order, it cannot be empty."" ) ; } Customer customer = customerDao . getCustomer ( customerId ) ; if ( customer == null ) { throw new IllegalArgumentException ( ""Unknown customer ID: "" + customerId ) ; } Map < Product , Integer > mappedQuantities = new HashMap < > ( ) ; for ( var entry : quantities . entrySet ( ) ) { Product product = productDao . getProduct ( entry . getKey ( ) ) ; if ( product == null ) { throw new IllegalArgumentException ( ""Unknown product ID: "" + entry . getKey ( ) ) ; } int quantity = entry . getValue ( ) ; if ( quantity < 1 ) { throw new IllegalArgumentException ( ""Ordered quantity must be greater than 0."" ) ; } mappedQuantities . put ( product , quantity ) ; } inventoryDao . updateStock ( mappedQuantities ) ; Order order = new Order ( customer , mappedQuantities ) ; orderDao . addOrder ( order ) ; }","@ Test void cantOrderMoreThanAvailableStock ( ) { int customerId = 12 ; var quantities = Map . of ( 2 , 3 ) ; <ASSERTION> ; }","assertThrows ( IllegalArgumentException . class , ( ) -> warehouse . addOrder ( customerId , quantities ) )"
48,0,"public void addProduct ( String name , int price ) throws WarehouseException { if ( price < 0 ) { throw new IllegalArgumentException ( ""The product's price cannot be negative."" ) ; } Product product = new Product ( name , price ) ; productDao . addProduct ( product ) ; }","@ Test void cantAddProductWithNegativePrice ( ) { String name = ""test"" ; int price = - 123 ; <ASSERTION> ; }","assertThrows ( IllegalArgumentException . class , ( ) -> warehouse . addProduct ( name , price ) )"
49,0,"public void addOrder ( int customerId , Map < Integer , Integer > quantities ) throws WarehouseException { if ( quantities . isEmpty ( ) ) { throw new IllegalArgumentException ( ""There has to items in the order, it cannot be empty."" ) ; } Customer customer = customerDao . getCustomer ( customerId ) ; if ( customer == null ) { throw new IllegalArgumentException ( ""Unknown customer ID: "" + customerId ) ; } Map < Product , Integer > mappedQuantities = new HashMap < > ( ) ; for ( var entry : quantities . entrySet ( ) ) { Product product = productDao . getProduct ( entry . getKey ( ) ) ; if ( product == null ) { throw new IllegalArgumentException ( ""Unknown product ID: "" + entry . getKey ( ) ) ; } int quantity = entry . getValue ( ) ; if ( quantity < 1 ) { throw new IllegalArgumentException ( ""Ordered quantity must be greater than 0."" ) ; } mappedQuantities . put ( product , quantity ) ; } inventoryDao . updateStock ( mappedQuantities ) ; Order order = new Order ( customer , mappedQuantities ) ; orderDao . addOrder ( order ) ; }","@ Test void cantOrderMoreThanAvailableStock ( ) { int customerId = 12 ; var quantities = Map . of ( 2 , 3 ) ; <ASSERTION> ; }","assertThrows ( IllegalArgumentException . class , ( ) -> warehouse . addOrder ( customerId , quantities ) )"
50,0,"public void addProduct ( String name , int price ) throws WarehouseException { if ( price < 0 ) { throw new IllegalArgumentException ( ""The product's price cannot be negative."" ) ; } Product product = new Product ( name , price ) ; productDao . addProduct ( product ) ; }","@ Test void cantAddProductWithNegativePrice ( ) { String name = ""test"" ; int price = - 123 ; <ASSERTION> ; }","assertThrows ( IllegalArgumentException . class , ( ) -> warehouse . addProduct ( name , price ) )"
51,0,"public void addOrder ( int customerId , Map < Integer , Integer > quantities ) throws WarehouseException { if ( quantities . isEmpty ( ) ) { throw new IllegalArgumentException ( ""There has to items in the order, it cannot be empty."" ) ; } Customer customer = customerDao . getCustomer ( customerId ) ; if ( customer == null ) { throw new IllegalArgumentException ( ""Unknown customer ID: "" + customerId ) ; } Map < Product , Integer > mappedQuantities = new HashMap < > ( ) ; for ( var entry : quantities . entrySet ( ) ) { Product product = productDao . getProduct ( entry . getKey ( ) ) ; if ( product == null ) { throw new IllegalArgumentException ( ""Unknown product ID: "" + entry . getKey ( ) ) ; } int quantity = entry . getValue ( ) ; if ( quantity < 1 ) { throw new IllegalArgumentException ( ""Ordered quantity must be greater than 0."" ) ; } mappedQuantities . put ( product , quantity ) ; } inventoryDao . updateStock ( mappedQuantities ) ; Order order = new Order ( customer , mappedQuantities ) ; orderDao . addOrder ( order ) ; }","@ Test void cantOrderMoreThanAvailableStock ( ) { int customerId = 12 ; var quantities = Map . of ( 2 , 3 ) ; <ASSERTION> ; }","assertThrows ( IllegalArgumentException . class , ( ) -> warehouse . addOrder ( customerId , quantities ) )"
52,0,"public void addProduct ( String name , int price ) throws WarehouseException { if ( price < 0 ) { throw new IllegalArgumentException ( ""The product's price cannot be negative."" ) ; } Product product = new Product ( name , price ) ; productDao . addProduct ( product ) ; }","@ Test void cantAddProductWithNegativePrice ( ) { String name = ""test"" ; int price = - 123 ; <ASSERTION> ; }","assertThrows ( IllegalArgumentException . class , ( ) -> warehouse . addProduct ( name , price ) )"
53,0,"public void addOrder ( int customerId , Map < Integer , Integer > quantities ) throws WarehouseException { if ( quantities . isEmpty ( ) ) { throw new IllegalArgumentException ( ""There has to items in the order, it cannot be empty."" ) ; } Customer customer = customerDao . getCustomer ( customerId ) ; if ( customer == null ) { throw new IllegalArgumentException ( ""Unknown customer ID: "" + customerId ) ; } Map < Product , Integer > mappedQuantities = new HashMap < > ( ) ; for ( var entry : quantities . entrySet ( ) ) { Product product = productDao . getProduct ( entry . getKey ( ) ) ; if ( product == null ) { throw new IllegalArgumentException ( ""Unknown product ID: "" + entry . getKey ( ) ) ; } int quantity = entry . getValue ( ) ; if ( quantity < 1 ) { throw new IllegalArgumentException ( ""Ordered quantity must be greater than 0."" ) ; } mappedQuantities . put ( product , quantity ) ; } inventoryDao . updateStock ( mappedQuantities ) ; Order order = new Order ( customer , mappedQuantities ) ; orderDao . addOrder ( order ) ; }","@ Test void cantOrderMoreThanAvailableStock ( ) { int customerId = 12 ; var quantities = Map . of ( 2 , 3 ) ; <ASSERTION> ; }","assertThrows ( IllegalArgumentException . class , ( ) -> warehouse . addOrder ( customerId , quantities ) )"
54,0,"public void addOrder ( int customerId , Map < Integer , Integer > quantities ) throws WarehouseException { if ( quantities . isEmpty ( ) ) { throw new IllegalArgumentException ( ""There has to items in the order, it cannot be empty."" ) ; } Customer customer = customerDao . getCustomer ( customerId ) ; if ( customer == null ) { throw new IllegalArgumentException ( ""Unknown customer ID: "" + customerId ) ; } Map < Product , Integer > mappedQuantities = new HashMap < > ( ) ; for ( var entry : quantities . entrySet ( ) ) { Product product = productDao . getProduct ( entry . getKey ( ) ) ; if ( product == null ) { throw new IllegalArgumentException ( ""Unknown product ID: "" + entry . getKey ( ) ) ; } int quantity = entry . getValue ( ) ; if ( quantity < 1 ) { throw new IllegalArgumentException ( ""Ordered quantity must be greater than 0."" ) ; } mappedQuantities . put ( product , quantity ) ; } inventoryDao . updateStock ( mappedQuantities ) ; Order order = new Order ( customer , mappedQuantities ) ; orderDao . addOrder ( order ) ; }","@ Test void cantOrderForNonExistentCustomer ( ) { int customerId = 666 ; var quantities = Map . of ( 2 , 1 ) ; <ASSERTION> ; }","assertThrows ( IllegalArgumentException . class , ( ) -> warehouse . addOrder ( customerId , quantities ) )"
55,0,"public void addOrder ( int customerId , Map < Integer , Integer > quantities ) throws WarehouseException { if ( quantities . isEmpty ( ) ) { throw new IllegalArgumentException ( ""There has to items in the order, it cannot be empty."" ) ; } Customer customer = customerDao . getCustomer ( customerId ) ; if ( customer == null ) { throw new IllegalArgumentException ( ""Unknown customer ID: "" + customerId ) ; } Map < Product , Integer > mappedQuantities = new HashMap < > ( ) ; for ( var entry : quantities . entrySet ( ) ) { Product product = productDao . getProduct ( entry . getKey ( ) ) ; if ( product == null ) { throw new IllegalArgumentException ( ""Unknown product ID: "" + entry . getKey ( ) ) ; } int quantity = entry . getValue ( ) ; if ( quantity < 1 ) { throw new IllegalArgumentException ( ""Ordered quantity must be greater than 0."" ) ; } mappedQuantities . put ( product , quantity ) ; } inventoryDao . updateStock ( mappedQuantities ) ; Order order = new Order ( customer , mappedQuantities ) ; orderDao . addOrder ( order ) ; }","@ Test void cantOrderForNonExistentCustomer ( ) { int customerId = 666 ; var quantities = Map . of ( 2 , 1 ) ; <ASSERTION> ; }","assertThrows ( IllegalArgumentException . class , ( ) -> warehouse . addOrder ( customerId , quantities ) )"
56,0,"public void addProduct ( String name , int price ) throws WarehouseException { if ( price < 0 ) { throw new IllegalArgumentException ( ""The product's price cannot be negative."" ) ; } Product product = new Product ( name , price ) ; productDao . addProduct ( product ) ; }","@ Test void cantAddProductWithNegativePrice ( ) { String name = ""test"" ; int price = - 123 ; <ASSERTION> ; }","assertThrows ( IllegalArgumentException . class , ( ) -> warehouse . addProduct ( name , price ) )"
57,0,"@ SuppressWarnings ( ""unchecked"" ) public static < T > SpiLoader < T > getLoader ( Class < T > type ) { if ( type == null ) { throw new IllegalArgumentException ( ""Spi type must not be null"" ) ; } if ( ! type . isInterface ( ) ) { throw new IllegalArgumentException ( ""Spi type "" + type . getName ( ) + "" must an interface"" ) ; } if ( ! type . isAnnotationPresent ( Spi . class ) ) { throw new IllegalArgumentException ( ""Spi type "" + type . getName ( ) + "" must annotated with @Spi"" ) ; } return LOADERS . computeIfAbsent ( type , t -> new SpiLoader ( t ) ) ; }","@ SuppressWarnings ( ""unchecked"" ) @ DisplayName ( ""test_getLoader"" ) @ Test void testGetLoader ( ) { SpiLoader < Input > loader = SpiLoader . getLoader ( Input . class ) ; <ASSERTION> ; }",assertNotNull ( loader )
58,0,@ Override public final boolean stop ( ) throws ServiceException { try { return stopAsync ( ) . join ( ) ; } catch ( CompletionException e ) { throw wrapServiceException ( e . getCause ( ) ) ; } },"@ DisplayName ( ""test_stop"" ) @ Test void stop ( ) { <ASSERTION> ; assertFalse ( service . stop ( ) ) ; }",assertTrue ( service . start ( ) )
59,0,@ Override public final boolean stop ( ) throws ServiceException { try { return stopAsync ( ) . join ( ) ; } catch ( CompletionException e ) { throw wrapServiceException ( e . getCause ( ) ) ; } },"@ DisplayName ( ""test_stop"" ) @ Test void stop ( ) { assertTrue ( service . start ( ) ) ; <ASSERTION> ; }",assertFalse ( service . stop ( ) )
60,0,@ Override public BootProcessChain addFirst ( BootJob bootJob ) { BootJobContext newJob = newBootJobContext ( bootJob ) ; header . getNext ( ) . setPrev ( newJob ) ; newJob . setNext ( header . getNext ( ) ) ; header . setNext ( newJob ) ; newJob . setPrev ( header ) ; return this ; },"@ DisplayName ( ""test_addFirst"" ) @ Test void testAddFirst ( ) { BootProcessChain processChain = new DefaultBootProcessChain ( ) ; final List < Integer > list = new ArrayList < > ( 2 ) ; for ( int i = 0 ; i < 2 ; i ++ ) { final Integer tmp = i ; processChain . addFirst ( new BootJob ( ) { @ Override public void start ( ) { list . add ( tmp ) ; } } ) ; } processChain . start ( ) ; <ASSERTION> ; assertEquals ( Integer . valueOf ( 0 ) , list . get ( 1 ) ) ; }","assertEquals ( Integer . valueOf ( 1 ) , list . get ( 0 ) )"
61,0,@ Override public BootProcessChain addFirst ( BootJob bootJob ) { BootJobContext newJob = newBootJobContext ( bootJob ) ; header . getNext ( ) . setPrev ( newJob ) ; newJob . setNext ( header . getNext ( ) ) ; header . setNext ( newJob ) ; newJob . setPrev ( header ) ; return this ; },"@ DisplayName ( ""test_addFirst"" ) @ Test void testAddFirst ( ) { BootProcessChain processChain = new DefaultBootProcessChain ( ) ; final List < Integer > list = new ArrayList < > ( 2 ) ; for ( int i = 0 ; i < 2 ; i ++ ) { final Integer tmp = i ; processChain . addFirst ( new BootJob ( ) { @ Override public void start ( ) { list . add ( tmp ) ; } } ) ; } processChain . start ( ) ; assertEquals ( Integer . valueOf ( 1 ) , list . get ( 0 ) ) ; <ASSERTION> ; }","assertEquals ( Integer . valueOf ( 0 ) , list . get ( 1 ) )"
62,0,"@ Override public List < T > compare ( List < T > list ) { return compare ( list , true ) ; }","@ DisplayName ( ""test_compare_Asc"" ) @ Test void testCompareAsc ( ) { List < Class > list = new ArrayList < > ( ) ; list . add ( Order2 . class ) ; list . add ( Order1 . class ) ; list = comparator . compare ( list ) ; <ASSERTION> ; assertEquals ( Order2 . class , list . get ( 1 ) ) ; }","assertEquals ( Order1 . class , list . get ( 0 ) )"
63,0,"@ Override public List < T > compare ( List < T > list ) { return compare ( list , true ) ; }","@ DisplayName ( ""test_compare_Asc"" ) @ Test void testCompareAsc ( ) { List < Class > list = new ArrayList < > ( ) ; list . add ( Order2 . class ) ; list . add ( Order1 . class ) ; list = comparator . compare ( list ) ; assertEquals ( Order1 . class , list . get ( 0 ) ) ; <ASSERTION> ; }","assertEquals ( Order2 . class , list . get ( 1 ) )"
64,0,"public Set < Class > scan ( String [ ] scanPackages ) throws ClassNotFoundException , IOException { Set < Class > result = new HashSet < > ( ) ; String javaPath = System . getProperty ( ""java.class.path"" ) ; String pathSeparator = System . getProperty ( ""path.separator"" ) ; for ( String p : javaPath . split ( pathSeparator ) ) { int prefixIndex = p . indexOf ( "":"" ) ; if ( prefixIndex == 1 ) { p = StringUtils . uncapitalize ( p ) ; } File baseDir = new File ( p ) ; Path basePath = baseDir . toPath ( ) ; for ( String scanPackage : scanPackages ) { String scanPath = scanPackage . replace ( PACKAGE_SEPARATOR , PATH_SEPARATOR ) ; File file = new File ( baseDir , scanPath ) ; if ( file . exists ( ) ) { if ( LOGGER . isInfoEnabled ( ) ) { LOGGER . info ( ""scan path: {}"" , file . getAbsolutePath ( ) ) ; } doCandidate ( basePath , file . toPath ( ) , result ) ; } } } return result ; }","@ DisplayName ( ""test_scan"" ) @ Test void testScan ( ) throws ClassNotFoundException , IOException { ClassPathScanner scanner = new ClassPathScanner ( ) ; scanner . addIncludeFilter ( new AnnotationTypeFilter ( Include . class ) ) ; scanner . addExcludeFilter ( new AnnotationTypeFilter ( Exclude . class ) ) ; Set < Class > candidate = scanner . scan ( new String [ ] { ""io.github.ukuz.piccolo.api.common"" } ) ; <ASSERTION> ; assertEquals ( ClassWithInclude . class , candidate . iterator ( ) . next ( ) ) ; }","assertEquals ( 1 , candidate . size ( ) )"
65,0,"public Set < Class > scan ( String [ ] scanPackages ) throws ClassNotFoundException , IOException { Set < Class > result = new HashSet < > ( ) ; String javaPath = System . getProperty ( ""java.class.path"" ) ; String pathSeparator = System . getProperty ( ""path.separator"" ) ; for ( String p : javaPath . split ( pathSeparator ) ) { int prefixIndex = p . indexOf ( "":"" ) ; if ( prefixIndex == 1 ) { p = StringUtils . uncapitalize ( p ) ; } File baseDir = new File ( p ) ; Path basePath = baseDir . toPath ( ) ; for ( String scanPackage : scanPackages ) { String scanPath = scanPackage . replace ( PACKAGE_SEPARATOR , PATH_SEPARATOR ) ; File file = new File ( baseDir , scanPath ) ; if ( file . exists ( ) ) { if ( LOGGER . isInfoEnabled ( ) ) { LOGGER . info ( ""scan path: {}"" , file . getAbsolutePath ( ) ) ; } doCandidate ( basePath , file . toPath ( ) , result ) ; } } } return result ; }","@ DisplayName ( ""test_scan"" ) @ Test void testScan ( ) throws ClassNotFoundException , IOException { ClassPathScanner scanner = new ClassPathScanner ( ) ; scanner . addIncludeFilter ( new AnnotationTypeFilter ( Include . class ) ) ; scanner . addExcludeFilter ( new AnnotationTypeFilter ( Exclude . class ) ) ; Set < Class > candidate = scanner . scan ( new String [ ] { ""io.github.ukuz.piccolo.api.common"" } ) ; assertEquals ( 1 , candidate . size ( ) ) ; <ASSERTION> ; }","assertEquals ( ClassWithInclude . class , candidate . iterator ( ) . next ( ) )"
66,0,"@ Override public < T extends Properties > T getProperties ( Class < T > clazz ) { if ( configMap . containsKey ( clazz . getName ( ) ) ) { return ( T ) configMap . get ( clazz . getName ( ) ) ; } lazyInitialize ( clazz ) ; return ( T ) configMap . getOrDefault ( clazz . getName ( ) , EMPTY ) ; }","@ DisplayName ( ""test_getProperties"" ) @ Test void testGetProperties ( ) { RedisProperties redisProperties = environment . getProperties ( RedisProperties . class ) ; <ASSERTION> ; assertEquals ( ""standalone"" , redisProperties . getMode ( ) ) ; assertTrue ( redisProperties . isEnabled ( ) ) ; assertEquals ( 10000L , redisProperties . getTimeBetweenEvictionRunsMillis ( ) ) ; assertEquals ( 100 , redisProperties . getProp1 ( ) ) ; assertEquals ( 1.1 , redisProperties . getProp3 ( ) ) ; assertEquals ( 1 , redisProperties . getProp4 ( ) ) ; assertTrue ( redisProperties . getJedisPoolConfig ( ) . isTestWhileIdle ( ) ) ; }","assertEquals ( 20 , redisProperties . getMaxConnNum ( ) )"
67,0,"@ Override public < T extends Properties > T getProperties ( Class < T > clazz ) { if ( configMap . containsKey ( clazz . getName ( ) ) ) { return ( T ) configMap . get ( clazz . getName ( ) ) ; } lazyInitialize ( clazz ) ; return ( T ) configMap . getOrDefault ( clazz . getName ( ) , EMPTY ) ; }","@ DisplayName ( ""test_getProperties"" ) @ Test void testGetProperties ( ) { RedisProperties redisProperties = environment . getProperties ( RedisProperties . class ) ; assertEquals ( 20 , redisProperties . getMaxConnNum ( ) ) ; <ASSERTION> ; assertTrue ( redisProperties . isEnabled ( ) ) ; assertEquals ( 10000L , redisProperties . getTimeBetweenEvictionRunsMillis ( ) ) ; assertEquals ( 100 , redisProperties . getProp1 ( ) ) ; assertEquals ( 1.1 , redisProperties . getProp3 ( ) ) ; assertEquals ( 1 , redisProperties . getProp4 ( ) ) ; assertTrue ( redisProperties . getJedisPoolConfig ( ) . isTestWhileIdle ( ) ) ; }","assertEquals ( ""standalone"" , redisProperties . getMode ( ) )"
68,0,"@ Override public < T extends Properties > T getProperties ( Class < T > clazz ) { if ( configMap . containsKey ( clazz . getName ( ) ) ) { return ( T ) configMap . get ( clazz . getName ( ) ) ; } lazyInitialize ( clazz ) ; return ( T ) configMap . getOrDefault ( clazz . getName ( ) , EMPTY ) ; }","@ DisplayName ( ""test_getProperties"" ) @ Test void testGetProperties ( ) { RedisProperties redisProperties = environment . getProperties ( RedisProperties . class ) ; assertEquals ( 20 , redisProperties . getMaxConnNum ( ) ) ; assertEquals ( ""standalone"" , redisProperties . getMode ( ) ) ; <ASSERTION> ; assertEquals ( 10000L , redisProperties . getTimeBetweenEvictionRunsMillis ( ) ) ; assertEquals ( 100 , redisProperties . getProp1 ( ) ) ; assertEquals ( 1.1 , redisProperties . getProp3 ( ) ) ; assertEquals ( 1 , redisProperties . getProp4 ( ) ) ; assertTrue ( redisProperties . getJedisPoolConfig ( ) . isTestWhileIdle ( ) ) ; }",assertTrue ( redisProperties . isEnabled ( ) )
69,0,"@ Override public < T extends Properties > T getProperties ( Class < T > clazz ) { if ( configMap . containsKey ( clazz . getName ( ) ) ) { return ( T ) configMap . get ( clazz . getName ( ) ) ; } lazyInitialize ( clazz ) ; return ( T ) configMap . getOrDefault ( clazz . getName ( ) , EMPTY ) ; }","@ DisplayName ( ""test_getProperties"" ) @ Test void testGetProperties ( ) { RedisProperties redisProperties = environment . getProperties ( RedisProperties . class ) ; assertEquals ( 20 , redisProperties . getMaxConnNum ( ) ) ; assertEquals ( ""standalone"" , redisProperties . getMode ( ) ) ; assertTrue ( redisProperties . isEnabled ( ) ) ; <ASSERTION> ; assertEquals ( 100 , redisProperties . getProp1 ( ) ) ; assertEquals ( 1.1 , redisProperties . getProp3 ( ) ) ; assertEquals ( 1 , redisProperties . getProp4 ( ) ) ; assertTrue ( redisProperties . getJedisPoolConfig ( ) . isTestWhileIdle ( ) ) ; }","assertEquals ( 10000L , redisProperties . getTimeBetweenEvictionRunsMillis ( ) )"
70,0,"@ Override public < T extends Properties > T getProperties ( Class < T > clazz ) { if ( configMap . containsKey ( clazz . getName ( ) ) ) { return ( T ) configMap . get ( clazz . getName ( ) ) ; } lazyInitialize ( clazz ) ; return ( T ) configMap . getOrDefault ( clazz . getName ( ) , EMPTY ) ; }","@ DisplayName ( ""test_getProperties"" ) @ Test void testGetProperties ( ) { RedisProperties redisProperties = environment . getProperties ( RedisProperties . class ) ; assertEquals ( 20 , redisProperties . getMaxConnNum ( ) ) ; assertEquals ( ""standalone"" , redisProperties . getMode ( ) ) ; assertTrue ( redisProperties . isEnabled ( ) ) ; assertEquals ( 10000L , redisProperties . getTimeBetweenEvictionRunsMillis ( ) ) ; <ASSERTION> ; assertEquals ( 1.1 , redisProperties . getProp3 ( ) ) ; assertEquals ( 1 , redisProperties . getProp4 ( ) ) ; assertTrue ( redisProperties . getJedisPoolConfig ( ) . isTestWhileIdle ( ) ) ; }","assertEquals ( 100 , redisProperties . getProp1 ( ) )"
71,0,"@ Override public < T extends Properties > T getProperties ( Class < T > clazz ) { if ( configMap . containsKey ( clazz . getName ( ) ) ) { return ( T ) configMap . get ( clazz . getName ( ) ) ; } lazyInitialize ( clazz ) ; return ( T ) configMap . getOrDefault ( clazz . getName ( ) , EMPTY ) ; }","@ DisplayName ( ""test_getProperties"" ) @ Test void testGetProperties ( ) { RedisProperties redisProperties = environment . getProperties ( RedisProperties . class ) ; assertEquals ( 20 , redisProperties . getMaxConnNum ( ) ) ; assertEquals ( ""standalone"" , redisProperties . getMode ( ) ) ; assertTrue ( redisProperties . isEnabled ( ) ) ; assertEquals ( 10000L , redisProperties . getTimeBetweenEvictionRunsMillis ( ) ) ; assertEquals ( 100 , redisProperties . getProp1 ( ) ) ; <ASSERTION> ; assertEquals ( 1 , redisProperties . getProp4 ( ) ) ; assertTrue ( redisProperties . getJedisPoolConfig ( ) . isTestWhileIdle ( ) ) ; }","assertEquals ( 1.1 , redisProperties . getProp3 ( ) )"
72,0,"@ Override public < T extends Properties > T getProperties ( Class < T > clazz ) { if ( configMap . containsKey ( clazz . getName ( ) ) ) { return ( T ) configMap . get ( clazz . getName ( ) ) ; } lazyInitialize ( clazz ) ; return ( T ) configMap . getOrDefault ( clazz . getName ( ) , EMPTY ) ; }","@ DisplayName ( ""test_getProperties"" ) @ Test void testGetProperties ( ) { RedisProperties redisProperties = environment . getProperties ( RedisProperties . class ) ; assertEquals ( 20 , redisProperties . getMaxConnNum ( ) ) ; assertEquals ( ""standalone"" , redisProperties . getMode ( ) ) ; assertTrue ( redisProperties . isEnabled ( ) ) ; assertEquals ( 10000L , redisProperties . getTimeBetweenEvictionRunsMillis ( ) ) ; assertEquals ( 100 , redisProperties . getProp1 ( ) ) ; assertEquals ( 1.1 , redisProperties . getProp3 ( ) ) ; <ASSERTION> ; assertTrue ( redisProperties . getJedisPoolConfig ( ) . isTestWhileIdle ( ) ) ; }","assertEquals ( 1 , redisProperties . getProp4 ( ) )"
73,0,"@ Override public < T extends Properties > T getProperties ( Class < T > clazz ) { if ( configMap . containsKey ( clazz . getName ( ) ) ) { return ( T ) configMap . get ( clazz . getName ( ) ) ; } lazyInitialize ( clazz ) ; return ( T ) configMap . getOrDefault ( clazz . getName ( ) , EMPTY ) ; }","@ DisplayName ( ""test_getProperties"" ) @ Test void testGetProperties ( ) { RedisProperties redisProperties = environment . getProperties ( RedisProperties . class ) ; assertEquals ( 20 , redisProperties . getMaxConnNum ( ) ) ; assertEquals ( ""standalone"" , redisProperties . getMode ( ) ) ; assertTrue ( redisProperties . isEnabled ( ) ) ; assertEquals ( 10000L , redisProperties . getTimeBetweenEvictionRunsMillis ( ) ) ; assertEquals ( 100 , redisProperties . getProp1 ( ) ) ; assertEquals ( 1.1 , redisProperties . getProp3 ( ) ) ; assertEquals ( 1 , redisProperties . getProp4 ( ) ) ; <ASSERTION> ; }",assertTrue ( redisProperties . getJedisPoolConfig ( ) . isTestWhileIdle ( ) )
74,0,@ Override public BootProcessChain addLast ( BootJob bootJob ) { BootJobContext newJob = newBootJobContext ( bootJob ) ; tail . getPrev ( ) . setNext ( newJob ) ; newJob . setPrev ( tail . getPrev ( ) ) ; tail . setPrev ( newJob ) ; newJob . setNext ( tail ) ; return this ; },"@ DisplayName ( ""test_addLast"" ) @ Test void testAddLast ( ) { BootProcessChain processChain = new DefaultBootProcessChain ( ) ; final List < Integer > list = new ArrayList < > ( 2 ) ; for ( int i = 0 ; i < 2 ; i ++ ) { final Integer tmp = i ; processChain . addLast ( new BootJob ( ) { @ Override public void start ( ) { list . add ( tmp ) ; } } ) ; } processChain . start ( ) ; <ASSERTION> ; assertEquals ( Integer . valueOf ( 1 ) , list . get ( 1 ) ) ; }","assertEquals ( Integer . valueOf ( 0 ) , list . get ( 0 ) )"
75,0,@ Override public BootProcessChain addLast ( BootJob bootJob ) { BootJobContext newJob = newBootJobContext ( bootJob ) ; tail . getPrev ( ) . setNext ( newJob ) ; newJob . setPrev ( tail . getPrev ( ) ) ; tail . setPrev ( newJob ) ; newJob . setNext ( tail ) ; return this ; },"@ DisplayName ( ""test_addLast"" ) @ Test void testAddLast ( ) { BootProcessChain processChain = new DefaultBootProcessChain ( ) ; final List < Integer > list = new ArrayList < > ( 2 ) ; for ( int i = 0 ; i < 2 ; i ++ ) { final Integer tmp = i ; processChain . addLast ( new BootJob ( ) { @ Override public void start ( ) { list . add ( tmp ) ; } } ) ; } processChain . start ( ) ; assertEquals ( Integer . valueOf ( 0 ) , list . get ( 0 ) ) ; <ASSERTION> ; }","assertEquals ( Integer . valueOf ( 1 ) , list . get ( 1 ) )"
76,0,"@ Override public List < T > compare ( List < T > list ) { return compare ( list , true ) ; }","@ DisplayName ( ""test_compare_Desc"" ) @ Test void testCompareDesc ( ) { List < Class > list = new ArrayList < > ( ) ; list . add ( Order1 . class ) ; list . add ( Order2 . class ) ; list = comparator . compare ( list , false ) ; <ASSERTION> ; assertEquals ( Order1 . class , list . get ( 1 ) ) ; }","assertEquals ( Order2 . class , list . get ( 0 ) )"
77,0,"@ Override public List < T > compare ( List < T > list ) { return compare ( list , true ) ; }","@ DisplayName ( ""test_compare_Desc"" ) @ Test void testCompareDesc ( ) { List < Class > list = new ArrayList < > ( ) ; list . add ( Order1 . class ) ; list . add ( Order2 . class ) ; list = comparator . compare ( list , false ) ; assertEquals ( Order2 . class , list . get ( 0 ) ) ; <ASSERTION> ; }","assertEquals ( Order1 . class , list . get ( 1 ) )"
78,0,"@ Override public Object decode ( Connection connection , ByteBuf in ) throws CodecException { MultiMessage multiMessage = null ; while ( in . readableBytes ( ) > 0 ) { int readerIndex = in . readerIndex ( ) ; try { Object msg = super . decode ( connection , in ) ; if ( multiMessage == null ) { multiMessage = MultiMessage . create ( ) ; } multiMessage . addMessage ( msg ) ; } catch ( PacketUnknownCodecException | PacketSizeLimitCodecException e ) { in . readerIndex ( readerIndex ) ; throw e ; } catch ( PacketNotIntactCodecException e ) { in . readerIndex ( readerIndex ) ; break ; } } return multiMessage ; }","@ DisplayName ( ""test_decode"" ) @ Test void testDecode ( ) { ByteBuf out = PooledByteBufAllocator . DEFAULT . heapBuffer ( ) ; out . writeByte ( 0xbc ) ; out . writeByte ( 0xc0 ) ; out . writeByte ( 1 ) ; out . writeByte ( 0 ) ; out . writeInt ( 1 ) ; out . writeByte ( 0 ) ; out . writeInt ( 12 ) ; out . writeBytes ( ""Hello,World!"" . getBytes ( ) ) ; out . writeByte ( 0xbc ) ; out . writeByte ( 0xc0 ) ; out . writeByte ( 1 ) ; out . writeByte ( 0 ) ; out . writeInt ( 1 ) ; out . writeByte ( 0 ) ; out . writeInt ( 4 ) ; out . writeBytes ( ""HaHa"" . getBytes ( ) ) ; MultiMessage msg = ( MultiMessage ) codec . decode ( connection , out ) ; <ASSERTION> ; assertEquals ( ""Hello,World!"" , new String ( ( ( Packet ) msg . get ( 0 ) ) . getPayload ( ) ) ) ; assertEquals ( ""HaHa"" , new String ( ( ( Packet ) msg . get ( 1 ) ) . getPayload ( ) ) ) ; }","assertEquals ( 2 , msg . size ( ) )"
79,0,"@ Override public Object decode ( Connection connection , ByteBuf in ) throws CodecException { MultiMessage multiMessage = null ; while ( in . readableBytes ( ) > 0 ) { int readerIndex = in . readerIndex ( ) ; try { Object msg = super . decode ( connection , in ) ; if ( multiMessage == null ) { multiMessage = MultiMessage . create ( ) ; } multiMessage . addMessage ( msg ) ; } catch ( PacketUnknownCodecException | PacketSizeLimitCodecException e ) { in . readerIndex ( readerIndex ) ; throw e ; } catch ( PacketNotIntactCodecException e ) { in . readerIndex ( readerIndex ) ; break ; } } return multiMessage ; }","@ DisplayName ( ""test_decode"" ) @ Test void testDecode ( ) { ByteBuf out = PooledByteBufAllocator . DEFAULT . heapBuffer ( ) ; out . writeByte ( 0xbc ) ; out . writeByte ( 0xc0 ) ; out . writeByte ( 1 ) ; out . writeByte ( 0 ) ; out . writeInt ( 1 ) ; out . writeByte ( 0 ) ; out . writeInt ( 12 ) ; out . writeBytes ( ""Hello,World!"" . getBytes ( ) ) ; out . writeByte ( 0xbc ) ; out . writeByte ( 0xc0 ) ; out . writeByte ( 1 ) ; out . writeByte ( 0 ) ; out . writeInt ( 1 ) ; out . writeByte ( 0 ) ; out . writeInt ( 4 ) ; out . writeBytes ( ""HaHa"" . getBytes ( ) ) ; MultiMessage msg = ( MultiMessage ) codec . decode ( connection , out ) ; assertEquals ( 2 , msg . size ( ) ) ; <ASSERTION> ; assertEquals ( ""HaHa"" , new String ( ( ( Packet ) msg . get ( 1 ) ) . getPayload ( ) ) ) ; }","assertEquals ( ""Hello,World!"" , new String ( ( ( Packet ) msg . get ( 0 ) ) . getPayload ( ) ) )"
80,0,"@ Override public Object decode ( Connection connection , ByteBuf in ) throws CodecException { MultiMessage multiMessage = null ; while ( in . readableBytes ( ) > 0 ) { int readerIndex = in . readerIndex ( ) ; try { Object msg = super . decode ( connection , in ) ; if ( multiMessage == null ) { multiMessage = MultiMessage . create ( ) ; } multiMessage . addMessage ( msg ) ; } catch ( PacketUnknownCodecException | PacketSizeLimitCodecException e ) { in . readerIndex ( readerIndex ) ; throw e ; } catch ( PacketNotIntactCodecException e ) { in . readerIndex ( readerIndex ) ; break ; } } return multiMessage ; }","@ DisplayName ( ""test_decode"" ) @ Test void testDecode ( ) { ByteBuf out = PooledByteBufAllocator . DEFAULT . heapBuffer ( ) ; out . writeByte ( 0xbc ) ; out . writeByte ( 0xc0 ) ; out . writeByte ( 1 ) ; out . writeByte ( 0 ) ; out . writeInt ( 1 ) ; out . writeByte ( 0 ) ; out . writeInt ( 12 ) ; out . writeBytes ( ""Hello,World!"" . getBytes ( ) ) ; out . writeByte ( 0xbc ) ; out . writeByte ( 0xc0 ) ; out . writeByte ( 1 ) ; out . writeByte ( 0 ) ; out . writeInt ( 1 ) ; out . writeByte ( 0 ) ; out . writeInt ( 4 ) ; out . writeBytes ( ""HaHa"" . getBytes ( ) ) ; MultiMessage msg = ( MultiMessage ) codec . decode ( connection , out ) ; assertEquals ( 2 , msg . size ( ) ) ; assertEquals ( ""Hello,World!"" , new String ( ( ( Packet ) msg . get ( 0 ) ) . getPayload ( ) ) ) ; <ASSERTION> ; }","assertEquals ( ""HaHa"" , new String ( ( ( Packet ) msg . get ( 1 ) ) . getPayload ( ) ) )"
81,0,"@ Override public Object decode ( Connection connection , ByteBuf in ) throws CodecException { MultiMessage multiMessage = null ; while ( in . readableBytes ( ) > 0 ) { int readerIndex = in . readerIndex ( ) ; try { Object msg = super . decode ( connection , in ) ; if ( multiMessage == null ) { multiMessage = MultiMessage . create ( ) ; } multiMessage . addMessage ( msg ) ; } catch ( PacketUnknownCodecException | PacketSizeLimitCodecException e ) { in . readerIndex ( readerIndex ) ; throw e ; } catch ( PacketNotIntactCodecException e ) { in . readerIndex ( readerIndex ) ; break ; } } return multiMessage ; }","@ DisplayName ( ""test_decode_WithNotIntact"" ) @ Test void testDecodeWithNotIntact ( ) { ByteBuf out = PooledByteBufAllocator . DEFAULT . heapBuffer ( ) ; out . writeByte ( 0xbc ) ; out . writeByte ( 0xc0 ) ; out . writeByte ( 1 ) ; out . writeByte ( 0 ) ; out . writeInt ( 1 ) ; out . writeByte ( 0 ) ; out . writeInt ( 1 ) ; MultiMessage msg = ( MultiMessage ) codec . decode ( connection , out ) ; <ASSERTION> ; }",assertNull ( msg )
82,0,"@ Override public byte [ ] decrypt ( byte [ ] encryptData ) { try { javax . crypto . Cipher cipher = javax . crypto . Cipher . getInstance ( KEY_ALGORITHM ) ; cipher . init ( javax . crypto . Cipher . DECRYPT_MODE , privateKey ) ; byte [ ] result = cipher . doFinal ( Base64 . getDecoder ( ) . decode ( encryptData ) ) ; return result ; } catch ( Exception e ) { throw new CryptoException ( e ) ; } }","@ DisplayName ( ""test_decrypt"" ) @ Test void testDecrypt ( ) { byte [ ] encryptData = rsaCipher . encrypt ( ""我是ukuz😄"" . getBytes ( StandardCharsets . UTF_8 ) ) ; byte [ ] decryptData = rsaCipher . decrypt ( encryptData ) ; <ASSERTION> ; }","assertEquals ( ""我是ukuz😄"" , new String ( decryptData , StandardCharsets . UTF_8 ) )"
83,0,"@ Override public byte [ ] decrypt ( byte [ ] encryptData ) { Properties properties = new Properties ( ) ; try ( ByteArrayInputStream inputStream = new ByteArrayInputStream ( encryptData ) ; CryptoInputStream cis = new CryptoInputStream ( KEY_ALGORITHM_TRANSFORM , properties , inputStream , key , iv ) ) { byte [ ] decryptedData = new byte [ cis . available ( ) ] ; int decryptedLen = 0 ; int i ; while ( ( i = cis . read ( decryptedData , decryptedLen , decryptedData . length - decryptedLen ) ) > - 1 ) { decryptedLen += i ; } return Arrays . copyOf ( decryptedData , decryptedLen ) ; } catch ( IOException e ) { throw new CryptoException ( e ) ; } }","@ DisplayName ( ""test_decrypt"" ) @ Test void testDecrypt ( ) { byte [ ] encryptData = aesCipher . encrypt ( ""我叫ukuz!"" . getBytes ( StandardCharsets . UTF_8 ) ) ; byte [ ] decryptData = aesCipher . decrypt ( encryptData ) ; <ASSERTION> ; }","assertEquals ( ""我叫ukuz!"" , new String ( decryptData ) )"
84,0,"@ Override public BeanItem < BEANTYPE > addItemAt ( int index , IDTYPE newItemId , BEANTYPE bean ) { if ( newItemId != null && bean != null ) { return super . addItemAt ( index , newItemId , bean ) ; } else { return null ; } }","@ Test public void testAddItemAt ( ) { BeanContainer < String , String > container = new BeanContainer < String , String > ( String . class ) ; container . addItem ( ""id1"" , ""value1"" ) ; container . addItemAt ( 0 , ""id2"" , ""value2"" ) ; container . addItemAt ( 1 , ""id3"" , ""value3"" ) ; container . addItemAt ( container . size ( ) , ""id4"" , ""value4"" ) ; <ASSERTION> ; assertNull ( container . addItemAt ( container . size ( ) + 1 , ""id6"" , ""value6"" ) ) ; assertEquals ( 4 , container . size ( ) ) ; assertEquals ( ""id2"" , container . getIdByIndex ( 0 ) ) ; assertEquals ( ""id3"" , container . getIdByIndex ( 1 ) ) ; assertEquals ( ""id1"" , container . getIdByIndex ( 2 ) ) ; assertEquals ( ""id4"" , container . getIdByIndex ( 3 ) ) ; }","assertNull ( container . addItemAt ( - 1 , ""id5"" , ""value5"" ) )"
85,0,"@ Override public BeanItem < BEANTYPE > addItemAt ( int index , IDTYPE newItemId , BEANTYPE bean ) { if ( newItemId != null && bean != null ) { return super . addItemAt ( index , newItemId , bean ) ; } else { return null ; } }","@ Test public void testAddItemAt ( ) { BeanContainer < String , String > container = new BeanContainer < String , String > ( String . class ) ; container . addItem ( ""id1"" , ""value1"" ) ; container . addItemAt ( 0 , ""id2"" , ""value2"" ) ; container . addItemAt ( 1 , ""id3"" , ""value3"" ) ; container . addItemAt ( container . size ( ) , ""id4"" , ""value4"" ) ; assertNull ( container . addItemAt ( - 1 , ""id5"" , ""value5"" ) ) ; <ASSERTION> ; assertEquals ( 4 , container . size ( ) ) ; assertEquals ( ""id2"" , container . getIdByIndex ( 0 ) ) ; assertEquals ( ""id3"" , container . getIdByIndex ( 1 ) ) ; assertEquals ( ""id1"" , container . getIdByIndex ( 2 ) ) ; assertEquals ( ""id4"" , container . getIdByIndex ( 3 ) ) ; }","assertNull ( container . addItemAt ( container . size ( ) + 1 , ""id6"" , ""value6"" ) )"
86,0,"@ Override public BeanItem < BEANTYPE > addItemAt ( int index , IDTYPE newItemId , BEANTYPE bean ) { if ( newItemId != null && bean != null ) { return super . addItemAt ( index , newItemId , bean ) ; } else { return null ; } }","@ Test public void testAddItemAt ( ) { BeanContainer < String , String > container = new BeanContainer < String , String > ( String . class ) ; container . addItem ( ""id1"" , ""value1"" ) ; container . addItemAt ( 0 , ""id2"" , ""value2"" ) ; container . addItemAt ( 1 , ""id3"" , ""value3"" ) ; container . addItemAt ( container . size ( ) , ""id4"" , ""value4"" ) ; assertNull ( container . addItemAt ( - 1 , ""id5"" , ""value5"" ) ) ; assertNull ( container . addItemAt ( container . size ( ) + 1 , ""id6"" , ""value6"" ) ) ; <ASSERTION> ; assertEquals ( ""id2"" , container . getIdByIndex ( 0 ) ) ; assertEquals ( ""id3"" , container . getIdByIndex ( 1 ) ) ; assertEquals ( ""id1"" , container . getIdByIndex ( 2 ) ) ; assertEquals ( ""id4"" , container . getIdByIndex ( 3 ) ) ; }","assertEquals ( 4 , container . size ( ) )"
87,0,"@ Override public BeanItem < BEANTYPE > addItemAt ( int index , IDTYPE newItemId , BEANTYPE bean ) { if ( newItemId != null && bean != null ) { return super . addItemAt ( index , newItemId , bean ) ; } else { return null ; } }","@ Test public void testAddItemAt ( ) { BeanContainer < String , String > container = new BeanContainer < String , String > ( String . class ) ; container . addItem ( ""id1"" , ""value1"" ) ; container . addItemAt ( 0 , ""id2"" , ""value2"" ) ; container . addItemAt ( 1 , ""id3"" , ""value3"" ) ; container . addItemAt ( container . size ( ) , ""id4"" , ""value4"" ) ; assertNull ( container . addItemAt ( - 1 , ""id5"" , ""value5"" ) ) ; assertNull ( container . addItemAt ( container . size ( ) + 1 , ""id6"" , ""value6"" ) ) ; assertEquals ( 4 , container . size ( ) ) ; <ASSERTION> ; assertEquals ( ""id3"" , container . getIdByIndex ( 1 ) ) ; assertEquals ( ""id1"" , container . getIdByIndex ( 2 ) ) ; assertEquals ( ""id4"" , container . getIdByIndex ( 3 ) ) ; }","assertEquals ( ""id2"" , container . getIdByIndex ( 0 ) )"
88,0,"@ Override public BeanItem < BEANTYPE > addItemAt ( int index , IDTYPE newItemId , BEANTYPE bean ) { if ( newItemId != null && bean != null ) { return super . addItemAt ( index , newItemId , bean ) ; } else { return null ; } }","@ Test public void testAddItemAt ( ) { BeanContainer < String , String > container = new BeanContainer < String , String > ( String . class ) ; container . addItem ( ""id1"" , ""value1"" ) ; container . addItemAt ( 0 , ""id2"" , ""value2"" ) ; container . addItemAt ( 1 , ""id3"" , ""value3"" ) ; container . addItemAt ( container . size ( ) , ""id4"" , ""value4"" ) ; assertNull ( container . addItemAt ( - 1 , ""id5"" , ""value5"" ) ) ; assertNull ( container . addItemAt ( container . size ( ) + 1 , ""id6"" , ""value6"" ) ) ; assertEquals ( 4 , container . size ( ) ) ; assertEquals ( ""id2"" , container . getIdByIndex ( 0 ) ) ; <ASSERTION> ; assertEquals ( ""id1"" , container . getIdByIndex ( 2 ) ) ; assertEquals ( ""id4"" , container . getIdByIndex ( 3 ) ) ; }","assertEquals ( ""id3"" , container . getIdByIndex ( 1 ) )"
89,0,"@ Override public BeanItem < BEANTYPE > addItemAt ( int index , IDTYPE newItemId , BEANTYPE bean ) { if ( newItemId != null && bean != null ) { return super . addItemAt ( index , newItemId , bean ) ; } else { return null ; } }","@ Test public void testAddItemAt ( ) { BeanContainer < String , String > container = new BeanContainer < String , String > ( String . class ) ; container . addItem ( ""id1"" , ""value1"" ) ; container . addItemAt ( 0 , ""id2"" , ""value2"" ) ; container . addItemAt ( 1 , ""id3"" , ""value3"" ) ; container . addItemAt ( container . size ( ) , ""id4"" , ""value4"" ) ; assertNull ( container . addItemAt ( - 1 , ""id5"" , ""value5"" ) ) ; assertNull ( container . addItemAt ( container . size ( ) + 1 , ""id6"" , ""value6"" ) ) ; assertEquals ( 4 , container . size ( ) ) ; assertEquals ( ""id2"" , container . getIdByIndex ( 0 ) ) ; assertEquals ( ""id3"" , container . getIdByIndex ( 1 ) ) ; <ASSERTION> ; assertEquals ( ""id4"" , container . getIdByIndex ( 3 ) ) ; }","assertEquals ( ""id1"" , container . getIdByIndex ( 2 ) )"
90,0,"@ Override public BeanItem < BEANTYPE > addItemAt ( int index , IDTYPE newItemId , BEANTYPE bean ) { if ( newItemId != null && bean != null ) { return super . addItemAt ( index , newItemId , bean ) ; } else { return null ; } }","@ Test public void testAddItemAt ( ) { BeanContainer < String , String > container = new BeanContainer < String , String > ( String . class ) ; container . addItem ( ""id1"" , ""value1"" ) ; container . addItemAt ( 0 , ""id2"" , ""value2"" ) ; container . addItemAt ( 1 , ""id3"" , ""value3"" ) ; container . addItemAt ( container . size ( ) , ""id4"" , ""value4"" ) ; assertNull ( container . addItemAt ( - 1 , ""id5"" , ""value5"" ) ) ; assertNull ( container . addItemAt ( container . size ( ) + 1 , ""id6"" , ""value6"" ) ) ; assertEquals ( 4 , container . size ( ) ) ; assertEquals ( ""id2"" , container . getIdByIndex ( 0 ) ) ; assertEquals ( ""id3"" , container . getIdByIndex ( 1 ) ) ; assertEquals ( ""id1"" , container . getIdByIndex ( 2 ) ) ; <ASSERTION> ; }","assertEquals ( ""id4"" , container . getIdByIndex ( 3 ) )"
91,0,"String readKeyFromFile ( URL url , int majorVersion ) throws IOException { String majorVersionStr = String . valueOf ( majorVersion ) ; List < String > lines = IOUtils . readLines ( url . openStream ( ) ) ; String defaultKey = null ; for ( String line : lines ) { String [ ] parts = line . split ( ""\\s*=\\s*"" ) ; if ( parts . length < 2 ) { defaultKey = parts [ 0 ] . trim ( ) ; } if ( parts [ 0 ] . equals ( majorVersionStr ) ) { return parts [ 1 ] . trim ( ) ; } } return defaultKey ; }","@ Test public void testReadKeyFromFile_LicenseFileHasSingleIdentifiedKey ( ) throws Exception { File tmpLicenseFile = File . createTempFile ( ""license"" , ""lic"" ) ; PrintWriter out = new PrintWriter ( tmpLicenseFile ) ; out . println ( ""4=this-is-a-license"" ) ; out . close ( ) ; <ASSERTION> ; tmpLicenseFile . delete ( ) ; }","assertEquals ( ""this-is-a-license"" , licenseChecker . readKeyFromFile ( tmpLicenseFile . toURI ( ) . toURL ( ) , 4 ) )"
92,0,@ Override public boolean equals ( Object obj ) { if ( obj == null || ! ( ReadOnlyRowId . class . equals ( obj . getClass ( ) ) ) ) { return false ; } return getRowNum ( ) == ( ( ( ReadOnlyRowId ) obj ) . getRowNum ( ) ) ; },@ Test public void equals_compareWithSameInstance_shouldBeTrue ( ) { ReadOnlyRowId rid = new ReadOnlyRowId ( 1337 ) ; ReadOnlyRowId rid2 = rid ; <ASSERTION> ; },assertTrue ( rid . equals ( rid2 ) )
93,0,@ Override public Object lastItemId ( ) { if ( addedItems . isEmpty ( ) ) { int lastIx = size ( ) - 1 ; if ( ! itemIndexes . containsKey ( lastIx ) ) { updateOffsetAndCache ( size - 1 ) ; } return itemIndexes . get ( lastIx ) ; } else { int ix = addedItems . size ( ) ; do { ix -- ; } while ( ! itemPassesFilters ( addedItems . get ( ix ) ) && ix >= 0 ) ; if ( ix >= 0 ) { return addedItems . get ( ix ) . getId ( ) ; } else { return null ; } } },"@ Test public void lastItemId_freeform5000Rows_returnsItemId4999 ( ) throws SQLException { DataGenerator . addFiveThousandPeople ( connectionPool ) ; SQLContainer container = new SQLContainer ( new FreeformQuery ( ""SELECT * FROM people ORDER BY \""ID\"" ASC"" , connectionPool , ""ID"" ) ) ; if ( SQLTestsConstants . db == DB . ORACLE ) { <ASSERTION> ; } else { assertEquals ( new RowId ( new Object [ ] { 4999 + offset } ) , container . lastItemId ( ) ) ; } }","assertEquals ( new RowId ( new Object [ ] { 4999 + offset } ) . toString ( ) , container . lastItemId ( ) . toString ( ) )"
94,0,@ Override public Object lastItemId ( ) { if ( addedItems . isEmpty ( ) ) { int lastIx = size ( ) - 1 ; if ( ! itemIndexes . containsKey ( lastIx ) ) { updateOffsetAndCache ( size - 1 ) ; } return itemIndexes . get ( lastIx ) ; } else { int ix = addedItems . size ( ) ; do { ix -- ; } while ( ! itemPassesFilters ( addedItems . get ( ix ) ) && ix >= 0 ) ; if ( ix >= 0 ) { return addedItems . get ( ix ) . getId ( ) ; } else { return null ; } } },"@ Test public void lastItemId_freeform5000Rows_returnsItemId4999 ( ) throws SQLException { DataGenerator . addFiveThousandPeople ( connectionPool ) ; SQLContainer container = new SQLContainer ( new FreeformQuery ( ""SELECT * FROM people ORDER BY \""ID\"" ASC"" , connectionPool , ""ID"" ) ) ; if ( SQLTestsConstants . db == DB . ORACLE ) { assertEquals ( new RowId ( new Object [ ] { 4999 + offset } ) . toString ( ) , container . lastItemId ( ) . toString ( ) ) ; } else { <ASSERTION> ; } }","assertEquals ( new RowId ( new Object [ ] { 4999 + offset } ) , container . lastItemId ( ) )"
95,0,@ Override public int hashCode ( ) { return getRowNum ( ) ; },@ Test public void hashCode_shouldBeEqualToHashCodeOfRowNum ( ) { int rowNum = 1337 ; ReadOnlyRowId rid = new ReadOnlyRowId ( rowNum ) ; <ASSERTION> ; },"assertEquals ( Integer . valueOf ( rowNum ) . hashCode ( ) , rid . hashCode ( ) )"
96,0,"@ Override public int getCount ( ) throws SQLException { int count = countByDelegate ( ) ; if ( count < 0 ) { Statement statement = null ; ResultSet rs = null ; Connection conn = getConnection ( ) ; try { statement = conn . createStatement ( ResultSet . TYPE_SCROLL_INSENSITIVE , ResultSet . CONCUR_READ_ONLY ) ; rs = statement . executeQuery ( queryString ) ; if ( rs . last ( ) ) { count = rs . getRow ( ) ; } else { count = 0 ; } } finally { releaseConnection ( conn , statement , rs ) ; } } return count ; }","@ Test public void getCount_normalState_releasesConnection ( ) throws SQLException { FreeformQuery query = new FreeformQuery ( ""SELECT * FROM people WHERE \""NAME\"" LIKE '%lle'"" , connectionPool , ""ID"" ) ; query . getCount ( ) ; query . getCount ( ) ; Connection c = connectionPool . reserveConnection ( ) ; <ASSERTION> ; connectionPool . releaseConnection ( c ) ; }",assertNotNull ( c )
97,0,@ Override public BeanItem < BEANTYPE > addBean ( BEANTYPE bean ) { return addItem ( bean ) ; },"@ Test public void testAddNestedContainerBeanAfterData ( ) { BeanItemContainer < NestedMethodPropertyTest . Person > container = new BeanItemContainer < NestedMethodPropertyTest . Person > ( NestedMethodPropertyTest . Person . class ) ; NestedMethodPropertyTest . Person john = new NestedMethodPropertyTest . Person ( ""John"" , new Address ( ""streetname"" , 12345 ) ) ; container . addBean ( john ) ; container . addNestedContainerBean ( ""address"" ) ; <ASSERTION> ; assertTrue ( container . getItem ( john ) . getItemPropertyIds ( ) . contains ( ""address.street"" ) ) ; assertEquals ( ""streetname"" , container . getItem ( john ) . getItemProperty ( ""address.street"" ) . getValue ( ) ) ; }","assertTrue ( container . getContainerPropertyIds ( ) . contains ( ""address.street"" ) )"
98,0,@ Override public BeanItem < BEANTYPE > addBean ( BEANTYPE bean ) { return addItem ( bean ) ; },"@ Test public void testAddNestedContainerBeanAfterData ( ) { BeanItemContainer < NestedMethodPropertyTest . Person > container = new BeanItemContainer < NestedMethodPropertyTest . Person > ( NestedMethodPropertyTest . Person . class ) ; NestedMethodPropertyTest . Person john = new NestedMethodPropertyTest . Person ( ""John"" , new Address ( ""streetname"" , 12345 ) ) ; container . addBean ( john ) ; container . addNestedContainerBean ( ""address"" ) ; assertTrue ( container . getContainerPropertyIds ( ) . contains ( ""address.street"" ) ) ; <ASSERTION> ; assertEquals ( ""streetname"" , container . getItem ( john ) . getItemProperty ( ""address.street"" ) . getValue ( ) ) ; }","assertTrue ( container . getItem ( john ) . getItemPropertyIds ( ) . contains ( ""address.street"" ) )"
99,0,@ Override public BeanItem < BEANTYPE > addBean ( BEANTYPE bean ) { return addItem ( bean ) ; },"@ Test public void testAddNestedContainerBeanAfterData ( ) { BeanItemContainer < NestedMethodPropertyTest . Person > container = new BeanItemContainer < NestedMethodPropertyTest . Person > ( NestedMethodPropertyTest . Person . class ) ; NestedMethodPropertyTest . Person john = new NestedMethodPropertyTest . Person ( ""John"" , new Address ( ""streetname"" , 12345 ) ) ; container . addBean ( john ) ; container . addNestedContainerBean ( ""address"" ) ; assertTrue ( container . getContainerPropertyIds ( ) . contains ( ""address.street"" ) ) ; assertTrue ( container . getItem ( john ) . getItemPropertyIds ( ) . contains ( ""address.street"" ) ) ; <ASSERTION> ; }","assertEquals ( ""streetname"" , container . getItem ( john ) . getItemProperty ( ""address.street"" ) . getValue ( ) )"
100,0,"public static String camelCaseToHumanFriendly ( String camelCaseString ) { String [ ] parts = splitCamelCase ( camelCaseString ) ; for ( int i = 0 ; i < parts . length ; i ++ ) { parts [ i ] = capitalize ( parts [ i ] ) ; } return join ( parts , "" "" ) ; }","@ Test public void camelCaseToHumanReadable ( ) { <ASSERTION> ; assertEquals ( ""First Name"" , SharedUtil . camelCaseToHumanFriendly ( ""first name"" ) ) ; assertEquals ( ""First Name2"" , SharedUtil . camelCaseToHumanFriendly ( ""firstName2"" ) ) ; assertEquals ( ""First"" , SharedUtil . camelCaseToHumanFriendly ( ""first"" ) ) ; assertEquals ( ""First"" , SharedUtil . camelCaseToHumanFriendly ( ""First"" ) ) ; assertEquals ( ""Some XYZ Abbreviation"" , SharedUtil . camelCaseToHumanFriendly ( ""SomeXYZAbbreviation"" ) ) ; assertEquals ( ""My Bean Container"" , SharedUtil . camelCaseToHumanFriendly ( ""MyBeanContainer"" ) ) ; assertEquals ( ""Awesome URL Factory"" , SharedUtil . camelCaseToHumanFriendly ( ""AwesomeURLFactory"" ) ) ; assertEquals ( ""Some Uri Action"" , SharedUtil . camelCaseToHumanFriendly ( ""SomeUriAction"" ) ) ; }","assertEquals ( ""First Name"" , SharedUtil . camelCaseToHumanFriendly ( ""firstName"" ) )"
101,0,"public static String camelCaseToHumanFriendly ( String camelCaseString ) { String [ ] parts = splitCamelCase ( camelCaseString ) ; for ( int i = 0 ; i < parts . length ; i ++ ) { parts [ i ] = capitalize ( parts [ i ] ) ; } return join ( parts , "" "" ) ; }","@ Test public void camelCaseToHumanReadable ( ) { assertEquals ( ""First Name"" , SharedUtil . camelCaseToHumanFriendly ( ""firstName"" ) ) ; <ASSERTION> ; assertEquals ( ""First Name2"" , SharedUtil . camelCaseToHumanFriendly ( ""firstName2"" ) ) ; assertEquals ( ""First"" , SharedUtil . camelCaseToHumanFriendly ( ""first"" ) ) ; assertEquals ( ""First"" , SharedUtil . camelCaseToHumanFriendly ( ""First"" ) ) ; assertEquals ( ""Some XYZ Abbreviation"" , SharedUtil . camelCaseToHumanFriendly ( ""SomeXYZAbbreviation"" ) ) ; assertEquals ( ""My Bean Container"" , SharedUtil . camelCaseToHumanFriendly ( ""MyBeanContainer"" ) ) ; assertEquals ( ""Awesome URL Factory"" , SharedUtil . camelCaseToHumanFriendly ( ""AwesomeURLFactory"" ) ) ; assertEquals ( ""Some Uri Action"" , SharedUtil . camelCaseToHumanFriendly ( ""SomeUriAction"" ) ) ; }","assertEquals ( ""First Name"" , SharedUtil . camelCaseToHumanFriendly ( ""first name"" ) )"
102,0,"public static String camelCaseToHumanFriendly ( String camelCaseString ) { String [ ] parts = splitCamelCase ( camelCaseString ) ; for ( int i = 0 ; i < parts . length ; i ++ ) { parts [ i ] = capitalize ( parts [ i ] ) ; } return join ( parts , "" "" ) ; }","@ Test public void camelCaseToHumanReadable ( ) { assertEquals ( ""First Name"" , SharedUtil . camelCaseToHumanFriendly ( ""firstName"" ) ) ; assertEquals ( ""First Name"" , SharedUtil . camelCaseToHumanFriendly ( ""first name"" ) ) ; <ASSERTION> ; assertEquals ( ""First"" , SharedUtil . camelCaseToHumanFriendly ( ""first"" ) ) ; assertEquals ( ""First"" , SharedUtil . camelCaseToHumanFriendly ( ""First"" ) ) ; assertEquals ( ""Some XYZ Abbreviation"" , SharedUtil . camelCaseToHumanFriendly ( ""SomeXYZAbbreviation"" ) ) ; assertEquals ( ""My Bean Container"" , SharedUtil . camelCaseToHumanFriendly ( ""MyBeanContainer"" ) ) ; assertEquals ( ""Awesome URL Factory"" , SharedUtil . camelCaseToHumanFriendly ( ""AwesomeURLFactory"" ) ) ; assertEquals ( ""Some Uri Action"" , SharedUtil . camelCaseToHumanFriendly ( ""SomeUriAction"" ) ) ; }","assertEquals ( ""First Name2"" , SharedUtil . camelCaseToHumanFriendly ( ""firstName2"" ) )"
103,0,"public static String camelCaseToHumanFriendly ( String camelCaseString ) { String [ ] parts = splitCamelCase ( camelCaseString ) ; for ( int i = 0 ; i < parts . length ; i ++ ) { parts [ i ] = capitalize ( parts [ i ] ) ; } return join ( parts , "" "" ) ; }","@ Test public void camelCaseToHumanReadable ( ) { assertEquals ( ""First Name"" , SharedUtil . camelCaseToHumanFriendly ( ""firstName"" ) ) ; assertEquals ( ""First Name"" , SharedUtil . camelCaseToHumanFriendly ( ""first name"" ) ) ; assertEquals ( ""First Name2"" , SharedUtil . camelCaseToHumanFriendly ( ""firstName2"" ) ) ; <ASSERTION> ; assertEquals ( ""First"" , SharedUtil . camelCaseToHumanFriendly ( ""First"" ) ) ; assertEquals ( ""Some XYZ Abbreviation"" , SharedUtil . camelCaseToHumanFriendly ( ""SomeXYZAbbreviation"" ) ) ; assertEquals ( ""My Bean Container"" , SharedUtil . camelCaseToHumanFriendly ( ""MyBeanContainer"" ) ) ; assertEquals ( ""Awesome URL Factory"" , SharedUtil . camelCaseToHumanFriendly ( ""AwesomeURLFactory"" ) ) ; assertEquals ( ""Some Uri Action"" , SharedUtil . camelCaseToHumanFriendly ( ""SomeUriAction"" ) ) ; }","assertEquals ( ""First"" , SharedUtil . camelCaseToHumanFriendly ( ""first"" ) )"
104,0,"public static String camelCaseToHumanFriendly ( String camelCaseString ) { String [ ] parts = splitCamelCase ( camelCaseString ) ; for ( int i = 0 ; i < parts . length ; i ++ ) { parts [ i ] = capitalize ( parts [ i ] ) ; } return join ( parts , "" "" ) ; }","@ Test public void camelCaseToHumanReadable ( ) { assertEquals ( ""First Name"" , SharedUtil . camelCaseToHumanFriendly ( ""firstName"" ) ) ; assertEquals ( ""First Name"" , SharedUtil . camelCaseToHumanFriendly ( ""first name"" ) ) ; assertEquals ( ""First Name2"" , SharedUtil . camelCaseToHumanFriendly ( ""firstName2"" ) ) ; assertEquals ( ""First"" , SharedUtil . camelCaseToHumanFriendly ( ""first"" ) ) ; <ASSERTION> ; assertEquals ( ""Some XYZ Abbreviation"" , SharedUtil . camelCaseToHumanFriendly ( ""SomeXYZAbbreviation"" ) ) ; assertEquals ( ""My Bean Container"" , SharedUtil . camelCaseToHumanFriendly ( ""MyBeanContainer"" ) ) ; assertEquals ( ""Awesome URL Factory"" , SharedUtil . camelCaseToHumanFriendly ( ""AwesomeURLFactory"" ) ) ; assertEquals ( ""Some Uri Action"" , SharedUtil . camelCaseToHumanFriendly ( ""SomeUriAction"" ) ) ; }","assertEquals ( ""First"" , SharedUtil . camelCaseToHumanFriendly ( ""First"" ) )"
105,0,"public static String camelCaseToHumanFriendly ( String camelCaseString ) { String [ ] parts = splitCamelCase ( camelCaseString ) ; for ( int i = 0 ; i < parts . length ; i ++ ) { parts [ i ] = capitalize ( parts [ i ] ) ; } return join ( parts , "" "" ) ; }","@ Test public void camelCaseToHumanReadable ( ) { assertEquals ( ""First Name"" , SharedUtil . camelCaseToHumanFriendly ( ""firstName"" ) ) ; assertEquals ( ""First Name"" , SharedUtil . camelCaseToHumanFriendly ( ""first name"" ) ) ; assertEquals ( ""First Name2"" , SharedUtil . camelCaseToHumanFriendly ( ""firstName2"" ) ) ; assertEquals ( ""First"" , SharedUtil . camelCaseToHumanFriendly ( ""first"" ) ) ; assertEquals ( ""First"" , SharedUtil . camelCaseToHumanFriendly ( ""First"" ) ) ; <ASSERTION> ; assertEquals ( ""My Bean Container"" , SharedUtil . camelCaseToHumanFriendly ( ""MyBeanContainer"" ) ) ; assertEquals ( ""Awesome URL Factory"" , SharedUtil . camelCaseToHumanFriendly ( ""AwesomeURLFactory"" ) ) ; assertEquals ( ""Some Uri Action"" , SharedUtil . camelCaseToHumanFriendly ( ""SomeUriAction"" ) ) ; }","assertEquals ( ""Some XYZ Abbreviation"" , SharedUtil . camelCaseToHumanFriendly ( ""SomeXYZAbbreviation"" ) )"
106,0,"public static String camelCaseToHumanFriendly ( String camelCaseString ) { String [ ] parts = splitCamelCase ( camelCaseString ) ; for ( int i = 0 ; i < parts . length ; i ++ ) { parts [ i ] = capitalize ( parts [ i ] ) ; } return join ( parts , "" "" ) ; }","@ Test public void camelCaseToHumanReadable ( ) { assertEquals ( ""First Name"" , SharedUtil . camelCaseToHumanFriendly ( ""firstName"" ) ) ; assertEquals ( ""First Name"" , SharedUtil . camelCaseToHumanFriendly ( ""first name"" ) ) ; assertEquals ( ""First Name2"" , SharedUtil . camelCaseToHumanFriendly ( ""firstName2"" ) ) ; assertEquals ( ""First"" , SharedUtil . camelCaseToHumanFriendly ( ""first"" ) ) ; assertEquals ( ""First"" , SharedUtil . camelCaseToHumanFriendly ( ""First"" ) ) ; assertEquals ( ""Some XYZ Abbreviation"" , SharedUtil . camelCaseToHumanFriendly ( ""SomeXYZAbbreviation"" ) ) ; <ASSERTION> ; assertEquals ( ""Awesome URL Factory"" , SharedUtil . camelCaseToHumanFriendly ( ""AwesomeURLFactory"" ) ) ; assertEquals ( ""Some Uri Action"" , SharedUtil . camelCaseToHumanFriendly ( ""SomeUriAction"" ) ) ; }","assertEquals ( ""My Bean Container"" , SharedUtil . camelCaseToHumanFriendly ( ""MyBeanContainer"" ) )"
107,0,"public static String camelCaseToHumanFriendly ( String camelCaseString ) { String [ ] parts = splitCamelCase ( camelCaseString ) ; for ( int i = 0 ; i < parts . length ; i ++ ) { parts [ i ] = capitalize ( parts [ i ] ) ; } return join ( parts , "" "" ) ; }","@ Test public void camelCaseToHumanReadable ( ) { assertEquals ( ""First Name"" , SharedUtil . camelCaseToHumanFriendly ( ""firstName"" ) ) ; assertEquals ( ""First Name"" , SharedUtil . camelCaseToHumanFriendly ( ""first name"" ) ) ; assertEquals ( ""First Name2"" , SharedUtil . camelCaseToHumanFriendly ( ""firstName2"" ) ) ; assertEquals ( ""First"" , SharedUtil . camelCaseToHumanFriendly ( ""first"" ) ) ; assertEquals ( ""First"" , SharedUtil . camelCaseToHumanFriendly ( ""First"" ) ) ; assertEquals ( ""Some XYZ Abbreviation"" , SharedUtil . camelCaseToHumanFriendly ( ""SomeXYZAbbreviation"" ) ) ; assertEquals ( ""My Bean Container"" , SharedUtil . camelCaseToHumanFriendly ( ""MyBeanContainer"" ) ) ; <ASSERTION> ; assertEquals ( ""Some Uri Action"" , SharedUtil . camelCaseToHumanFriendly ( ""SomeUriAction"" ) ) ; }","assertEquals ( ""Awesome URL Factory"" , SharedUtil . camelCaseToHumanFriendly ( ""AwesomeURLFactory"" ) )"
108,0,"public static String camelCaseToHumanFriendly ( String camelCaseString ) { String [ ] parts = splitCamelCase ( camelCaseString ) ; for ( int i = 0 ; i < parts . length ; i ++ ) { parts [ i ] = capitalize ( parts [ i ] ) ; } return join ( parts , "" "" ) ; }","@ Test public void camelCaseToHumanReadable ( ) { assertEquals ( ""First Name"" , SharedUtil . camelCaseToHumanFriendly ( ""firstName"" ) ) ; assertEquals ( ""First Name"" , SharedUtil . camelCaseToHumanFriendly ( ""first name"" ) ) ; assertEquals ( ""First Name2"" , SharedUtil . camelCaseToHumanFriendly ( ""firstName2"" ) ) ; assertEquals ( ""First"" , SharedUtil . camelCaseToHumanFriendly ( ""first"" ) ) ; assertEquals ( ""First"" , SharedUtil . camelCaseToHumanFriendly ( ""First"" ) ) ; assertEquals ( ""Some XYZ Abbreviation"" , SharedUtil . camelCaseToHumanFriendly ( ""SomeXYZAbbreviation"" ) ) ; assertEquals ( ""My Bean Container"" , SharedUtil . camelCaseToHumanFriendly ( ""MyBeanContainer"" ) ) ; assertEquals ( ""Awesome URL Factory"" , SharedUtil . camelCaseToHumanFriendly ( ""AwesomeURLFactory"" ) ) ; <ASSERTION> ; }","assertEquals ( ""Some Uri Action"" , SharedUtil . camelCaseToHumanFriendly ( ""SomeUriAction"" ) )"
109,0,@ Override public boolean isFirstId ( Object itemId ) { return firstItemId ( ) . equals ( itemId ) ; },"@ Test public void isFirstId_freeformActualFirstId_returnsTrue ( ) throws SQLException { SQLContainer container = new SQLContainer ( new FreeformQuery ( ""SELECT * FROM people"" , connectionPool , ""ID"" ) ) ; if ( SQLTestsConstants . db == DB . ORACLE ) { <ASSERTION> ; } else { assertTrue ( container . isFirstId ( new RowId ( new Object [ ] { 0 + offset } ) ) ) ; } }",assertTrue ( container . isFirstId ( new RowId ( new Object [ ] { new BigDecimal ( 0 + offset ) } ) ) )
110,0,@ Override public boolean isFirstId ( Object itemId ) { return firstItemId ( ) . equals ( itemId ) ; },"@ Test public void isFirstId_freeformActualFirstId_returnsTrue ( ) throws SQLException { SQLContainer container = new SQLContainer ( new FreeformQuery ( ""SELECT * FROM people"" , connectionPool , ""ID"" ) ) ; if ( SQLTestsConstants . db == DB . ORACLE ) { assertTrue ( container . isFirstId ( new RowId ( new Object [ ] { new BigDecimal ( 0 + offset ) } ) ) ) ; } else { <ASSERTION> ; } }",assertTrue ( container . isFirstId ( new RowId ( new Object [ ] { 0 + offset } ) ) )
111,0,@ Override public boolean isLastId ( Object itemId ) { return lastItemId ( ) . equals ( itemId ) ; },"@ Test public void isLastId_freeformLastId_returnsTrue ( ) throws SQLException { SQLContainer container = new SQLContainer ( new FreeformQuery ( ""SELECT * FROM people"" , connectionPool , ""ID"" ) ) ; if ( SQLTestsConstants . db == DB . ORACLE ) { <ASSERTION> ; } else { assertTrue ( container . isLastId ( new RowId ( new Object [ ] { 3 + offset } ) ) ) ; } }",assertTrue ( container . isLastId ( new RowId ( new Object [ ] { new BigDecimal ( 3 + offset ) } ) ) )
112,0,@ Override public boolean isLastId ( Object itemId ) { return lastItemId ( ) . equals ( itemId ) ; },"@ Test public void isLastId_freeformLastId_returnsTrue ( ) throws SQLException { SQLContainer container = new SQLContainer ( new FreeformQuery ( ""SELECT * FROM people"" , connectionPool , ""ID"" ) ) ; if ( SQLTestsConstants . db == DB . ORACLE ) { assertTrue ( container . isLastId ( new RowId ( new Object [ ] { new BigDecimal ( 3 + offset ) } ) ) ) ; } else { <ASSERTION> ; } }",assertTrue ( container . isLastId ( new RowId ( new Object [ ] { 3 + offset } ) ) )
113,0,"public void write ( UI ui , Writer writer , boolean repaintAll , boolean async , SystemMessages messages ) throws IOException { writer . write ( ""{"" ) ; boolean metaOpen = false ; if ( repaintAll ) { metaOpen = true ; writer . write ( ""\""repaintAll\"":true"" ) ; } if ( async ) { if ( metaOpen ) { writer . write ( "", "" ) ; } metaOpen = true ; writer . write ( ""\""async\"":true"" ) ; } if ( messages != null && messages . getSessionExpiredMessage ( ) == null && messages . getSessionExpiredCaption ( ) == null && messages . isSessionExpiredNotificationEnabled ( ) && ui . getSession ( ) . getSession ( ) != null ) { int newTimeoutInterval = ui . getSession ( ) . getSession ( ) . getMaxInactiveInterval ( ) ; if ( repaintAll || ( timeoutInterval != newTimeoutInterval ) ) { String escapedURL = messages . getSessionExpiredURL ( ) == null ? """" : messages . getSessionExpiredURL ( ) . replace ( ""/"" , ""\\/"" ) ; if ( metaOpen ) { writer . write ( "","" ) ; } writer . write ( ""\""timedRedirect\"":{\""interval\"":"" + ( newTimeoutInterval + 15 ) + "",\""url\"":\"""" + escapedURL + ""\""}"" ) ; metaOpen = true ; } timeoutInterval = newTimeoutInterval ; } writer . write ( ""}"" ) ; }","@ Test public void writeAsyncWithSystemMessages ( ) throws IOException { WrappedSession wrappedSession = mock ( WrappedSession . class ) ; when ( session . getSession ( ) ) . thenReturn ( wrappedSession ) ; disableSessionExpirationMessages ( messages ) ; new MetadataWriter ( ) . write ( ui , writer , false , true , messages ) ; <ASSERTION> ; }","assertEquals ( ""{\""async\"":true,\""timedRedirect\"":{\""interval\"":15,\""url\"":\""\""}}"" , writer . getBuffer ( ) . toString ( ) )"
114,0,"String readKeyFromFile ( URL url , int majorVersion ) throws IOException { String majorVersionStr = String . valueOf ( majorVersion ) ; List < String > lines = IOUtils . readLines ( url . openStream ( ) ) ; String defaultKey = null ; for ( String line : lines ) { String [ ] parts = line . split ( ""\\s*=\\s*"" ) ; if ( parts . length < 2 ) { defaultKey = parts [ 0 ] . trim ( ) ; } if ( parts [ 0 ] . equals ( majorVersionStr ) ) { return parts [ 1 ] . trim ( ) ; } } return defaultKey ; }","@ Test public void testReadKeyFromFile_LicenseFileEmpty ( ) throws Exception { File tmpLicenseFile = File . createTempFile ( ""license"" , ""lic"" ) ; <ASSERTION> ; tmpLicenseFile . delete ( ) ; }","assertNull ( licenseChecker . readKeyFromFile ( tmpLicenseFile . toURI ( ) . toURL ( ) , 4 ) )"
115,0,@ Override public T getValue ( ) { return value ; },"@ Test public void testSimple ( ) { ObjectProperty < TestSuperClass > prop1 = new ObjectProperty < TestSuperClass > ( super1 , TestSuperClass . class ) ; <ASSERTION> ; prop1 = new ObjectProperty < TestSuperClass > ( super1 ) ; assertEquals ( ""super1"" , prop1 . getValue ( ) . getName ( ) ) ; ObjectProperty < TestSubClass > prop2 = new ObjectProperty < TestSubClass > ( sub1 , TestSubClass . class ) ; assertEquals ( ""Subclass: sub1"" , prop2 . getValue ( ) . getName ( ) ) ; prop2 = new ObjectProperty < TestSubClass > ( sub1 ) ; assertEquals ( ""Subclass: sub1"" , prop2 . getValue ( ) . getName ( ) ) ; }","assertEquals ( ""super1"" , prop1 . getValue ( ) . getName ( ) )"
116,0,@ Override public T getValue ( ) { return value ; },"@ Test public void testSimple ( ) { ObjectProperty < TestSuperClass > prop1 = new ObjectProperty < TestSuperClass > ( super1 , TestSuperClass . class ) ; assertEquals ( ""super1"" , prop1 . getValue ( ) . getName ( ) ) ; prop1 = new ObjectProperty < TestSuperClass > ( super1 ) ; <ASSERTION> ; ObjectProperty < TestSubClass > prop2 = new ObjectProperty < TestSubClass > ( sub1 , TestSubClass . class ) ; assertEquals ( ""Subclass: sub1"" , prop2 . getValue ( ) . getName ( ) ) ; prop2 = new ObjectProperty < TestSubClass > ( sub1 ) ; assertEquals ( ""Subclass: sub1"" , prop2 . getValue ( ) . getName ( ) ) ; }","assertEquals ( ""super1"" , prop1 . getValue ( ) . getName ( ) )"
117,0,@ Override public T getValue ( ) { return value ; },"@ Test public void testSimple ( ) { ObjectProperty < TestSuperClass > prop1 = new ObjectProperty < TestSuperClass > ( super1 , TestSuperClass . class ) ; assertEquals ( ""super1"" , prop1 . getValue ( ) . getName ( ) ) ; prop1 = new ObjectProperty < TestSuperClass > ( super1 ) ; assertEquals ( ""super1"" , prop1 . getValue ( ) . getName ( ) ) ; ObjectProperty < TestSubClass > prop2 = new ObjectProperty < TestSubClass > ( sub1 , TestSubClass . class ) ; <ASSERTION> ; prop2 = new ObjectProperty < TestSubClass > ( sub1 ) ; assertEquals ( ""Subclass: sub1"" , prop2 . getValue ( ) . getName ( ) ) ; }","assertEquals ( ""Subclass: sub1"" , prop2 . getValue ( ) . getName ( ) )"
118,0,@ Override public T getValue ( ) { return value ; },"@ Test public void testSimple ( ) { ObjectProperty < TestSuperClass > prop1 = new ObjectProperty < TestSuperClass > ( super1 , TestSuperClass . class ) ; assertEquals ( ""super1"" , prop1 . getValue ( ) . getName ( ) ) ; prop1 = new ObjectProperty < TestSuperClass > ( super1 ) ; assertEquals ( ""super1"" , prop1 . getValue ( ) . getName ( ) ) ; ObjectProperty < TestSubClass > prop2 = new ObjectProperty < TestSubClass > ( sub1 , TestSubClass . class ) ; assertEquals ( ""Subclass: sub1"" , prop2 . getValue ( ) . getName ( ) ) ; prop2 = new ObjectProperty < TestSubClass > ( sub1 ) ; <ASSERTION> ; }","assertEquals ( ""Subclass: sub1"" , prop2 . getValue ( ) . getName ( ) )"
119,0,@ Override public void addAll ( Collection < ? extends BEANTYPE > collection ) { super . addAll ( collection ) ; },"@ Test public void testAddAll ( ) { BeanItemContainer < Person > container = new BeanItemContainer < Person > ( Person . class ) ; Person john = new Person ( ""John"" ) ; Person jane = new Person ( ""Jane"" ) ; Person matthew = new Person ( ""Matthew"" ) ; container . addBean ( john ) ; container . addBean ( jane ) ; container . addBean ( matthew ) ; <ASSERTION> ; Person jack = new Person ( ""Jack"" ) ; Person michael = new Person ( ""Michael"" ) ; container . addAll ( Arrays . asList ( jack , michael ) ) ; assertEquals ( 5 , container . size ( ) ) ; assertEquals ( jane , container . nextItemId ( john ) ) ; assertEquals ( matthew , container . nextItemId ( jane ) ) ; assertEquals ( jack , container . nextItemId ( matthew ) ) ; assertEquals ( michael , container . nextItemId ( jack ) ) ; }","assertEquals ( 3 , container . size ( ) )"
120,0,@ Override public void addAll ( Collection < ? extends BEANTYPE > collection ) { super . addAll ( collection ) ; },"@ Test public void testAddAll ( ) { BeanItemContainer < Person > container = new BeanItemContainer < Person > ( Person . class ) ; Person john = new Person ( ""John"" ) ; Person jane = new Person ( ""Jane"" ) ; Person matthew = new Person ( ""Matthew"" ) ; container . addBean ( john ) ; container . addBean ( jane ) ; container . addBean ( matthew ) ; assertEquals ( 3 , container . size ( ) ) ; Person jack = new Person ( ""Jack"" ) ; Person michael = new Person ( ""Michael"" ) ; container . addAll ( Arrays . asList ( jack , michael ) ) ; <ASSERTION> ; assertEquals ( jane , container . nextItemId ( john ) ) ; assertEquals ( matthew , container . nextItemId ( jane ) ) ; assertEquals ( jack , container . nextItemId ( matthew ) ) ; assertEquals ( michael , container . nextItemId ( jack ) ) ; }","assertEquals ( 5 , container . size ( ) )"
121,0,@ Override public void addAll ( Collection < ? extends BEANTYPE > collection ) { super . addAll ( collection ) ; },"@ Test public void testAddAll ( ) { BeanItemContainer < Person > container = new BeanItemContainer < Person > ( Person . class ) ; Person john = new Person ( ""John"" ) ; Person jane = new Person ( ""Jane"" ) ; Person matthew = new Person ( ""Matthew"" ) ; container . addBean ( john ) ; container . addBean ( jane ) ; container . addBean ( matthew ) ; assertEquals ( 3 , container . size ( ) ) ; Person jack = new Person ( ""Jack"" ) ; Person michael = new Person ( ""Michael"" ) ; container . addAll ( Arrays . asList ( jack , michael ) ) ; assertEquals ( 5 , container . size ( ) ) ; <ASSERTION> ; assertEquals ( matthew , container . nextItemId ( jane ) ) ; assertEquals ( jack , container . nextItemId ( matthew ) ) ; assertEquals ( michael , container . nextItemId ( jack ) ) ; }","assertEquals ( jane , container . nextItemId ( john ) )"
122,0,@ Override public void addAll ( Collection < ? extends BEANTYPE > collection ) { super . addAll ( collection ) ; },"@ Test public void testAddAll ( ) { BeanItemContainer < Person > container = new BeanItemContainer < Person > ( Person . class ) ; Person john = new Person ( ""John"" ) ; Person jane = new Person ( ""Jane"" ) ; Person matthew = new Person ( ""Matthew"" ) ; container . addBean ( john ) ; container . addBean ( jane ) ; container . addBean ( matthew ) ; assertEquals ( 3 , container . size ( ) ) ; Person jack = new Person ( ""Jack"" ) ; Person michael = new Person ( ""Michael"" ) ; container . addAll ( Arrays . asList ( jack , michael ) ) ; assertEquals ( 5 , container . size ( ) ) ; assertEquals ( jane , container . nextItemId ( john ) ) ; <ASSERTION> ; assertEquals ( jack , container . nextItemId ( matthew ) ) ; assertEquals ( michael , container . nextItemId ( jack ) ) ; }","assertEquals ( matthew , container . nextItemId ( jane ) )"
123,0,@ Override public void addAll ( Collection < ? extends BEANTYPE > collection ) { super . addAll ( collection ) ; },"@ Test public void testAddAll ( ) { BeanItemContainer < Person > container = new BeanItemContainer < Person > ( Person . class ) ; Person john = new Person ( ""John"" ) ; Person jane = new Person ( ""Jane"" ) ; Person matthew = new Person ( ""Matthew"" ) ; container . addBean ( john ) ; container . addBean ( jane ) ; container . addBean ( matthew ) ; assertEquals ( 3 , container . size ( ) ) ; Person jack = new Person ( ""Jack"" ) ; Person michael = new Person ( ""Michael"" ) ; container . addAll ( Arrays . asList ( jack , michael ) ) ; assertEquals ( 5 , container . size ( ) ) ; assertEquals ( jane , container . nextItemId ( john ) ) ; assertEquals ( matthew , container . nextItemId ( jane ) ) ; <ASSERTION> ; assertEquals ( michael , container . nextItemId ( jack ) ) ; }","assertEquals ( jack , container . nextItemId ( matthew ) )"
124,0,@ Override public void addAll ( Collection < ? extends BEANTYPE > collection ) { super . addAll ( collection ) ; },"@ Test public void testAddAll ( ) { BeanItemContainer < Person > container = new BeanItemContainer < Person > ( Person . class ) ; Person john = new Person ( ""John"" ) ; Person jane = new Person ( ""Jane"" ) ; Person matthew = new Person ( ""Matthew"" ) ; container . addBean ( john ) ; container . addBean ( jane ) ; container . addBean ( matthew ) ; assertEquals ( 3 , container . size ( ) ) ; Person jack = new Person ( ""Jack"" ) ; Person michael = new Person ( ""Michael"" ) ; container . addAll ( Arrays . asList ( jack , michael ) ) ; assertEquals ( 5 , container . size ( ) ) ; assertEquals ( jane , container . nextItemId ( john ) ) ; assertEquals ( matthew , container . nextItemId ( jane ) ) ; assertEquals ( jack , container . nextItemId ( matthew ) ) ; <ASSERTION> ; }","assertEquals ( michael , container . nextItemId ( jack ) )"
125,0,"@ Override public void clear ( ) { setValue ( """" ) ; }","@ Test public void emptyAfterClearUsingPDS ( ) { TextField tf = new TextField ( new ObjectProperty < String > ( ""foo"" ) ) ; <ASSERTION> ; tf . clear ( ) ; assertTrue ( tf . isEmpty ( ) ) ; }",assertFalse ( tf . isEmpty ( ) )
126,0,"@ Override public void clear ( ) { setValue ( """" ) ; }","@ Test public void emptyAfterClearUsingPDS ( ) { TextField tf = new TextField ( new ObjectProperty < String > ( ""foo"" ) ) ; assertFalse ( tf . isEmpty ( ) ) ; tf . clear ( ) ; <ASSERTION> ; }",assertTrue ( tf . isEmpty ( ) )
127,0,@ Override public BeanItem < BEANTYPE > addBean ( BEANTYPE bean ) { return addItem ( bean ) ; },"@ Test public void testRemoveContainerProperty ( ) { BeanItemContainer < Person > container = new BeanItemContainer < Person > ( Person . class ) ; Person john = new Person ( ""John"" ) ; container . addBean ( john ) ; <ASSERTION> ; assertTrue ( container . removeContainerProperty ( ""name"" ) ) ; assertNull ( container . getContainerProperty ( john , ""name"" ) ) ; assertNotNull ( container . getItem ( john ) ) ; assertNull ( container . getItem ( john ) . getItemProperty ( ""name"" ) ) ; }","assertEquals ( ""John"" , container . getContainerProperty ( john , ""name"" ) . getValue ( ) )"
128,0,@ Override public BeanItem < BEANTYPE > addBean ( BEANTYPE bean ) { return addItem ( bean ) ; },"@ Test public void testRemoveContainerProperty ( ) { BeanItemContainer < Person > container = new BeanItemContainer < Person > ( Person . class ) ; Person john = new Person ( ""John"" ) ; container . addBean ( john ) ; assertEquals ( ""John"" , container . getContainerProperty ( john , ""name"" ) . getValue ( ) ) ; <ASSERTION> ; assertNull ( container . getContainerProperty ( john , ""name"" ) ) ; assertNotNull ( container . getItem ( john ) ) ; assertNull ( container . getItem ( john ) . getItemProperty ( ""name"" ) ) ; }","assertTrue ( container . removeContainerProperty ( ""name"" ) )"
129,0,@ Override public BeanItem < BEANTYPE > addBean ( BEANTYPE bean ) { return addItem ( bean ) ; },"@ Test public void testRemoveContainerProperty ( ) { BeanItemContainer < Person > container = new BeanItemContainer < Person > ( Person . class ) ; Person john = new Person ( ""John"" ) ; container . addBean ( john ) ; assertEquals ( ""John"" , container . getContainerProperty ( john , ""name"" ) . getValue ( ) ) ; assertTrue ( container . removeContainerProperty ( ""name"" ) ) ; <ASSERTION> ; assertNotNull ( container . getItem ( john ) ) ; assertNull ( container . getItem ( john ) . getItemProperty ( ""name"" ) ) ; }","assertNull ( container . getContainerProperty ( john , ""name"" ) )"
130,0,@ Override public BeanItem < BEANTYPE > addBean ( BEANTYPE bean ) { return addItem ( bean ) ; },"@ Test public void testRemoveContainerProperty ( ) { BeanItemContainer < Person > container = new BeanItemContainer < Person > ( Person . class ) ; Person john = new Person ( ""John"" ) ; container . addBean ( john ) ; assertEquals ( ""John"" , container . getContainerProperty ( john , ""name"" ) . getValue ( ) ) ; assertTrue ( container . removeContainerProperty ( ""name"" ) ) ; assertNull ( container . getContainerProperty ( john , ""name"" ) ) ; <ASSERTION> ; assertNull ( container . getItem ( john ) . getItemProperty ( ""name"" ) ) ; }",assertNotNull ( container . getItem ( john ) )
131,0,@ Override public BeanItem < BEANTYPE > addBean ( BEANTYPE bean ) { return addItem ( bean ) ; },"@ Test public void testRemoveContainerProperty ( ) { BeanItemContainer < Person > container = new BeanItemContainer < Person > ( Person . class ) ; Person john = new Person ( ""John"" ) ; container . addBean ( john ) ; assertEquals ( ""John"" , container . getContainerProperty ( john , ""name"" ) . getValue ( ) ) ; assertTrue ( container . removeContainerProperty ( ""name"" ) ) ; assertNull ( container . getContainerProperty ( john , ""name"" ) ) ; assertNotNull ( container . getItem ( john ) ) ; <ASSERTION> ; }","assertNull ( container . getItem ( john ) . getItemProperty ( ""name"" ) )"
132,0,"public String getPortletPreference ( String name ) { PortletRequest request = getRequest ( ) ; PortletPreferences preferences = request . getPreferences ( ) ; return preferences . getValue ( name , null ) ; }","@ Test public void defaultValueForPortletPreferenceIsNull ( ) { when ( preferences . getValue ( anyString ( ) , isNull ( String . class ) ) ) . thenReturn ( null ) ; String value = sut . getPortletPreference ( ""foo"" ) ; <ASSERTION> ; }",assertNull ( value )
133,0,"String readKeyFromFile ( URL url , int majorVersion ) throws IOException { String majorVersionStr = String . valueOf ( majorVersion ) ; List < String > lines = IOUtils . readLines ( url . openStream ( ) ) ; String defaultKey = null ; for ( String line : lines ) { String [ ] parts = line . split ( ""\\s*=\\s*"" ) ; if ( parts . length < 2 ) { defaultKey = parts [ 0 ] . trim ( ) ; } if ( parts [ 0 ] . equals ( majorVersionStr ) ) { return parts [ 1 ] . trim ( ) ; } } return defaultKey ; }","@ Test public void testReadKeyFromFile_RequestedVersionMissing ( ) throws Exception { File tmpLicenseFile = File . createTempFile ( ""license"" , ""lic"" ) ; PrintWriter out = new PrintWriter ( tmpLicenseFile ) ; out . println ( ""4 = this-is-a-license"" ) ; out . println ( ""5 = this-is-another-license"" ) ; out . close ( ) ; <ASSERTION> ; tmpLicenseFile . delete ( ) ; }","assertNull ( licenseChecker . readKeyFromFile ( tmpLicenseFile . toURI ( ) . toURL ( ) , 3 ) )"
134,0,@ Override public boolean isEmpty ( ) { return super . isEmpty ( ) || getValue ( ) . length ( ) == 0 ; },@ Test public void initiallyEmpty ( ) { RichTextArea tf = new RichTextArea ( ) ; <ASSERTION> ; },assertTrue ( tf . isEmpty ( ) )
135,0,"public void write ( UI ui , Writer writer , boolean repaintAll , boolean async , SystemMessages messages ) throws IOException { writer . write ( ""{"" ) ; boolean metaOpen = false ; if ( repaintAll ) { metaOpen = true ; writer . write ( ""\""repaintAll\"":true"" ) ; } if ( async ) { if ( metaOpen ) { writer . write ( "", "" ) ; } metaOpen = true ; writer . write ( ""\""async\"":true"" ) ; } if ( messages != null && messages . getSessionExpiredMessage ( ) == null && messages . getSessionExpiredCaption ( ) == null && messages . isSessionExpiredNotificationEnabled ( ) && ui . getSession ( ) . getSession ( ) != null ) { int newTimeoutInterval = ui . getSession ( ) . getSession ( ) . getMaxInactiveInterval ( ) ; if ( repaintAll || ( timeoutInterval != newTimeoutInterval ) ) { String escapedURL = messages . getSessionExpiredURL ( ) == null ? """" : messages . getSessionExpiredURL ( ) . replace ( ""/"" , ""\\/"" ) ; if ( metaOpen ) { writer . write ( "","" ) ; } writer . write ( ""\""timedRedirect\"":{\""interval\"":"" + ( newTimeoutInterval + 15 ) + "",\""url\"":\"""" + escapedURL + ""\""}"" ) ; metaOpen = true ; } timeoutInterval = newTimeoutInterval ; } writer . write ( ""}"" ) ; }","@ Test public void writeRedirectWithActiveSession ( ) throws Exception { WrappedSession wrappedSession = mock ( WrappedSession . class ) ; when ( session . getSession ( ) ) . thenReturn ( wrappedSession ) ; disableSessionExpirationMessages ( messages ) ; new MetadataWriter ( ) . write ( ui , writer , false , false , messages ) ; <ASSERTION> ; }","assertEquals ( ""{\""timedRedirect\"":{\""interval\"":15,\""url\"":\""\""}}"" , writer . getBuffer ( ) . toString ( ) )"
136,0,@ Override public BeanItem < BEANTYPE > addBean ( BEANTYPE bean ) { return addItem ( bean ) ; },"@ Test public void testAddNestedContainerProperty ( ) { BeanItemContainer < NestedMethodPropertyTest . Person > container = new BeanItemContainer < NestedMethodPropertyTest . Person > ( NestedMethodPropertyTest . Person . class ) ; NestedMethodPropertyTest . Person john = new NestedMethodPropertyTest . Person ( ""John"" , new NestedMethodPropertyTest . Address ( ""Ruukinkatu 2-4"" , 20540 ) ) ; container . addBean ( john ) ; <ASSERTION> ; assertEquals ( ""Ruukinkatu 2-4"" , container . getContainerProperty ( john , ""address.street"" ) . getValue ( ) ) ; }","assertTrue ( container . addNestedContainerProperty ( ""address.street"" ) )"
137,0,@ Override public BeanItem < BEANTYPE > addBean ( BEANTYPE bean ) { return addItem ( bean ) ; },"@ Test public void testAddNestedContainerProperty ( ) { BeanItemContainer < NestedMethodPropertyTest . Person > container = new BeanItemContainer < NestedMethodPropertyTest . Person > ( NestedMethodPropertyTest . Person . class ) ; NestedMethodPropertyTest . Person john = new NestedMethodPropertyTest . Person ( ""John"" , new NestedMethodPropertyTest . Address ( ""Ruukinkatu 2-4"" , 20540 ) ) ; container . addBean ( john ) ; assertTrue ( container . addNestedContainerProperty ( ""address.street"" ) ) ; <ASSERTION> ; }","assertEquals ( ""Ruukinkatu 2-4"" , container . getContainerProperty ( john , ""address.street"" ) . getValue ( ) )"
138,0,"@ Override public int getCount ( ) throws SQLException { getLogger ( ) . log ( Level . FINE , ""Fetching count..."" ) ; StatementHelper sh = sqlGenerator . generateSelectQuery ( getFullTableName ( ) , filters , null , 0 , 0 , ""COUNT(*)"" ) ; boolean shouldCloseTransaction = false ; if ( ! isInTransaction ( ) ) { shouldCloseTransaction = true ; beginTransaction ( ) ; } ResultSet r = null ; int count = - 1 ; try { r = executeQuery ( sh ) ; r . next ( ) ; count = r . getInt ( 1 ) ; } finally { try { if ( r != null ) { releaseConnection ( null , r . getStatement ( ) , r ) ; } } finally { if ( shouldCloseTransaction ) { commit ( ) ; } } } return count ; }","@ Test public void getCount_normalState_releasesConnection ( ) throws SQLException { TableQuery tQuery = new TableQuery ( ""people"" , connectionPool , SQLTestsConstants . sqlGen ) ; tQuery . getCount ( ) ; tQuery . getCount ( ) ; Connection c = connectionPool . reserveConnection ( ) ; <ASSERTION> ; connectionPool . releaseConnection ( c ) ; }",assertNotNull ( c )
139,0,"@ Override public Object addItem ( ) throws UnsupportedOperationException { Object emptyKey [ ] = new Object [ queryDelegate . getPrimaryKeyColumns ( ) . size ( ) ] ; RowId itemId = new TemporaryRowId ( emptyKey ) ; List < ColumnProperty > itemProperties = new ArrayList < ColumnProperty > ( ) ; for ( String propertyId : propertyIds ) { ColumnProperty cp = new ColumnProperty ( propertyId , propertyReadOnly . get ( propertyId ) , propertyPersistable . get ( propertyId ) , propertyNullable . get ( propertyId ) , propertyPrimaryKey . get ( propertyId ) , null , getType ( propertyId ) ) ; itemProperties . add ( cp ) ; } RowItem newRowItem = new RowItem ( this , itemId , itemProperties ) ; if ( autoCommit ) { try { if ( queryDelegate instanceof TableQuery ) { itemId = ( ( TableQuery ) queryDelegate ) . storeRowImmediately ( newRowItem ) ; } else { queryDelegate . beginTransaction ( ) ; queryDelegate . storeRow ( newRowItem ) ; queryDelegate . commit ( ) ; } refresh ( ) ; if ( notificationsEnabled ) { CacheFlushNotifier . notifyOfCacheFlush ( this ) ; } getLogger ( ) . log ( Level . FINER , ""Row added to DB..."" ) ; return itemId ; } catch ( SQLException e ) { getLogger ( ) . log ( Level . WARNING , ""Failed to add row to DB. Rolling back."" , e ) ; try { queryDelegate . rollback ( ) ; } catch ( SQLException ee ) { getLogger ( ) . log ( Level . SEVERE , ""Failed to roll back row addition"" , e ) ; } return null ; } } else { addedItems . add ( newRowItem ) ; fireContentsChange ( ) ; return itemId ; } }","@ Test public void addItem_freeformAddOneNewItem_returnsItemId ( ) throws SQLException { SQLContainer container = new SQLContainer ( new FreeformQuery ( ""SELECT * FROM people"" , connectionPool , ""ID"" ) ) ; Object itemId = container . addItem ( ) ; <ASSERTION> ; }",assertNotNull ( itemId )
140,0,"String readKeyFromFile ( URL url , int majorVersion ) throws IOException { String majorVersionStr = String . valueOf ( majorVersion ) ; List < String > lines = IOUtils . readLines ( url . openStream ( ) ) ; String defaultKey = null ; for ( String line : lines ) { String [ ] parts = line . split ( ""\\s*=\\s*"" ) ; if ( parts . length < 2 ) { defaultKey = parts [ 0 ] . trim ( ) ; } if ( parts [ 0 ] . equals ( majorVersionStr ) ) { return parts [ 1 ] . trim ( ) ; } } return defaultKey ; }","@ Test public void testReadKeyFromFile_FallbackToDefaultKey ( ) throws Exception { File tmpLicenseFile = File . createTempFile ( ""license"" , ""lic"" ) ; PrintWriter out = new PrintWriter ( tmpLicenseFile ) ; out . println ( ""this-is-a-license"" ) ; out . println ( ""5 = this-is-another-license"" ) ; out . close ( ) ; <ASSERTION> ; assertEquals ( ""this-is-a-license"" , licenseChecker . readKeyFromFile ( tmpLicenseFile . toURI ( ) . toURL ( ) , 4 ) ) ; assertEquals ( ""this-is-another-license"" , licenseChecker . readKeyFromFile ( tmpLicenseFile . toURI ( ) . toURL ( ) , 5 ) ) ; tmpLicenseFile . delete ( ) ; }","assertEquals ( ""this-is-a-license"" , licenseChecker . readKeyFromFile ( tmpLicenseFile . toURI ( ) . toURL ( ) , 3 ) )"
141,0,"String readKeyFromFile ( URL url , int majorVersion ) throws IOException { String majorVersionStr = String . valueOf ( majorVersion ) ; List < String > lines = IOUtils . readLines ( url . openStream ( ) ) ; String defaultKey = null ; for ( String line : lines ) { String [ ] parts = line . split ( ""\\s*=\\s*"" ) ; if ( parts . length < 2 ) { defaultKey = parts [ 0 ] . trim ( ) ; } if ( parts [ 0 ] . equals ( majorVersionStr ) ) { return parts [ 1 ] . trim ( ) ; } } return defaultKey ; }","@ Test public void testReadKeyFromFile_FallbackToDefaultKey ( ) throws Exception { File tmpLicenseFile = File . createTempFile ( ""license"" , ""lic"" ) ; PrintWriter out = new PrintWriter ( tmpLicenseFile ) ; out . println ( ""this-is-a-license"" ) ; out . println ( ""5 = this-is-another-license"" ) ; out . close ( ) ; assertEquals ( ""this-is-a-license"" , licenseChecker . readKeyFromFile ( tmpLicenseFile . toURI ( ) . toURL ( ) , 3 ) ) ; <ASSERTION> ; assertEquals ( ""this-is-another-license"" , licenseChecker . readKeyFromFile ( tmpLicenseFile . toURI ( ) . toURL ( ) , 5 ) ) ; tmpLicenseFile . delete ( ) ; }","assertEquals ( ""this-is-a-license"" , licenseChecker . readKeyFromFile ( tmpLicenseFile . toURI ( ) . toURL ( ) , 4 ) )"
142,0,"String readKeyFromFile ( URL url , int majorVersion ) throws IOException { String majorVersionStr = String . valueOf ( majorVersion ) ; List < String > lines = IOUtils . readLines ( url . openStream ( ) ) ; String defaultKey = null ; for ( String line : lines ) { String [ ] parts = line . split ( ""\\s*=\\s*"" ) ; if ( parts . length < 2 ) { defaultKey = parts [ 0 ] . trim ( ) ; } if ( parts [ 0 ] . equals ( majorVersionStr ) ) { return parts [ 1 ] . trim ( ) ; } } return defaultKey ; }","@ Test public void testReadKeyFromFile_FallbackToDefaultKey ( ) throws Exception { File tmpLicenseFile = File . createTempFile ( ""license"" , ""lic"" ) ; PrintWriter out = new PrintWriter ( tmpLicenseFile ) ; out . println ( ""this-is-a-license"" ) ; out . println ( ""5 = this-is-another-license"" ) ; out . close ( ) ; assertEquals ( ""this-is-a-license"" , licenseChecker . readKeyFromFile ( tmpLicenseFile . toURI ( ) . toURL ( ) , 3 ) ) ; assertEquals ( ""this-is-a-license"" , licenseChecker . readKeyFromFile ( tmpLicenseFile . toURI ( ) . toURL ( ) , 4 ) ) ; <ASSERTION> ; tmpLicenseFile . delete ( ) ; }","assertEquals ( ""this-is-another-license"" , licenseChecker . readKeyFromFile ( tmpLicenseFile . toURI ( ) . toURL ( ) , 5 ) )"
143,0,"@ Override @ SuppressWarnings ( ""deprecation"" ) public boolean containsRowWithKey ( Object ... keys ) throws SQLException { String query = null ; boolean contains = false ; if ( delegate != null ) { if ( delegate instanceof FreeformStatementDelegate ) { try { StatementHelper sh = ( ( FreeformStatementDelegate ) delegate ) . getContainsRowQueryStatement ( keys ) ; PreparedStatement pstmt = null ; ResultSet rs = null ; Connection c = getConnection ( ) ; try { pstmt = c . prepareStatement ( sh . getQueryString ( ) ) ; sh . setParameterValuesToStatement ( pstmt ) ; rs = pstmt . executeQuery ( ) ; contains = rs . next ( ) ; return contains ; } finally { releaseConnection ( c , pstmt , rs ) ; } } catch ( UnsupportedOperationException e ) { } } try { query = delegate . getContainsRowQueryString ( keys ) ; } catch ( UnsupportedOperationException e ) { query = modifyWhereClause ( keys ) ; } } else { query = modifyWhereClause ( keys ) ; } Statement statement = null ; ResultSet rs = null ; Connection conn = getConnection ( ) ; try { statement = conn . createStatement ( ) ; rs = statement . executeQuery ( query ) ; contains = rs . next ( ) ; } finally { releaseConnection ( conn , statement , rs ) ; } return contains ; }","@ Test public void containsRowWithKeys_simpleQueryWithNonexistingKeys_returnsTrue ( ) throws SQLException { FreeformQuery query = new FreeformQuery ( ""SELECT * FROM people"" , Arrays . asList ( ""ID"" ) , connectionPool ) ; <ASSERTION> ; }",assertFalse ( query . containsRowWithKey ( 1337 ) )
144,0,public boolean isPersistent ( ) { if ( isVersionColumn ( ) ) { return false ; } else if ( isReadOnlyChangeAllowed ( ) && ! isReadOnly ( ) ) { return true ; } else { return false ; } },"@ Test public void neverWritableColumnsShouldNotBeInValueMap_shouldReturnFalse ( ) { ColumnProperty property = new ColumnProperty ( ""NAME"" , true , false , true , false , ""Ville"" , String . class ) ; <ASSERTION> ; }",assertFalse ( property . isPersistent ( ) )
145,0,"@ Override public synchronized Connection reserveConnection ( ) throws SQLException { if ( ! initialized ) { initializeConnections ( ) ; } if ( availableConnections . isEmpty ( ) ) { if ( reservedConnections . size ( ) < maxConnections ) { availableConnections . add ( createConnection ( ) ) ; } else { throw new SQLException ( ""Connection limit has been reached."" ) ; } } Connection c = availableConnections . iterator ( ) . next ( ) ; availableConnections . remove ( c ) ; reservedConnections . add ( c ) ; return c ; }",@ Test public void reserveConnection_reserveNewConnection_returnsConnection ( ) throws SQLException { Connection conn = connectionPool . reserveConnection ( ) ; <ASSERTION> ; },assertNotNull ( conn )
146,0,@ Override public boolean equals ( Object obj ) { if ( obj == null || ! ( ReadOnlyRowId . class . equals ( obj . getClass ( ) ) ) ) { return false ; } return getRowNum ( ) == ( ( ( ReadOnlyRowId ) obj ) . getRowNum ( ) ) ; },@ Test public void equals_compareWithOtherType_shouldBeFalse ( ) { ReadOnlyRowId rid = new ReadOnlyRowId ( 1337 ) ; <ASSERTION> ; },assertFalse ( rid . equals ( new Object ( ) ) )
147,0,@ Override public boolean appliesToProperty ( Object propertyId ) { return this . propertyId . equals ( propertyId ) ; },"@ Test public void testAppliesToProperty ( ) { SimpleStringFilter filter = f ( PROPERTY1 , ""ab"" , false , true ) ; <ASSERTION> ; assertFalse ( filter . appliesToProperty ( PROPERTY2 ) ) ; assertFalse ( filter . appliesToProperty ( ""other"" ) ) ; }",assertTrue ( filter . appliesToProperty ( PROPERTY1 ) )
148,0,@ Override public boolean appliesToProperty ( Object propertyId ) { return this . propertyId . equals ( propertyId ) ; },"@ Test public void testAppliesToProperty ( ) { SimpleStringFilter filter = f ( PROPERTY1 , ""ab"" , false , true ) ; assertTrue ( filter . appliesToProperty ( PROPERTY1 ) ) ; <ASSERTION> ; assertFalse ( filter . appliesToProperty ( ""other"" ) ) ; }",assertFalse ( filter . appliesToProperty ( PROPERTY2 ) )
149,0,@ Override public boolean appliesToProperty ( Object propertyId ) { return this . propertyId . equals ( propertyId ) ; },"@ Test public void testAppliesToProperty ( ) { SimpleStringFilter filter = f ( PROPERTY1 , ""ab"" , false , true ) ; assertTrue ( filter . appliesToProperty ( PROPERTY1 ) ) ; assertFalse ( filter . appliesToProperty ( PROPERTY2 ) ) ; <ASSERTION> ; }","assertFalse ( filter . appliesToProperty ( ""other"" ) )"
150,0,@ Override public int hashCode ( ) { return Arrays . hashCode ( getId ( ) ) ; },"@ Test public void hashCode_differentPrimaryKeys_differentResult ( ) { RowId id = new RowId ( new Object [ ] { ""id"" , ""name"" } ) ; RowId id2 = new RowId ( new Object [ ] { ""id"" } ) ; <ASSERTION> ; }",assertFalse ( id . hashCode ( ) == id2 . hashCode ( ) )
151,0,@ Override public Object getValue ( ) { if ( isModified ( ) ) { return changedValue ; } return value ; },"@ Test public void getValue_defaultValue_returnsVille ( ) { ColumnProperty cp = new ColumnProperty ( ""NAME"" , false , true , true , false , ""Ville"" , String . class ) ; <ASSERTION> ; }","assertEquals ( ""Ville"" , cp . getValue ( ) )"
152,0,"@ Override public boolean containsRowWithKey ( Object ... keys ) throws SQLException { ArrayList < Filter > filtersAndKeys = new ArrayList < Filter > ( ) ; if ( filters != null ) { filtersAndKeys . addAll ( filters ) ; } int ix = 0 ; for ( String colName : primaryKeyColumns ) { filtersAndKeys . add ( new Equal ( colName , keys [ ix ] ) ) ; ix ++ ; } StatementHelper sh = sqlGenerator . generateSelectQuery ( getFullTableName ( ) , filtersAndKeys , orderBys , 0 , 0 , ""*"" ) ; boolean shouldCloseTransaction = false ; if ( ! isInTransaction ( ) ) { shouldCloseTransaction = true ; beginTransaction ( ) ; } ResultSet rs = null ; try { rs = executeQuery ( sh ) ; boolean contains = rs . next ( ) ; return contains ; } finally { try { if ( rs != null ) { releaseConnection ( null , rs . getStatement ( ) , rs ) ; } } finally { if ( shouldCloseTransaction ) { commit ( ) ; } } } }","@ Test public void containsRowWithKeys_existingKeys_returnsTrue ( ) throws SQLException { TableQuery tQuery = new TableQuery ( ""people"" , connectionPool , SQLTestsConstants . sqlGen ) ; <ASSERTION> ; }",assertTrue ( tQuery . containsRowWithKey ( 1 ) )
153,0,"public static String join ( String [ ] parts , String separator ) { StringBuilder sb = new StringBuilder ( ) ; for ( int i = 0 ; i < parts . length ; i ++ ) { sb . append ( parts [ i ] ) ; sb . append ( separator ) ; } return sb . substring ( 0 , sb . length ( ) - separator . length ( ) ) ; }","@ Test public void join ( ) { String s1 = ""foo-bar-baz"" ; String s2 = ""foo--bar"" ; <ASSERTION> ; assertEquals ( ""foo!bar!baz"" , SharedUtil . join ( s1 . split ( ""-"" ) , ""!"" ) ) ; assertEquals ( ""foo!!bar!!baz"" , SharedUtil . join ( s1 . split ( ""-"" ) , ""!!"" ) ) ; assertEquals ( ""foo##bar"" , SharedUtil . join ( s2 . split ( ""-"" ) , ""#"" ) ) ; }","assertEquals ( ""foobarbaz"" , SharedUtil . join ( s1 . split ( ""-"" ) , """" ) )"
154,0,"public static String join ( String [ ] parts , String separator ) { StringBuilder sb = new StringBuilder ( ) ; for ( int i = 0 ; i < parts . length ; i ++ ) { sb . append ( parts [ i ] ) ; sb . append ( separator ) ; } return sb . substring ( 0 , sb . length ( ) - separator . length ( ) ) ; }","@ Test public void join ( ) { String s1 = ""foo-bar-baz"" ; String s2 = ""foo--bar"" ; assertEquals ( ""foobarbaz"" , SharedUtil . join ( s1 . split ( ""-"" ) , """" ) ) ; <ASSERTION> ; assertEquals ( ""foo!!bar!!baz"" , SharedUtil . join ( s1 . split ( ""-"" ) , ""!!"" ) ) ; assertEquals ( ""foo##bar"" , SharedUtil . join ( s2 . split ( ""-"" ) , ""#"" ) ) ; }","assertEquals ( ""foo!bar!baz"" , SharedUtil . join ( s1 . split ( ""-"" ) , ""!"" ) )"
155,0,"public static String join ( String [ ] parts , String separator ) { StringBuilder sb = new StringBuilder ( ) ; for ( int i = 0 ; i < parts . length ; i ++ ) { sb . append ( parts [ i ] ) ; sb . append ( separator ) ; } return sb . substring ( 0 , sb . length ( ) - separator . length ( ) ) ; }","@ Test public void join ( ) { String s1 = ""foo-bar-baz"" ; String s2 = ""foo--bar"" ; assertEquals ( ""foobarbaz"" , SharedUtil . join ( s1 . split ( ""-"" ) , """" ) ) ; assertEquals ( ""foo!bar!baz"" , SharedUtil . join ( s1 . split ( ""-"" ) , ""!"" ) ) ; <ASSERTION> ; assertEquals ( ""foo##bar"" , SharedUtil . join ( s2 . split ( ""-"" ) , ""#"" ) ) ; }","assertEquals ( ""foo!!bar!!baz"" , SharedUtil . join ( s1 . split ( ""-"" ) , ""!!"" ) )"
156,0,"public static String join ( String [ ] parts , String separator ) { StringBuilder sb = new StringBuilder ( ) ; for ( int i = 0 ; i < parts . length ; i ++ ) { sb . append ( parts [ i ] ) ; sb . append ( separator ) ; } return sb . substring ( 0 , sb . length ( ) - separator . length ( ) ) ; }","@ Test public void join ( ) { String s1 = ""foo-bar-baz"" ; String s2 = ""foo--bar"" ; assertEquals ( ""foobarbaz"" , SharedUtil . join ( s1 . split ( ""-"" ) , """" ) ) ; assertEquals ( ""foo!bar!baz"" , SharedUtil . join ( s1 . split ( ""-"" ) , ""!"" ) ) ; assertEquals ( ""foo!!bar!!baz"" , SharedUtil . join ( s1 . split ( ""-"" ) , ""!!"" ) ) ; <ASSERTION> ; }","assertEquals ( ""foo##bar"" , SharedUtil . join ( s2 . split ( ""-"" ) , ""#"" ) )"
157,0,public boolean isPersistent ( ) { if ( isVersionColumn ( ) ) { return false ; } else if ( isReadOnlyChangeAllowed ( ) && ! isReadOnly ( ) ) { return true ; } else { return false ; } },"@ Test public void writableButReadOnlyColumnsShouldNotBeInValueMap_shouldReturnFalse ( ) { ColumnProperty property = new ColumnProperty ( ""NAME"" , true , true , true , false , ""Ville"" , String . class ) ; <ASSERTION> ; }",assertFalse ( property . isPersistent ( ) )
158,0,"@ Override protected Class < ? > getPropertyType ( Object propertyId ) { if ( getItemDataSource ( ) != null ) { return super . getPropertyType ( propertyId ) ; } else { try { Class < ? > type = BeanUtil . getPropertyType ( beanType , propertyId . toString ( ) ) ; if ( type == null ) { throw new BindException ( ""Cannot determine type of propertyId '"" + propertyId + ""'. The propertyId was not found in "" + beanType . getName ( ) ) ; } return type ; } catch ( IntrospectionException e ) { throw new BindException ( ""Cannot determine type of propertyId '"" + propertyId + ""'. Unable to introspect "" + beanType , e ) ; } } }","@ Test public void propertyTypeWithoutItem ( ) { BeanFieldGroup < Sub2 > s = new BeanFieldGroup < BeanFieldGroupTest . Sub2 > ( Sub2 . class ) ; <ASSERTION> ; assertEquals ( Integer . class , s . getPropertyType ( ""sub1Field"" ) ) ; assertEquals ( String . class , s . getPropertyType ( ""mainField"" ) ) ; }","assertEquals ( boolean . class , s . getPropertyType ( ""sub2field"" ) )"
159,0,"@ Override protected Class < ? > getPropertyType ( Object propertyId ) { if ( getItemDataSource ( ) != null ) { return super . getPropertyType ( propertyId ) ; } else { try { Class < ? > type = BeanUtil . getPropertyType ( beanType , propertyId . toString ( ) ) ; if ( type == null ) { throw new BindException ( ""Cannot determine type of propertyId '"" + propertyId + ""'. The propertyId was not found in "" + beanType . getName ( ) ) ; } return type ; } catch ( IntrospectionException e ) { throw new BindException ( ""Cannot determine type of propertyId '"" + propertyId + ""'. Unable to introspect "" + beanType , e ) ; } } }","@ Test public void propertyTypeWithoutItem ( ) { BeanFieldGroup < Sub2 > s = new BeanFieldGroup < BeanFieldGroupTest . Sub2 > ( Sub2 . class ) ; assertEquals ( boolean . class , s . getPropertyType ( ""sub2field"" ) ) ; <ASSERTION> ; assertEquals ( String . class , s . getPropertyType ( ""mainField"" ) ) ; }","assertEquals ( Integer . class , s . getPropertyType ( ""sub1Field"" ) )"
160,0,"@ Override protected Class < ? > getPropertyType ( Object propertyId ) { if ( getItemDataSource ( ) != null ) { return super . getPropertyType ( propertyId ) ; } else { try { Class < ? > type = BeanUtil . getPropertyType ( beanType , propertyId . toString ( ) ) ; if ( type == null ) { throw new BindException ( ""Cannot determine type of propertyId '"" + propertyId + ""'. The propertyId was not found in "" + beanType . getName ( ) ) ; } return type ; } catch ( IntrospectionException e ) { throw new BindException ( ""Cannot determine type of propertyId '"" + propertyId + ""'. Unable to introspect "" + beanType , e ) ; } } }","@ Test public void propertyTypeWithoutItem ( ) { BeanFieldGroup < Sub2 > s = new BeanFieldGroup < BeanFieldGroupTest . Sub2 > ( Sub2 . class ) ; assertEquals ( boolean . class , s . getPropertyType ( ""sub2field"" ) ) ; assertEquals ( Integer . class , s . getPropertyType ( ""sub1Field"" ) ) ; <ASSERTION> ; }","assertEquals ( String . class , s . getPropertyType ( ""mainField"" ) )"
161,0,"@ Override @ SuppressWarnings ( ""unchecked"" ) public BeanItem < BEANTYPE > addItem ( Object itemId ) { return super . addBean ( ( BEANTYPE ) itemId ) ; }","@ Test public void testItemRemovedEvent_RemovedItem ( ) { BeanItemContainer < Person > container = new BeanItemContainer < Person > ( Person . class ) ; Person bean = new Person ( ""John"" ) ; container . addItem ( bean ) ; ItemSetChangeListener removeListener = createListenerMockFor ( container ) ; Capture < ItemRemoveEvent > capturedEvent = captureRemoveEvent ( removeListener ) ; EasyMock . replay ( removeListener ) ; container . removeItem ( bean ) ; <ASSERTION> ; }","assertEquals ( bean , capturedEvent . getValue ( ) . getFirstItemId ( ) )"
162,0,public int getPageLength ( ) { return pageLength ; },"@ Test public void getPageLength_freeform_returnsDefault100 ( ) throws SQLException { SQLContainer container = new SQLContainer ( new FreeformQuery ( ""SELECT * FROM people"" , connectionPool , ""ID"" ) ) ; <ASSERTION> ; }","assertEquals ( 100 , container . getPageLength ( ) )"
163,0,"String readKeyFromFile ( URL url , int majorVersion ) throws IOException { String majorVersionStr = String . valueOf ( majorVersion ) ; List < String > lines = IOUtils . readLines ( url . openStream ( ) ) ; String defaultKey = null ; for ( String line : lines ) { String [ ] parts = line . split ( ""\\s*=\\s*"" ) ; if ( parts . length < 2 ) { defaultKey = parts [ 0 ] . trim ( ) ; } if ( parts [ 0 ] . equals ( majorVersionStr ) ) { return parts [ 1 ] . trim ( ) ; } } return defaultKey ; }","@ Test public void testReadKeyFromFile_FallbackToDefaultKeyReversed ( ) throws Exception { File tmpLicenseFile = File . createTempFile ( ""license"" , ""lic"" ) ; PrintWriter out = new PrintWriter ( tmpLicenseFile ) ; out . println ( ""5 = this-is-another-license"" ) ; out . println ( ""this-is-a-license"" ) ; out . close ( ) ; <ASSERTION> ; assertEquals ( ""this-is-a-license"" , licenseChecker . readKeyFromFile ( tmpLicenseFile . toURI ( ) . toURL ( ) , 4 ) ) ; assertEquals ( ""this-is-another-license"" , licenseChecker . readKeyFromFile ( tmpLicenseFile . toURI ( ) . toURL ( ) , 5 ) ) ; tmpLicenseFile . delete ( ) ; }","assertEquals ( ""this-is-a-license"" , licenseChecker . readKeyFromFile ( tmpLicenseFile . toURI ( ) . toURL ( ) , 3 ) )"
164,0,"String readKeyFromFile ( URL url , int majorVersion ) throws IOException { String majorVersionStr = String . valueOf ( majorVersion ) ; List < String > lines = IOUtils . readLines ( url . openStream ( ) ) ; String defaultKey = null ; for ( String line : lines ) { String [ ] parts = line . split ( ""\\s*=\\s*"" ) ; if ( parts . length < 2 ) { defaultKey = parts [ 0 ] . trim ( ) ; } if ( parts [ 0 ] . equals ( majorVersionStr ) ) { return parts [ 1 ] . trim ( ) ; } } return defaultKey ; }","@ Test public void testReadKeyFromFile_FallbackToDefaultKeyReversed ( ) throws Exception { File tmpLicenseFile = File . createTempFile ( ""license"" , ""lic"" ) ; PrintWriter out = new PrintWriter ( tmpLicenseFile ) ; out . println ( ""5 = this-is-another-license"" ) ; out . println ( ""this-is-a-license"" ) ; out . close ( ) ; assertEquals ( ""this-is-a-license"" , licenseChecker . readKeyFromFile ( tmpLicenseFile . toURI ( ) . toURL ( ) , 3 ) ) ; <ASSERTION> ; assertEquals ( ""this-is-another-license"" , licenseChecker . readKeyFromFile ( tmpLicenseFile . toURI ( ) . toURL ( ) , 5 ) ) ; tmpLicenseFile . delete ( ) ; }","assertEquals ( ""this-is-a-license"" , licenseChecker . readKeyFromFile ( tmpLicenseFile . toURI ( ) . toURL ( ) , 4 ) )"
165,0,"String readKeyFromFile ( URL url , int majorVersion ) throws IOException { String majorVersionStr = String . valueOf ( majorVersion ) ; List < String > lines = IOUtils . readLines ( url . openStream ( ) ) ; String defaultKey = null ; for ( String line : lines ) { String [ ] parts = line . split ( ""\\s*=\\s*"" ) ; if ( parts . length < 2 ) { defaultKey = parts [ 0 ] . trim ( ) ; } if ( parts [ 0 ] . equals ( majorVersionStr ) ) { return parts [ 1 ] . trim ( ) ; } } return defaultKey ; }","@ Test public void testReadKeyFromFile_FallbackToDefaultKeyReversed ( ) throws Exception { File tmpLicenseFile = File . createTempFile ( ""license"" , ""lic"" ) ; PrintWriter out = new PrintWriter ( tmpLicenseFile ) ; out . println ( ""5 = this-is-another-license"" ) ; out . println ( ""this-is-a-license"" ) ; out . close ( ) ; assertEquals ( ""this-is-a-license"" , licenseChecker . readKeyFromFile ( tmpLicenseFile . toURI ( ) . toURL ( ) , 3 ) ) ; assertEquals ( ""this-is-a-license"" , licenseChecker . readKeyFromFile ( tmpLicenseFile . toURI ( ) . toURL ( ) , 4 ) ) ; <ASSERTION> ; tmpLicenseFile . delete ( ) ; }","assertEquals ( ""this-is-another-license"" , licenseChecker . readKeyFromFile ( tmpLicenseFile . toURI ( ) . toURL ( ) , 5 ) )"
166,0,"@ Override @ SuppressWarnings ( ""deprecation"" ) public boolean containsRowWithKey ( Object ... keys ) throws SQLException { String query = null ; boolean contains = false ; if ( delegate != null ) { if ( delegate instanceof FreeformStatementDelegate ) { try { StatementHelper sh = ( ( FreeformStatementDelegate ) delegate ) . getContainsRowQueryStatement ( keys ) ; PreparedStatement pstmt = null ; ResultSet rs = null ; Connection c = getConnection ( ) ; try { pstmt = c . prepareStatement ( sh . getQueryString ( ) ) ; sh . setParameterValuesToStatement ( pstmt ) ; rs = pstmt . executeQuery ( ) ; contains = rs . next ( ) ; return contains ; } finally { releaseConnection ( c , pstmt , rs ) ; } } catch ( UnsupportedOperationException e ) { } } try { query = delegate . getContainsRowQueryString ( keys ) ; } catch ( UnsupportedOperationException e ) { query = modifyWhereClause ( keys ) ; } } else { query = modifyWhereClause ( keys ) ; } Statement statement = null ; ResultSet rs = null ; Connection conn = getConnection ( ) ; try { statement = conn . createStatement ( ) ; rs = statement . executeQuery ( query ) ; contains = rs . next ( ) ; } finally { releaseConnection ( conn , statement , rs ) ; } return contains ; }","@ Test public void containsRowWithKeys_simpleQueryWithExistingKeys_returnsTrue ( ) throws SQLException { FreeformQuery query = new FreeformQuery ( ""SELECT * FROM people"" , Arrays . asList ( ""ID"" ) , connectionPool ) ; <ASSERTION> ; }",assertTrue ( query . containsRowWithKey ( 1 ) )
167,0,"@ Override @ SuppressWarnings ( ""deprecation"" ) public boolean containsRowWithKey ( Object ... keys ) throws SQLException { String query = null ; boolean contains = false ; if ( delegate != null ) { if ( delegate instanceof FreeformStatementDelegate ) { try { StatementHelper sh = ( ( FreeformStatementDelegate ) delegate ) . getContainsRowQueryStatement ( keys ) ; PreparedStatement pstmt = null ; ResultSet rs = null ; Connection c = getConnection ( ) ; try { pstmt = c . prepareStatement ( sh . getQueryString ( ) ) ; sh . setParameterValuesToStatement ( pstmt ) ; rs = pstmt . executeQuery ( ) ; contains = rs . next ( ) ; return contains ; } finally { releaseConnection ( c , pstmt , rs ) ; } } catch ( UnsupportedOperationException e ) { } } try { query = delegate . getContainsRowQueryString ( keys ) ; } catch ( UnsupportedOperationException e ) { query = modifyWhereClause ( keys ) ; } } else { query = modifyWhereClause ( keys ) ; } Statement statement = null ; ResultSet rs = null ; Connection conn = getConnection ( ) ; try { statement = conn . createStatement ( ) ; rs = statement . executeQuery ( query ) ; contains = rs . next ( ) ; } finally { releaseConnection ( conn , statement , rs ) ; } return contains ; }","@ Test public void containsRowWithKeys_simpleQueryWithInvalidKeys_shouldFail ( ) throws SQLException { FreeformQuery query = new FreeformQuery ( ""SELECT * FROM people"" , Arrays . asList ( ""ID"" ) , connectionPool ) ; <ASSERTION> ; }",assertFalse ( query . containsRowWithKey ( 38796 ) )
168,0,@ Override public void addAll ( Collection < ? extends BEANTYPE > collection ) { super . addAll ( collection ) ; },"@ Test public void testItemAddedEvent_someItemsAreFiltered_amountOfAddedItemsIsReducedByAmountOfFilteredItems ( ) { BeanItemContainer < Person > container = new BeanItemContainer < Person > ( Person . class ) ; ItemSetChangeListener addListener = createListenerMockFor ( container ) ; Capture < ItemAddEvent > capturedEvent = captureAddEvent ( addListener ) ; EasyMock . replay ( addListener ) ; List < Person > beans = Arrays . asList ( new Person ( ""Jack"" ) , new Person ( ""John"" ) ) ; container . addFilter ( new Compare . Equal ( ""name"" , ""John"" ) ) ; container . addAll ( beans ) ; <ASSERTION> ; }","assertEquals ( 1 , capturedEvent . getValue ( ) . getAddedItemsCount ( ) )"
169,0,"protected String getSystemProperty ( String parameterName ) { String val = null ; String pkgName ; final Package pkg = systemPropertyBaseClass . getPackage ( ) ; if ( pkg != null ) { pkgName = pkg . getName ( ) ; } else { final String className = systemPropertyBaseClass . getName ( ) ; int index = className . lastIndexOf ( '.' ) ; if ( index >= 0 ) { pkgName = className . substring ( 0 , index ) ; } else { pkgName = null ; } } if ( pkgName == null ) { pkgName = """" ; } else { pkgName += '.' ; } val = System . getProperty ( pkgName + parameterName ) ; if ( val != null ) { return val ; } val = System . getProperty ( pkgName + parameterName . toLowerCase ( ) ) ; if ( val != null ) { return val ; } val = System . getProperty ( ""vaadin."" + parameterName ) ; return val ; }","@ Test public void testGetSystemProperty ( ) throws ClassNotFoundException { String value = ""value"" ; String prop = ""prop"" ; System . setProperty ( DefaultDeploymentConfigurationTest . class . getPackage ( ) . getName ( ) + '.' + prop , value ) ; DefaultDeploymentConfiguration config = new DefaultDeploymentConfiguration ( DefaultDeploymentConfigurationTest . class , new Properties ( ) ) ; <ASSERTION> ; }","assertEquals ( value , config . getSystemProperty ( prop ) )"
170,0,@ Override public Item getItem ( Object itemId ) { if ( ! cachedItems . containsKey ( itemId ) ) { int index = indexOfId ( itemId ) ; if ( index >= size ) { int offset = index - size ; RowItem item = addedItems . get ( offset ) ; if ( itemPassesFilters ( item ) ) { return item ; } else { return null ; } } else { updateOffsetAndCache ( index ) ; } } return cachedItems . get ( itemId ) ; },"@ Test public void getItem_freeform5000RowsWithParameter1337_returnsItemWithId1337 ( ) throws SQLException { DataGenerator . addFiveThousandPeople ( connectionPool ) ; SQLContainer container = new SQLContainer ( new FreeformQuery ( ""SELECT * FROM people"" , connectionPool , ""ID"" ) ) ; Item item ; if ( SQLTestsConstants . db == DB . ORACLE ) { item = container . getItem ( new RowId ( new Object [ ] { new BigDecimal ( 1337 + offset ) } ) ) ; <ASSERTION> ; assertEquals ( new BigDecimal ( 1337 + offset ) , item . getItemProperty ( ""ID"" ) . getValue ( ) ) ; } else { item = container . getItem ( new RowId ( new Object [ ] { 1337 + offset } ) ) ; assertNotNull ( item ) ; assertEquals ( 1337 + offset , item . getItemProperty ( ""ID"" ) . getValue ( ) ) ; } assertEquals ( ""Person 1337"" , item . getItemProperty ( ""NAME"" ) . getValue ( ) ) ; }",assertNotNull ( item )
171,0,@ Override public Item getItem ( Object itemId ) { if ( ! cachedItems . containsKey ( itemId ) ) { int index = indexOfId ( itemId ) ; if ( index >= size ) { int offset = index - size ; RowItem item = addedItems . get ( offset ) ; if ( itemPassesFilters ( item ) ) { return item ; } else { return null ; } } else { updateOffsetAndCache ( index ) ; } } return cachedItems . get ( itemId ) ; },"@ Test public void getItem_freeform5000RowsWithParameter1337_returnsItemWithId1337 ( ) throws SQLException { DataGenerator . addFiveThousandPeople ( connectionPool ) ; SQLContainer container = new SQLContainer ( new FreeformQuery ( ""SELECT * FROM people"" , connectionPool , ""ID"" ) ) ; Item item ; if ( SQLTestsConstants . db == DB . ORACLE ) { item = container . getItem ( new RowId ( new Object [ ] { new BigDecimal ( 1337 + offset ) } ) ) ; assertNotNull ( item ) ; <ASSERTION> ; } else { item = container . getItem ( new RowId ( new Object [ ] { 1337 + offset } ) ) ; assertNotNull ( item ) ; assertEquals ( 1337 + offset , item . getItemProperty ( ""ID"" ) . getValue ( ) ) ; } assertEquals ( ""Person 1337"" , item . getItemProperty ( ""NAME"" ) . getValue ( ) ) ; }","assertEquals ( new BigDecimal ( 1337 + offset ) , item . getItemProperty ( ""ID"" ) . getValue ( ) )"
172,0,@ Override public Item getItem ( Object itemId ) { if ( ! cachedItems . containsKey ( itemId ) ) { int index = indexOfId ( itemId ) ; if ( index >= size ) { int offset = index - size ; RowItem item = addedItems . get ( offset ) ; if ( itemPassesFilters ( item ) ) { return item ; } else { return null ; } } else { updateOffsetAndCache ( index ) ; } } return cachedItems . get ( itemId ) ; },"@ Test public void getItem_freeform5000RowsWithParameter1337_returnsItemWithId1337 ( ) throws SQLException { DataGenerator . addFiveThousandPeople ( connectionPool ) ; SQLContainer container = new SQLContainer ( new FreeformQuery ( ""SELECT * FROM people"" , connectionPool , ""ID"" ) ) ; Item item ; if ( SQLTestsConstants . db == DB . ORACLE ) { item = container . getItem ( new RowId ( new Object [ ] { new BigDecimal ( 1337 + offset ) } ) ) ; assertNotNull ( item ) ; assertEquals ( new BigDecimal ( 1337 + offset ) , item . getItemProperty ( ""ID"" ) . getValue ( ) ) ; } else { item = container . getItem ( new RowId ( new Object [ ] { 1337 + offset } ) ) ; <ASSERTION> ; assertEquals ( 1337 + offset , item . getItemProperty ( ""ID"" ) . getValue ( ) ) ; } assertEquals ( ""Person 1337"" , item . getItemProperty ( ""NAME"" ) . getValue ( ) ) ; }",assertNotNull ( item )
173,0,@ Override public Item getItem ( Object itemId ) { if ( ! cachedItems . containsKey ( itemId ) ) { int index = indexOfId ( itemId ) ; if ( index >= size ) { int offset = index - size ; RowItem item = addedItems . get ( offset ) ; if ( itemPassesFilters ( item ) ) { return item ; } else { return null ; } } else { updateOffsetAndCache ( index ) ; } } return cachedItems . get ( itemId ) ; },"@ Test public void getItem_freeform5000RowsWithParameter1337_returnsItemWithId1337 ( ) throws SQLException { DataGenerator . addFiveThousandPeople ( connectionPool ) ; SQLContainer container = new SQLContainer ( new FreeformQuery ( ""SELECT * FROM people"" , connectionPool , ""ID"" ) ) ; Item item ; if ( SQLTestsConstants . db == DB . ORACLE ) { item = container . getItem ( new RowId ( new Object [ ] { new BigDecimal ( 1337 + offset ) } ) ) ; assertNotNull ( item ) ; assertEquals ( new BigDecimal ( 1337 + offset ) , item . getItemProperty ( ""ID"" ) . getValue ( ) ) ; } else { item = container . getItem ( new RowId ( new Object [ ] { 1337 + offset } ) ) ; assertNotNull ( item ) ; <ASSERTION> ; } assertEquals ( ""Person 1337"" , item . getItemProperty ( ""NAME"" ) . getValue ( ) ) ; }","assertEquals ( 1337 + offset , item . getItemProperty ( ""ID"" ) . getValue ( ) )"
174,0,@ Override public Item getItem ( Object itemId ) { if ( ! cachedItems . containsKey ( itemId ) ) { int index = indexOfId ( itemId ) ; if ( index >= size ) { int offset = index - size ; RowItem item = addedItems . get ( offset ) ; if ( itemPassesFilters ( item ) ) { return item ; } else { return null ; } } else { updateOffsetAndCache ( index ) ; } } return cachedItems . get ( itemId ) ; },"@ Test public void getItem_freeform5000RowsWithParameter1337_returnsItemWithId1337 ( ) throws SQLException { DataGenerator . addFiveThousandPeople ( connectionPool ) ; SQLContainer container = new SQLContainer ( new FreeformQuery ( ""SELECT * FROM people"" , connectionPool , ""ID"" ) ) ; Item item ; if ( SQLTestsConstants . db == DB . ORACLE ) { item = container . getItem ( new RowId ( new Object [ ] { new BigDecimal ( 1337 + offset ) } ) ) ; assertNotNull ( item ) ; assertEquals ( new BigDecimal ( 1337 + offset ) , item . getItemProperty ( ""ID"" ) . getValue ( ) ) ; } else { item = container . getItem ( new RowId ( new Object [ ] { 1337 + offset } ) ) ; assertNotNull ( item ) ; assertEquals ( 1337 + offset , item . getItemProperty ( ""ID"" ) . getValue ( ) ) ; } <ASSERTION> ; }","assertEquals ( ""Person 1337"" , item . getItemProperty ( ""NAME"" ) . getValue ( ) )"
175,0,@ Override public void addAll ( Collection < ? extends BEANTYPE > collection ) { super . addAll ( collection ) ; },"@ Test public void testItemAddedEvent_someItemsAreFiltered_addedItemIsTheFirstVisibleItem ( ) { BeanItemContainer < Person > container = new BeanItemContainer < Person > ( Person . class ) ; Person bean = new Person ( ""John"" ) ; ItemSetChangeListener addListener = createListenerMockFor ( container ) ; Capture < ItemAddEvent > capturedEvent = captureAddEvent ( addListener ) ; EasyMock . replay ( addListener ) ; List < Person > beans = Arrays . asList ( new Person ( ""Jack"" ) , bean ) ; container . addFilter ( new Compare . Equal ( ""name"" , ""John"" ) ) ; container . addAll ( beans ) ; <ASSERTION> ; }","assertEquals ( bean , capturedEvent . getValue ( ) . getFirstItemId ( ) )"
176,0,"public static String dashSeparatedToCamelCase ( String dashSeparated ) { if ( dashSeparated == null ) { return null ; } String [ ] parts = dashSeparated . split ( ""-"" ) ; for ( int i = 1 ; i < parts . length ; i ++ ) { parts [ i ] = capitalize ( parts [ i ] ) ; } return join ( parts , """" ) ; }","@ Test public void dashSeparatedToCamelCase ( ) { <ASSERTION> ; assertEquals ( """" , SharedUtil . dashSeparatedToCamelCase ( """" ) ) ; assertEquals ( ""foo"" , SharedUtil . dashSeparatedToCamelCase ( ""foo"" ) ) ; assertEquals ( ""fooBar"" , SharedUtil . dashSeparatedToCamelCase ( ""foo-bar"" ) ) ; assertEquals ( ""fooBar"" , SharedUtil . dashSeparatedToCamelCase ( ""foo--bar"" ) ) ; assertEquals ( ""fooBarBaz"" , SharedUtil . dashSeparatedToCamelCase ( ""foo-bar-baz"" ) ) ; assertEquals ( ""fooBarBaz"" , SharedUtil . dashSeparatedToCamelCase ( ""foo-Bar-Baz"" ) ) ; }","assertEquals ( null , SharedUtil . dashSeparatedToCamelCase ( null ) )"
177,0,"public static String dashSeparatedToCamelCase ( String dashSeparated ) { if ( dashSeparated == null ) { return null ; } String [ ] parts = dashSeparated . split ( ""-"" ) ; for ( int i = 1 ; i < parts . length ; i ++ ) { parts [ i ] = capitalize ( parts [ i ] ) ; } return join ( parts , """" ) ; }","@ Test public void dashSeparatedToCamelCase ( ) { assertEquals ( null , SharedUtil . dashSeparatedToCamelCase ( null ) ) ; <ASSERTION> ; assertEquals ( ""foo"" , SharedUtil . dashSeparatedToCamelCase ( ""foo"" ) ) ; assertEquals ( ""fooBar"" , SharedUtil . dashSeparatedToCamelCase ( ""foo-bar"" ) ) ; assertEquals ( ""fooBar"" , SharedUtil . dashSeparatedToCamelCase ( ""foo--bar"" ) ) ; assertEquals ( ""fooBarBaz"" , SharedUtil . dashSeparatedToCamelCase ( ""foo-bar-baz"" ) ) ; assertEquals ( ""fooBarBaz"" , SharedUtil . dashSeparatedToCamelCase ( ""foo-Bar-Baz"" ) ) ; }","assertEquals ( """" , SharedUtil . dashSeparatedToCamelCase ( """" ) )"
178,0,"public static String dashSeparatedToCamelCase ( String dashSeparated ) { if ( dashSeparated == null ) { return null ; } String [ ] parts = dashSeparated . split ( ""-"" ) ; for ( int i = 1 ; i < parts . length ; i ++ ) { parts [ i ] = capitalize ( parts [ i ] ) ; } return join ( parts , """" ) ; }","@ Test public void dashSeparatedToCamelCase ( ) { assertEquals ( null , SharedUtil . dashSeparatedToCamelCase ( null ) ) ; assertEquals ( """" , SharedUtil . dashSeparatedToCamelCase ( """" ) ) ; <ASSERTION> ; assertEquals ( ""fooBar"" , SharedUtil . dashSeparatedToCamelCase ( ""foo-bar"" ) ) ; assertEquals ( ""fooBar"" , SharedUtil . dashSeparatedToCamelCase ( ""foo--bar"" ) ) ; assertEquals ( ""fooBarBaz"" , SharedUtil . dashSeparatedToCamelCase ( ""foo-bar-baz"" ) ) ; assertEquals ( ""fooBarBaz"" , SharedUtil . dashSeparatedToCamelCase ( ""foo-Bar-Baz"" ) ) ; }","assertEquals ( ""foo"" , SharedUtil . dashSeparatedToCamelCase ( ""foo"" ) )"
179,0,"public static String dashSeparatedToCamelCase ( String dashSeparated ) { if ( dashSeparated == null ) { return null ; } String [ ] parts = dashSeparated . split ( ""-"" ) ; for ( int i = 1 ; i < parts . length ; i ++ ) { parts [ i ] = capitalize ( parts [ i ] ) ; } return join ( parts , """" ) ; }","@ Test public void dashSeparatedToCamelCase ( ) { assertEquals ( null , SharedUtil . dashSeparatedToCamelCase ( null ) ) ; assertEquals ( """" , SharedUtil . dashSeparatedToCamelCase ( """" ) ) ; assertEquals ( ""foo"" , SharedUtil . dashSeparatedToCamelCase ( ""foo"" ) ) ; <ASSERTION> ; assertEquals ( ""fooBar"" , SharedUtil . dashSeparatedToCamelCase ( ""foo--bar"" ) ) ; assertEquals ( ""fooBarBaz"" , SharedUtil . dashSeparatedToCamelCase ( ""foo-bar-baz"" ) ) ; assertEquals ( ""fooBarBaz"" , SharedUtil . dashSeparatedToCamelCase ( ""foo-Bar-Baz"" ) ) ; }","assertEquals ( ""fooBar"" , SharedUtil . dashSeparatedToCamelCase ( ""foo-bar"" ) )"
180,0,"public static String dashSeparatedToCamelCase ( String dashSeparated ) { if ( dashSeparated == null ) { return null ; } String [ ] parts = dashSeparated . split ( ""-"" ) ; for ( int i = 1 ; i < parts . length ; i ++ ) { parts [ i ] = capitalize ( parts [ i ] ) ; } return join ( parts , """" ) ; }","@ Test public void dashSeparatedToCamelCase ( ) { assertEquals ( null , SharedUtil . dashSeparatedToCamelCase ( null ) ) ; assertEquals ( """" , SharedUtil . dashSeparatedToCamelCase ( """" ) ) ; assertEquals ( ""foo"" , SharedUtil . dashSeparatedToCamelCase ( ""foo"" ) ) ; assertEquals ( ""fooBar"" , SharedUtil . dashSeparatedToCamelCase ( ""foo-bar"" ) ) ; <ASSERTION> ; assertEquals ( ""fooBarBaz"" , SharedUtil . dashSeparatedToCamelCase ( ""foo-bar-baz"" ) ) ; assertEquals ( ""fooBarBaz"" , SharedUtil . dashSeparatedToCamelCase ( ""foo-Bar-Baz"" ) ) ; }","assertEquals ( ""fooBar"" , SharedUtil . dashSeparatedToCamelCase ( ""foo--bar"" ) )"
181,0,"public static String dashSeparatedToCamelCase ( String dashSeparated ) { if ( dashSeparated == null ) { return null ; } String [ ] parts = dashSeparated . split ( ""-"" ) ; for ( int i = 1 ; i < parts . length ; i ++ ) { parts [ i ] = capitalize ( parts [ i ] ) ; } return join ( parts , """" ) ; }","@ Test public void dashSeparatedToCamelCase ( ) { assertEquals ( null , SharedUtil . dashSeparatedToCamelCase ( null ) ) ; assertEquals ( """" , SharedUtil . dashSeparatedToCamelCase ( """" ) ) ; assertEquals ( ""foo"" , SharedUtil . dashSeparatedToCamelCase ( ""foo"" ) ) ; assertEquals ( ""fooBar"" , SharedUtil . dashSeparatedToCamelCase ( ""foo-bar"" ) ) ; assertEquals ( ""fooBar"" , SharedUtil . dashSeparatedToCamelCase ( ""foo--bar"" ) ) ; <ASSERTION> ; assertEquals ( ""fooBarBaz"" , SharedUtil . dashSeparatedToCamelCase ( ""foo-Bar-Baz"" ) ) ; }","assertEquals ( ""fooBarBaz"" , SharedUtil . dashSeparatedToCamelCase ( ""foo-bar-baz"" ) )"
182,0,"public static String dashSeparatedToCamelCase ( String dashSeparated ) { if ( dashSeparated == null ) { return null ; } String [ ] parts = dashSeparated . split ( ""-"" ) ; for ( int i = 1 ; i < parts . length ; i ++ ) { parts [ i ] = capitalize ( parts [ i ] ) ; } return join ( parts , """" ) ; }","@ Test public void dashSeparatedToCamelCase ( ) { assertEquals ( null , SharedUtil . dashSeparatedToCamelCase ( null ) ) ; assertEquals ( """" , SharedUtil . dashSeparatedToCamelCase ( """" ) ) ; assertEquals ( ""foo"" , SharedUtil . dashSeparatedToCamelCase ( ""foo"" ) ) ; assertEquals ( ""fooBar"" , SharedUtil . dashSeparatedToCamelCase ( ""foo-bar"" ) ) ; assertEquals ( ""fooBar"" , SharedUtil . dashSeparatedToCamelCase ( ""foo--bar"" ) ) ; assertEquals ( ""fooBarBaz"" , SharedUtil . dashSeparatedToCamelCase ( ""foo-bar-baz"" ) ) ; <ASSERTION> ; }","assertEquals ( ""fooBarBaz"" , SharedUtil . dashSeparatedToCamelCase ( ""foo-Bar-Baz"" ) )"
183,0,@ Override public boolean isReadOnly ( ) { return readOnly ; },"@ Test public void isReadOnly_readOnlyNullable_returnsTrue ( ) { ColumnProperty cp = new ColumnProperty ( ""NAME"" , true , true , true , false , ""Ville"" , String . class ) ; <ASSERTION> ; }",assertTrue ( cp . isReadOnly ( ) )
184,0,@ Override public boolean isReadOnly ( ) { return super . isReadOnly ( ) || ( null == setMethod ) ; },"@ Test public void testIsReadOnly ( ) { NestedMethodProperty < String > streetProperty = new NestedMethodProperty < String > ( vaadin , ""manager.address.street"" ) ; NestedMethodProperty < Boolean > booleanProperty = new NestedMethodProperty < Boolean > ( vaadin , ""manager.address.boolean"" ) ; <ASSERTION> ; assertTrue ( booleanProperty . isReadOnly ( ) ) ; }",assertFalse ( streetProperty . isReadOnly ( ) )
185,0,@ Override public boolean isReadOnly ( ) { return super . isReadOnly ( ) || ( null == setMethod ) ; },"@ Test public void testIsReadOnly ( ) { NestedMethodProperty < String > streetProperty = new NestedMethodProperty < String > ( vaadin , ""manager.address.street"" ) ; NestedMethodProperty < Boolean > booleanProperty = new NestedMethodProperty < Boolean > ( vaadin , ""manager.address.boolean"" ) ; assertFalse ( streetProperty . isReadOnly ( ) ) ; <ASSERTION> ; }",assertTrue ( booleanProperty . isReadOnly ( ) )
186,0,@ Override public Class < ? > getType ( Object propertyId ) { if ( ! propertyIds . contains ( propertyId ) ) { return null ; } return propertyTypes . get ( propertyId ) ; },"@ Test public void getType_freeformNAMEPropertyId_returnsString ( ) throws SQLException { SQLContainer container = new SQLContainer ( new FreeformQuery ( ""SELECT * FROM people"" , connectionPool , ""ID"" ) ) ; <ASSERTION> ; }","assertEquals ( String . class , container . getType ( ""NAME"" ) )"
187,0,@ Override public int hashCode ( ) { return ( list == null ? 0 : list . hashCode ( ) ) ^ ( map == null ? 0 : map . hashCode ( ) ) ^ ( ( propertySetChangeListeners == null || propertySetChangeListeners . isEmpty ( ) ) ? 0 : propertySetChangeListeners . hashCode ( ) ) ; },@ Test public void testItemHashCodeEmpty ( ) { PropertysetItem item1 = createPropertySetItem ( ) ; PropertysetItem item2 = createPropertySetItem ( ) ; <ASSERTION> ; },"assertEquals ( item1 . hashCode ( ) , item2 . hashCode ( ) )"
188,0,"@ Override public String toString ( ) { String retValue = """" ; for ( final Iterator < ? > i = getItemPropertyIds ( ) . iterator ( ) ; i . hasNext ( ) ; ) { final Object propertyId = i . next ( ) ; retValue += getItemProperty ( propertyId ) . getValue ( ) ; if ( i . hasNext ( ) ) { retValue += "" "" ; } } return retValue ; }","@ Test public void testToString ( ) { PropertysetItem item = createPropertySetItem ( ) ; <ASSERTION> ; item . addItemProperty ( ID1 , prop1 ) ; assertEquals ( String . valueOf ( prop1 . getValue ( ) ) , item . toString ( ) ) ; item . addItemProperty ( ID2 , prop2 ) ; assertEquals ( String . valueOf ( prop1 . getValue ( ) ) + "" "" + String . valueOf ( prop2 . getValue ( ) ) , item . toString ( ) ) ; }","assertEquals ( """" , item . toString ( ) )"
189,0,"@ Override public String toString ( ) { String retValue = """" ; for ( final Iterator < ? > i = getItemPropertyIds ( ) . iterator ( ) ; i . hasNext ( ) ; ) { final Object propertyId = i . next ( ) ; retValue += getItemProperty ( propertyId ) . getValue ( ) ; if ( i . hasNext ( ) ) { retValue += "" "" ; } } return retValue ; }","@ Test public void testToString ( ) { PropertysetItem item = createPropertySetItem ( ) ; assertEquals ( """" , item . toString ( ) ) ; item . addItemProperty ( ID1 , prop1 ) ; <ASSERTION> ; item . addItemProperty ( ID2 , prop2 ) ; assertEquals ( String . valueOf ( prop1 . getValue ( ) ) + "" "" + String . valueOf ( prop2 . getValue ( ) ) , item . toString ( ) ) ; }","assertEquals ( String . valueOf ( prop1 . getValue ( ) ) , item . toString ( ) )"
190,0,"@ Override public String toString ( ) { String retValue = """" ; for ( final Iterator < ? > i = getItemPropertyIds ( ) . iterator ( ) ; i . hasNext ( ) ; ) { final Object propertyId = i . next ( ) ; retValue += getItemProperty ( propertyId ) . getValue ( ) ; if ( i . hasNext ( ) ) { retValue += "" "" ; } } return retValue ; }","@ Test public void testToString ( ) { PropertysetItem item = createPropertySetItem ( ) ; assertEquals ( """" , item . toString ( ) ) ; item . addItemProperty ( ID1 , prop1 ) ; assertEquals ( String . valueOf ( prop1 . getValue ( ) ) , item . toString ( ) ) ; item . addItemProperty ( ID2 , prop2 ) ; <ASSERTION> ; }","assertEquals ( String . valueOf ( prop1 . getValue ( ) ) + "" "" + String . valueOf ( prop2 . getValue ( ) ) , item . toString ( ) )"
191,0,public BT getBean ( ) { return bean ; },"@ Test public void testOverridingProperties ( ) { BeanItem < MyClass2 > item = new BeanItem < MyClass2 > ( new MyClass2 ( ""bean2"" ) ) ; Collection < ? > itemPropertyIds = item . getItemPropertyIds ( ) ; <ASSERTION> ; assertTrue ( MyClass2 . class . equals ( item . getBean ( ) . getClass ( ) ) ) ; assertFalse ( item . getItemProperty ( ""name2"" ) . isReadOnly ( ) ) ; }","assertEquals ( 6 , itemPropertyIds . size ( ) )"
192,0,public BT getBean ( ) { return bean ; },"@ Test public void testOverridingProperties ( ) { BeanItem < MyClass2 > item = new BeanItem < MyClass2 > ( new MyClass2 ( ""bean2"" ) ) ; Collection < ? > itemPropertyIds = item . getItemPropertyIds ( ) ; assertEquals ( 6 , itemPropertyIds . size ( ) ) ; <ASSERTION> ; assertFalse ( item . getItemProperty ( ""name2"" ) . isReadOnly ( ) ) ; }",assertTrue ( MyClass2 . class . equals ( item . getBean ( ) . getClass ( ) ) )
193,0,public BT getBean ( ) { return bean ; },"@ Test public void testOverridingProperties ( ) { BeanItem < MyClass2 > item = new BeanItem < MyClass2 > ( new MyClass2 ( ""bean2"" ) ) ; Collection < ? > itemPropertyIds = item . getItemPropertyIds ( ) ; assertEquals ( 6 , itemPropertyIds . size ( ) ) ; assertTrue ( MyClass2 . class . equals ( item . getBean ( ) . getClass ( ) ) ) ; <ASSERTION> ; }","assertFalse ( item . getItemProperty ( ""name2"" ) . isReadOnly ( ) )"
194,0,@ Override public Object addItem ( ) { final Object id = generateId ( ) ; addItem ( id ) ; return id ; },@ Test public void testItemAddedEvent_AddedItem ( ) { IndexedContainer container = new IndexedContainer ( ) ; ItemSetChangeListener addListener = createListenerMockFor ( container ) ; Capture < ItemAddEvent > capturedEvent = captureAddEvent ( addListener ) ; EasyMock . replay ( addListener ) ; Object itemId = container . addItem ( ) ; <ASSERTION> ; },"assertEquals ( itemId , capturedEvent . getValue ( ) . getFirstItemId ( ) )"
195,0,"public void write ( UI ui , Writer writer , boolean repaintAll , boolean async , SystemMessages messages ) throws IOException { writer . write ( ""{"" ) ; boolean metaOpen = false ; if ( repaintAll ) { metaOpen = true ; writer . write ( ""\""repaintAll\"":true"" ) ; } if ( async ) { if ( metaOpen ) { writer . write ( "", "" ) ; } metaOpen = true ; writer . write ( ""\""async\"":true"" ) ; } if ( messages != null && messages . getSessionExpiredMessage ( ) == null && messages . getSessionExpiredCaption ( ) == null && messages . isSessionExpiredNotificationEnabled ( ) && ui . getSession ( ) . getSession ( ) != null ) { int newTimeoutInterval = ui . getSession ( ) . getSession ( ) . getMaxInactiveInterval ( ) ; if ( repaintAll || ( timeoutInterval != newTimeoutInterval ) ) { String escapedURL = messages . getSessionExpiredURL ( ) == null ? """" : messages . getSessionExpiredURL ( ) . replace ( ""/"" , ""\\/"" ) ; if ( metaOpen ) { writer . write ( "","" ) ; } writer . write ( ""\""timedRedirect\"":{\""interval\"":"" + ( newTimeoutInterval + 15 ) + "",\""url\"":\"""" + escapedURL + ""\""}"" ) ; metaOpen = true ; } timeoutInterval = newTimeoutInterval ; } writer . write ( ""}"" ) ; }","@ Test public void writeRedirectWithExpiredSession ( ) throws Exception { disableSessionExpirationMessages ( messages ) ; new MetadataWriter ( ) . write ( ui , writer , false , false , messages ) ; <ASSERTION> ; }","assertEquals ( ""{}"" , writer . getBuffer ( ) . toString ( ) )"
196,0,@ Override public boolean equals ( Object obj ) { if ( obj == null || ! ( ReadOnlyRowId . class . equals ( obj . getClass ( ) ) ) ) { return false ; } return getRowNum ( ) == ( ( ( ReadOnlyRowId ) obj ) . getRowNum ( ) ) ; },@ Test public void equals_compareWithNull_shouldBeFalse ( ) { ReadOnlyRowId rid = new ReadOnlyRowId ( 1337 ) ; <ASSERTION> ; },assertFalse ( rid . equals ( null ) )
197,0,"@ Override public Object getIdByIndex ( int index ) { if ( index < 0 ) { throw new IndexOutOfBoundsException ( ""Index is negative! index="" + index ) ; } updateCount ( ) ; if ( index < size ) { if ( itemIndexes . keySet ( ) . contains ( index ) ) { return itemIndexes . get ( index ) ; } updateOffsetAndCache ( index ) ; return itemIndexes . get ( index ) ; } else { int offset = index - size ; return getFilteredAddedItems ( ) . get ( offset ) . getId ( ) ; } }","@ Test public void getIdByIndex_freeform5000rowsIndex1337_returnsRowId1337 ( ) throws SQLException { DataGenerator . addFiveThousandPeople ( connectionPool ) ; SQLContainer container = new SQLContainer ( new FreeformQuery ( ""SELECT * FROM people ORDER BY \""ID\"" ASC"" , connectionPool , ""ID"" ) ) ; Object itemId = container . getIdByIndex ( 1337 ) ; if ( SQLTestsConstants . db == DB . ORACLE ) { <ASSERTION> ; } else { assertEquals ( new RowId ( new Object [ ] { 1337 + offset } ) , itemId ) ; } }","assertEquals ( new RowId ( new Object [ ] { new BigDecimal ( 1337 + offset ) } ) , itemId )"
198,0,"@ Override public Object getIdByIndex ( int index ) { if ( index < 0 ) { throw new IndexOutOfBoundsException ( ""Index is negative! index="" + index ) ; } updateCount ( ) ; if ( index < size ) { if ( itemIndexes . keySet ( ) . contains ( index ) ) { return itemIndexes . get ( index ) ; } updateOffsetAndCache ( index ) ; return itemIndexes . get ( index ) ; } else { int offset = index - size ; return getFilteredAddedItems ( ) . get ( offset ) . getId ( ) ; } }","@ Test public void getIdByIndex_freeform5000rowsIndex1337_returnsRowId1337 ( ) throws SQLException { DataGenerator . addFiveThousandPeople ( connectionPool ) ; SQLContainer container = new SQLContainer ( new FreeformQuery ( ""SELECT * FROM people ORDER BY \""ID\"" ASC"" , connectionPool , ""ID"" ) ) ; Object itemId = container . getIdByIndex ( 1337 ) ; if ( SQLTestsConstants . db == DB . ORACLE ) { assertEquals ( new RowId ( new Object [ ] { new BigDecimal ( 1337 + offset ) } ) , itemId ) ; } else { <ASSERTION> ; } }","assertEquals ( new RowId ( new Object [ ] { 1337 + offset } ) , itemId )"
199,0,@ Override public Class < ? > getType ( Object propertyId ) { if ( ! propertyIds . contains ( propertyId ) ) { return null ; } return propertyTypes . get ( propertyId ) ; },"@ Test public void getType_freeformNonexistingPropertyId_returnsNull ( ) throws SQLException { SQLContainer container = new SQLContainer ( new FreeformQuery ( ""SELECT * FROM people"" , connectionPool , ""ID"" ) ) ; <ASSERTION> ; }","assertNull ( container . getType ( ""asdf"" ) )"
