label,test,fm,docstring
0,"@ Test public void testRegister ( ) throws Exception { final ConstantConfig constantConfig = new ConstantConfig ( ) ; constantConfig . setDevMode ( true ) ; final String expectedUnknownHandler = ""expectedUnknownHandler"" ; StrutsJavaConfiguration javaConfig = new StrutsJavaConfiguration ( ) { @ Override public List < String > unknownHandlerStack ( ) { return Collections . singletonList ( expectedUnknownHandler ) ; } @ Override public List < ConstantConfig > constants ( ) { return Collections . singletonList ( constantConfig ) ; } @ Override public List < BeanConfig > beans ( ) { return Arrays . asList ( new BeanConfig ( TestBean . class , ""struts"" ) , new BeanConfig ( TestBean . class , ""struts.static"" , TestBean . class , Scope . PROTOTYPE , true , true ) , new BeanConfig ( TestBean . class , ""struts.test.bean"" , TestBean . class ) ) ; } @ Override public Optional < BeanSelectionConfig > beanSelection ( ) { return Optional . of ( new BeanSelectionConfig ( TestBeanSelectionProvider . class , ""testBeans"" ) ) ; } } ; StrutsJavaConfigurationProvider provider = new StrutsJavaConfigurationProvider ( javaConfig ) ; Configuration configuration = new MockConfiguration ( ) ; provider . init ( configuration ) ; ContainerBuilder builder = new ContainerBuilder ( ) ; LocatableProperties props = new LocatableProperties ( ) ; provider . register ( builder , props ) ; <ASSERTION> ; assertNotNull ( configuration . getUnknownHandlerStack ( ) ) ; assertEquals ( 1 , configuration . getUnknownHandlerStack ( ) . size ( ) ) ; assertEquals ( expectedUnknownHandler , configuration . getUnknownHandlerStack ( ) . get ( 0 ) . getName ( ) ) ; Container container = builder . create ( true ) ; TestBean testBean = container . getInstance ( TestBean . class ) ; assertNotNull ( testBean ) ; testBean = container . getInstance ( TestBean . class , ""struts"" ) ; assertNotNull ( testBean ) ; Set < String > names = container . getInstanceNames ( TestBean . class ) ; assertTrue ( names . contains ( ""struts"" ) ) ; assertTrue ( names . contains ( ""struts.test.bean"" ) ) ; }","@ Override public void register ( ContainerBuilder builder , LocatableProperties props ) throws ConfigurationException { Map < String , Object > loadedBeans = new HashMap < > ( ) ; List < BeanConfig > beanConfigs = javaConfig . beans ( ) ; if ( beanConfigs != null ) { for ( BeanConfig bc : beanConfigs ) { if ( bc != null ) { registerBean ( loadedBeans , builder , bc ) ; } } } List < ConstantConfig > constantConfigList = javaConfig . constants ( ) ; if ( constantConfigList != null ) { for ( ConstantConfig constantConf : constantConfigList ) { if ( constantConf != null ) { Map < String , String > constantMap = constantConf . getAllAsStringsMap ( ) ; for ( Entry < String , String > entr : constantMap . entrySet ( ) ) { if ( entr . getKey ( ) != null && entr . getValue ( ) != null ) { registerConstant ( props , entr . getKey ( ) , entr . getValue ( ) ) ; } } } } } javaConfig . beanSelection ( ) . ifPresent ( beanSelectionConfig -> { try { LOG . debug ( ""Registering bean selection provider {} of type {}"" , beanSelectionConfig . getName ( ) , beanSelectionConfig . getClazz ( ) . getName ( ) ) ; BeanSelectionProvider provider = beanSelectionConfig . getClazz ( ) . newInstance ( ) ; provider . register ( builder , props ) ; } catch ( IllegalAccessException | InstantiationException e ) { throw new ConfigurationException ( ""Unable to load : name:"" + beanSelectionConfig . getName ( ) + "" class:"" + beanSelectionConfig . getClazz ( ) . getName ( ) ) ; } } ) ; List < String > unknownHandlers = javaConfig . unknownHandlerStack ( ) ; if ( unknownHandlers != null ) { List < UnknownHandlerConfig > unknownHandlerStack = new ArrayList < > ( ) ; for ( String unknownHandler : unknownHandlers ) { Location location = LocationUtils . getLocation ( unknownHandler ) ; unknownHandlerStack . add ( new UnknownHandlerConfig ( unknownHandler , location ) ) ; } if ( ! unknownHandlerStack . isEmpty ( ) ) { configuration . setUnknownHandlerStack ( unknownHandlerStack ) ; } } }",
0,"@ Test public void testRegister ( ) throws Exception { final ConstantConfig constantConfig = new ConstantConfig ( ) ; constantConfig . setDevMode ( true ) ; final String expectedUnknownHandler = ""expectedUnknownHandler"" ; StrutsJavaConfiguration javaConfig = new StrutsJavaConfiguration ( ) { @ Override public List < String > unknownHandlerStack ( ) { return Collections . singletonList ( expectedUnknownHandler ) ; } @ Override public List < ConstantConfig > constants ( ) { return Collections . singletonList ( constantConfig ) ; } @ Override public List < BeanConfig > beans ( ) { return Arrays . asList ( new BeanConfig ( TestBean . class , ""struts"" ) , new BeanConfig ( TestBean . class , ""struts.static"" , TestBean . class , Scope . PROTOTYPE , true , true ) , new BeanConfig ( TestBean . class , ""struts.test.bean"" , TestBean . class ) ) ; } @ Override public Optional < BeanSelectionConfig > beanSelection ( ) { return Optional . of ( new BeanSelectionConfig ( TestBeanSelectionProvider . class , ""testBeans"" ) ) ; } } ; StrutsJavaConfigurationProvider provider = new StrutsJavaConfigurationProvider ( javaConfig ) ; Configuration configuration = new MockConfiguration ( ) ; provider . init ( configuration ) ; ContainerBuilder builder = new ContainerBuilder ( ) ; LocatableProperties props = new LocatableProperties ( ) ; provider . register ( builder , props ) ; assertEquals ( String . valueOf ( constantConfig . getDevMode ( ) ) , props . get ( StrutsConstants . STRUTS_DEVMODE ) ) ; <ASSERTION> ; assertEquals ( 1 , configuration . getUnknownHandlerStack ( ) . size ( ) ) ; assertEquals ( expectedUnknownHandler , configuration . getUnknownHandlerStack ( ) . get ( 0 ) . getName ( ) ) ; Container container = builder . create ( true ) ; TestBean testBean = container . getInstance ( TestBean . class ) ; assertNotNull ( testBean ) ; testBean = container . getInstance ( TestBean . class , ""struts"" ) ; assertNotNull ( testBean ) ; Set < String > names = container . getInstanceNames ( TestBean . class ) ; assertTrue ( names . contains ( ""struts"" ) ) ; assertTrue ( names . contains ( ""struts.test.bean"" ) ) ; }","@ Override public void register ( ContainerBuilder builder , LocatableProperties props ) throws ConfigurationException { Map < String , Object > loadedBeans = new HashMap < > ( ) ; List < BeanConfig > beanConfigs = javaConfig . beans ( ) ; if ( beanConfigs != null ) { for ( BeanConfig bc : beanConfigs ) { if ( bc != null ) { registerBean ( loadedBeans , builder , bc ) ; } } } List < ConstantConfig > constantConfigList = javaConfig . constants ( ) ; if ( constantConfigList != null ) { for ( ConstantConfig constantConf : constantConfigList ) { if ( constantConf != null ) { Map < String , String > constantMap = constantConf . getAllAsStringsMap ( ) ; for ( Entry < String , String > entr : constantMap . entrySet ( ) ) { if ( entr . getKey ( ) != null && entr . getValue ( ) != null ) { registerConstant ( props , entr . getKey ( ) , entr . getValue ( ) ) ; } } } } } javaConfig . beanSelection ( ) . ifPresent ( beanSelectionConfig -> { try { LOG . debug ( ""Registering bean selection provider {} of type {}"" , beanSelectionConfig . getName ( ) , beanSelectionConfig . getClazz ( ) . getName ( ) ) ; BeanSelectionProvider provider = beanSelectionConfig . getClazz ( ) . newInstance ( ) ; provider . register ( builder , props ) ; } catch ( IllegalAccessException | InstantiationException e ) { throw new ConfigurationException ( ""Unable to load : name:"" + beanSelectionConfig . getName ( ) + "" class:"" + beanSelectionConfig . getClazz ( ) . getName ( ) ) ; } } ) ; List < String > unknownHandlers = javaConfig . unknownHandlerStack ( ) ; if ( unknownHandlers != null ) { List < UnknownHandlerConfig > unknownHandlerStack = new ArrayList < > ( ) ; for ( String unknownHandler : unknownHandlers ) { Location location = LocationUtils . getLocation ( unknownHandler ) ; unknownHandlerStack . add ( new UnknownHandlerConfig ( unknownHandler , location ) ) ; } if ( ! unknownHandlerStack . isEmpty ( ) ) { configuration . setUnknownHandlerStack ( unknownHandlerStack ) ; } } }",
0,"@ Test public void testRegister ( ) throws Exception { final ConstantConfig constantConfig = new ConstantConfig ( ) ; constantConfig . setDevMode ( true ) ; final String expectedUnknownHandler = ""expectedUnknownHandler"" ; StrutsJavaConfiguration javaConfig = new StrutsJavaConfiguration ( ) { @ Override public List < String > unknownHandlerStack ( ) { return Collections . singletonList ( expectedUnknownHandler ) ; } @ Override public List < ConstantConfig > constants ( ) { return Collections . singletonList ( constantConfig ) ; } @ Override public List < BeanConfig > beans ( ) { return Arrays . asList ( new BeanConfig ( TestBean . class , ""struts"" ) , new BeanConfig ( TestBean . class , ""struts.static"" , TestBean . class , Scope . PROTOTYPE , true , true ) , new BeanConfig ( TestBean . class , ""struts.test.bean"" , TestBean . class ) ) ; } @ Override public Optional < BeanSelectionConfig > beanSelection ( ) { return Optional . of ( new BeanSelectionConfig ( TestBeanSelectionProvider . class , ""testBeans"" ) ) ; } } ; StrutsJavaConfigurationProvider provider = new StrutsJavaConfigurationProvider ( javaConfig ) ; Configuration configuration = new MockConfiguration ( ) ; provider . init ( configuration ) ; ContainerBuilder builder = new ContainerBuilder ( ) ; LocatableProperties props = new LocatableProperties ( ) ; provider . register ( builder , props ) ; assertEquals ( String . valueOf ( constantConfig . getDevMode ( ) ) , props . get ( StrutsConstants . STRUTS_DEVMODE ) ) ; assertNotNull ( configuration . getUnknownHandlerStack ( ) ) ; <ASSERTION> ; assertEquals ( expectedUnknownHandler , configuration . getUnknownHandlerStack ( ) . get ( 0 ) . getName ( ) ) ; Container container = builder . create ( true ) ; TestBean testBean = container . getInstance ( TestBean . class ) ; assertNotNull ( testBean ) ; testBean = container . getInstance ( TestBean . class , ""struts"" ) ; assertNotNull ( testBean ) ; Set < String > names = container . getInstanceNames ( TestBean . class ) ; assertTrue ( names . contains ( ""struts"" ) ) ; assertTrue ( names . contains ( ""struts.test.bean"" ) ) ; }","@ Override public void register ( ContainerBuilder builder , LocatableProperties props ) throws ConfigurationException { Map < String , Object > loadedBeans = new HashMap < > ( ) ; List < BeanConfig > beanConfigs = javaConfig . beans ( ) ; if ( beanConfigs != null ) { for ( BeanConfig bc : beanConfigs ) { if ( bc != null ) { registerBean ( loadedBeans , builder , bc ) ; } } } List < ConstantConfig > constantConfigList = javaConfig . constants ( ) ; if ( constantConfigList != null ) { for ( ConstantConfig constantConf : constantConfigList ) { if ( constantConf != null ) { Map < String , String > constantMap = constantConf . getAllAsStringsMap ( ) ; for ( Entry < String , String > entr : constantMap . entrySet ( ) ) { if ( entr . getKey ( ) != null && entr . getValue ( ) != null ) { registerConstant ( props , entr . getKey ( ) , entr . getValue ( ) ) ; } } } } } javaConfig . beanSelection ( ) . ifPresent ( beanSelectionConfig -> { try { LOG . debug ( ""Registering bean selection provider {} of type {}"" , beanSelectionConfig . getName ( ) , beanSelectionConfig . getClazz ( ) . getName ( ) ) ; BeanSelectionProvider provider = beanSelectionConfig . getClazz ( ) . newInstance ( ) ; provider . register ( builder , props ) ; } catch ( IllegalAccessException | InstantiationException e ) { throw new ConfigurationException ( ""Unable to load : name:"" + beanSelectionConfig . getName ( ) + "" class:"" + beanSelectionConfig . getClazz ( ) . getName ( ) ) ; } } ) ; List < String > unknownHandlers = javaConfig . unknownHandlerStack ( ) ; if ( unknownHandlers != null ) { List < UnknownHandlerConfig > unknownHandlerStack = new ArrayList < > ( ) ; for ( String unknownHandler : unknownHandlers ) { Location location = LocationUtils . getLocation ( unknownHandler ) ; unknownHandlerStack . add ( new UnknownHandlerConfig ( unknownHandler , location ) ) ; } if ( ! unknownHandlerStack . isEmpty ( ) ) { configuration . setUnknownHandlerStack ( unknownHandlerStack ) ; } } }",
0,"@ Test public void testRegister ( ) throws Exception { final ConstantConfig constantConfig = new ConstantConfig ( ) ; constantConfig . setDevMode ( true ) ; final String expectedUnknownHandler = ""expectedUnknownHandler"" ; StrutsJavaConfiguration javaConfig = new StrutsJavaConfiguration ( ) { @ Override public List < String > unknownHandlerStack ( ) { return Collections . singletonList ( expectedUnknownHandler ) ; } @ Override public List < ConstantConfig > constants ( ) { return Collections . singletonList ( constantConfig ) ; } @ Override public List < BeanConfig > beans ( ) { return Arrays . asList ( new BeanConfig ( TestBean . class , ""struts"" ) , new BeanConfig ( TestBean . class , ""struts.static"" , TestBean . class , Scope . PROTOTYPE , true , true ) , new BeanConfig ( TestBean . class , ""struts.test.bean"" , TestBean . class ) ) ; } @ Override public Optional < BeanSelectionConfig > beanSelection ( ) { return Optional . of ( new BeanSelectionConfig ( TestBeanSelectionProvider . class , ""testBeans"" ) ) ; } } ; StrutsJavaConfigurationProvider provider = new StrutsJavaConfigurationProvider ( javaConfig ) ; Configuration configuration = new MockConfiguration ( ) ; provider . init ( configuration ) ; ContainerBuilder builder = new ContainerBuilder ( ) ; LocatableProperties props = new LocatableProperties ( ) ; provider . register ( builder , props ) ; assertEquals ( String . valueOf ( constantConfig . getDevMode ( ) ) , props . get ( StrutsConstants . STRUTS_DEVMODE ) ) ; assertNotNull ( configuration . getUnknownHandlerStack ( ) ) ; assertEquals ( 1 , configuration . getUnknownHandlerStack ( ) . size ( ) ) ; <ASSERTION> ; Container container = builder . create ( true ) ; TestBean testBean = container . getInstance ( TestBean . class ) ; assertNotNull ( testBean ) ; testBean = container . getInstance ( TestBean . class , ""struts"" ) ; assertNotNull ( testBean ) ; Set < String > names = container . getInstanceNames ( TestBean . class ) ; assertTrue ( names . contains ( ""struts"" ) ) ; assertTrue ( names . contains ( ""struts.test.bean"" ) ) ; }","@ Override public void register ( ContainerBuilder builder , LocatableProperties props ) throws ConfigurationException { Map < String , Object > loadedBeans = new HashMap < > ( ) ; List < BeanConfig > beanConfigs = javaConfig . beans ( ) ; if ( beanConfigs != null ) { for ( BeanConfig bc : beanConfigs ) { if ( bc != null ) { registerBean ( loadedBeans , builder , bc ) ; } } } List < ConstantConfig > constantConfigList = javaConfig . constants ( ) ; if ( constantConfigList != null ) { for ( ConstantConfig constantConf : constantConfigList ) { if ( constantConf != null ) { Map < String , String > constantMap = constantConf . getAllAsStringsMap ( ) ; for ( Entry < String , String > entr : constantMap . entrySet ( ) ) { if ( entr . getKey ( ) != null && entr . getValue ( ) != null ) { registerConstant ( props , entr . getKey ( ) , entr . getValue ( ) ) ; } } } } } javaConfig . beanSelection ( ) . ifPresent ( beanSelectionConfig -> { try { LOG . debug ( ""Registering bean selection provider {} of type {}"" , beanSelectionConfig . getName ( ) , beanSelectionConfig . getClazz ( ) . getName ( ) ) ; BeanSelectionProvider provider = beanSelectionConfig . getClazz ( ) . newInstance ( ) ; provider . register ( builder , props ) ; } catch ( IllegalAccessException | InstantiationException e ) { throw new ConfigurationException ( ""Unable to load : name:"" + beanSelectionConfig . getName ( ) + "" class:"" + beanSelectionConfig . getClazz ( ) . getName ( ) ) ; } } ) ; List < String > unknownHandlers = javaConfig . unknownHandlerStack ( ) ; if ( unknownHandlers != null ) { List < UnknownHandlerConfig > unknownHandlerStack = new ArrayList < > ( ) ; for ( String unknownHandler : unknownHandlers ) { Location location = LocationUtils . getLocation ( unknownHandler ) ; unknownHandlerStack . add ( new UnknownHandlerConfig ( unknownHandler , location ) ) ; } if ( ! unknownHandlerStack . isEmpty ( ) ) { configuration . setUnknownHandlerStack ( unknownHandlerStack ) ; } } }",
0,"@ Test public void testRegister ( ) throws Exception { final ConstantConfig constantConfig = new ConstantConfig ( ) ; constantConfig . setDevMode ( true ) ; final String expectedUnknownHandler = ""expectedUnknownHandler"" ; StrutsJavaConfiguration javaConfig = new StrutsJavaConfiguration ( ) { @ Override public List < String > unknownHandlerStack ( ) { return Collections . singletonList ( expectedUnknownHandler ) ; } @ Override public List < ConstantConfig > constants ( ) { return Collections . singletonList ( constantConfig ) ; } @ Override public List < BeanConfig > beans ( ) { return Arrays . asList ( new BeanConfig ( TestBean . class , ""struts"" ) , new BeanConfig ( TestBean . class , ""struts.static"" , TestBean . class , Scope . PROTOTYPE , true , true ) , new BeanConfig ( TestBean . class , ""struts.test.bean"" , TestBean . class ) ) ; } @ Override public Optional < BeanSelectionConfig > beanSelection ( ) { return Optional . of ( new BeanSelectionConfig ( TestBeanSelectionProvider . class , ""testBeans"" ) ) ; } } ; StrutsJavaConfigurationProvider provider = new StrutsJavaConfigurationProvider ( javaConfig ) ; Configuration configuration = new MockConfiguration ( ) ; provider . init ( configuration ) ; ContainerBuilder builder = new ContainerBuilder ( ) ; LocatableProperties props = new LocatableProperties ( ) ; provider . register ( builder , props ) ; assertEquals ( String . valueOf ( constantConfig . getDevMode ( ) ) , props . get ( StrutsConstants . STRUTS_DEVMODE ) ) ; assertNotNull ( configuration . getUnknownHandlerStack ( ) ) ; assertEquals ( 1 , configuration . getUnknownHandlerStack ( ) . size ( ) ) ; assertEquals ( expectedUnknownHandler , configuration . getUnknownHandlerStack ( ) . get ( 0 ) . getName ( ) ) ; Container container = builder . create ( true ) ; TestBean testBean = container . getInstance ( TestBean . class ) ; <ASSERTION> ; testBean = container . getInstance ( TestBean . class , ""struts"" ) ; assertNotNull ( testBean ) ; Set < String > names = container . getInstanceNames ( TestBean . class ) ; assertTrue ( names . contains ( ""struts"" ) ) ; assertTrue ( names . contains ( ""struts.test.bean"" ) ) ; }","@ Override public void register ( ContainerBuilder builder , LocatableProperties props ) throws ConfigurationException { Map < String , Object > loadedBeans = new HashMap < > ( ) ; List < BeanConfig > beanConfigs = javaConfig . beans ( ) ; if ( beanConfigs != null ) { for ( BeanConfig bc : beanConfigs ) { if ( bc != null ) { registerBean ( loadedBeans , builder , bc ) ; } } } List < ConstantConfig > constantConfigList = javaConfig . constants ( ) ; if ( constantConfigList != null ) { for ( ConstantConfig constantConf : constantConfigList ) { if ( constantConf != null ) { Map < String , String > constantMap = constantConf . getAllAsStringsMap ( ) ; for ( Entry < String , String > entr : constantMap . entrySet ( ) ) { if ( entr . getKey ( ) != null && entr . getValue ( ) != null ) { registerConstant ( props , entr . getKey ( ) , entr . getValue ( ) ) ; } } } } } javaConfig . beanSelection ( ) . ifPresent ( beanSelectionConfig -> { try { LOG . debug ( ""Registering bean selection provider {} of type {}"" , beanSelectionConfig . getName ( ) , beanSelectionConfig . getClazz ( ) . getName ( ) ) ; BeanSelectionProvider provider = beanSelectionConfig . getClazz ( ) . newInstance ( ) ; provider . register ( builder , props ) ; } catch ( IllegalAccessException | InstantiationException e ) { throw new ConfigurationException ( ""Unable to load : name:"" + beanSelectionConfig . getName ( ) + "" class:"" + beanSelectionConfig . getClazz ( ) . getName ( ) ) ; } } ) ; List < String > unknownHandlers = javaConfig . unknownHandlerStack ( ) ; if ( unknownHandlers != null ) { List < UnknownHandlerConfig > unknownHandlerStack = new ArrayList < > ( ) ; for ( String unknownHandler : unknownHandlers ) { Location location = LocationUtils . getLocation ( unknownHandler ) ; unknownHandlerStack . add ( new UnknownHandlerConfig ( unknownHandler , location ) ) ; } if ( ! unknownHandlerStack . isEmpty ( ) ) { configuration . setUnknownHandlerStack ( unknownHandlerStack ) ; } } }",
0,"@ Test public void testRegister ( ) throws Exception { final ConstantConfig constantConfig = new ConstantConfig ( ) ; constantConfig . setDevMode ( true ) ; final String expectedUnknownHandler = ""expectedUnknownHandler"" ; StrutsJavaConfiguration javaConfig = new StrutsJavaConfiguration ( ) { @ Override public List < String > unknownHandlerStack ( ) { return Collections . singletonList ( expectedUnknownHandler ) ; } @ Override public List < ConstantConfig > constants ( ) { return Collections . singletonList ( constantConfig ) ; } @ Override public List < BeanConfig > beans ( ) { return Arrays . asList ( new BeanConfig ( TestBean . class , ""struts"" ) , new BeanConfig ( TestBean . class , ""struts.static"" , TestBean . class , Scope . PROTOTYPE , true , true ) , new BeanConfig ( TestBean . class , ""struts.test.bean"" , TestBean . class ) ) ; } @ Override public Optional < BeanSelectionConfig > beanSelection ( ) { return Optional . of ( new BeanSelectionConfig ( TestBeanSelectionProvider . class , ""testBeans"" ) ) ; } } ; StrutsJavaConfigurationProvider provider = new StrutsJavaConfigurationProvider ( javaConfig ) ; Configuration configuration = new MockConfiguration ( ) ; provider . init ( configuration ) ; ContainerBuilder builder = new ContainerBuilder ( ) ; LocatableProperties props = new LocatableProperties ( ) ; provider . register ( builder , props ) ; assertEquals ( String . valueOf ( constantConfig . getDevMode ( ) ) , props . get ( StrutsConstants . STRUTS_DEVMODE ) ) ; assertNotNull ( configuration . getUnknownHandlerStack ( ) ) ; assertEquals ( 1 , configuration . getUnknownHandlerStack ( ) . size ( ) ) ; assertEquals ( expectedUnknownHandler , configuration . getUnknownHandlerStack ( ) . get ( 0 ) . getName ( ) ) ; Container container = builder . create ( true ) ; TestBean testBean = container . getInstance ( TestBean . class ) ; assertNotNull ( testBean ) ; testBean = container . getInstance ( TestBean . class , ""struts"" ) ; <ASSERTION> ; Set < String > names = container . getInstanceNames ( TestBean . class ) ; assertTrue ( names . contains ( ""struts"" ) ) ; assertTrue ( names . contains ( ""struts.test.bean"" ) ) ; }","@ Override public void register ( ContainerBuilder builder , LocatableProperties props ) throws ConfigurationException { Map < String , Object > loadedBeans = new HashMap < > ( ) ; List < BeanConfig > beanConfigs = javaConfig . beans ( ) ; if ( beanConfigs != null ) { for ( BeanConfig bc : beanConfigs ) { if ( bc != null ) { registerBean ( loadedBeans , builder , bc ) ; } } } List < ConstantConfig > constantConfigList = javaConfig . constants ( ) ; if ( constantConfigList != null ) { for ( ConstantConfig constantConf : constantConfigList ) { if ( constantConf != null ) { Map < String , String > constantMap = constantConf . getAllAsStringsMap ( ) ; for ( Entry < String , String > entr : constantMap . entrySet ( ) ) { if ( entr . getKey ( ) != null && entr . getValue ( ) != null ) { registerConstant ( props , entr . getKey ( ) , entr . getValue ( ) ) ; } } } } } javaConfig . beanSelection ( ) . ifPresent ( beanSelectionConfig -> { try { LOG . debug ( ""Registering bean selection provider {} of type {}"" , beanSelectionConfig . getName ( ) , beanSelectionConfig . getClazz ( ) . getName ( ) ) ; BeanSelectionProvider provider = beanSelectionConfig . getClazz ( ) . newInstance ( ) ; provider . register ( builder , props ) ; } catch ( IllegalAccessException | InstantiationException e ) { throw new ConfigurationException ( ""Unable to load : name:"" + beanSelectionConfig . getName ( ) + "" class:"" + beanSelectionConfig . getClazz ( ) . getName ( ) ) ; } } ) ; List < String > unknownHandlers = javaConfig . unknownHandlerStack ( ) ; if ( unknownHandlers != null ) { List < UnknownHandlerConfig > unknownHandlerStack = new ArrayList < > ( ) ; for ( String unknownHandler : unknownHandlers ) { Location location = LocationUtils . getLocation ( unknownHandler ) ; unknownHandlerStack . add ( new UnknownHandlerConfig ( unknownHandler , location ) ) ; } if ( ! unknownHandlerStack . isEmpty ( ) ) { configuration . setUnknownHandlerStack ( unknownHandlerStack ) ; } } }",
0,"@ Test public void testRegister ( ) throws Exception { final ConstantConfig constantConfig = new ConstantConfig ( ) ; constantConfig . setDevMode ( true ) ; final String expectedUnknownHandler = ""expectedUnknownHandler"" ; StrutsJavaConfiguration javaConfig = new StrutsJavaConfiguration ( ) { @ Override public List < String > unknownHandlerStack ( ) { return Collections . singletonList ( expectedUnknownHandler ) ; } @ Override public List < ConstantConfig > constants ( ) { return Collections . singletonList ( constantConfig ) ; } @ Override public List < BeanConfig > beans ( ) { return Arrays . asList ( new BeanConfig ( TestBean . class , ""struts"" ) , new BeanConfig ( TestBean . class , ""struts.static"" , TestBean . class , Scope . PROTOTYPE , true , true ) , new BeanConfig ( TestBean . class , ""struts.test.bean"" , TestBean . class ) ) ; } @ Override public Optional < BeanSelectionConfig > beanSelection ( ) { return Optional . of ( new BeanSelectionConfig ( TestBeanSelectionProvider . class , ""testBeans"" ) ) ; } } ; StrutsJavaConfigurationProvider provider = new StrutsJavaConfigurationProvider ( javaConfig ) ; Configuration configuration = new MockConfiguration ( ) ; provider . init ( configuration ) ; ContainerBuilder builder = new ContainerBuilder ( ) ; LocatableProperties props = new LocatableProperties ( ) ; provider . register ( builder , props ) ; assertEquals ( String . valueOf ( constantConfig . getDevMode ( ) ) , props . get ( StrutsConstants . STRUTS_DEVMODE ) ) ; assertNotNull ( configuration . getUnknownHandlerStack ( ) ) ; assertEquals ( 1 , configuration . getUnknownHandlerStack ( ) . size ( ) ) ; assertEquals ( expectedUnknownHandler , configuration . getUnknownHandlerStack ( ) . get ( 0 ) . getName ( ) ) ; Container container = builder . create ( true ) ; TestBean testBean = container . getInstance ( TestBean . class ) ; assertNotNull ( testBean ) ; testBean = container . getInstance ( TestBean . class , ""struts"" ) ; assertNotNull ( testBean ) ; Set < String > names = container . getInstanceNames ( TestBean . class ) ; <ASSERTION> ; assertTrue ( names . contains ( ""struts.test.bean"" ) ) ; }","@ Override public void register ( ContainerBuilder builder , LocatableProperties props ) throws ConfigurationException { Map < String , Object > loadedBeans = new HashMap < > ( ) ; List < BeanConfig > beanConfigs = javaConfig . beans ( ) ; if ( beanConfigs != null ) { for ( BeanConfig bc : beanConfigs ) { if ( bc != null ) { registerBean ( loadedBeans , builder , bc ) ; } } } List < ConstantConfig > constantConfigList = javaConfig . constants ( ) ; if ( constantConfigList != null ) { for ( ConstantConfig constantConf : constantConfigList ) { if ( constantConf != null ) { Map < String , String > constantMap = constantConf . getAllAsStringsMap ( ) ; for ( Entry < String , String > entr : constantMap . entrySet ( ) ) { if ( entr . getKey ( ) != null && entr . getValue ( ) != null ) { registerConstant ( props , entr . getKey ( ) , entr . getValue ( ) ) ; } } } } } javaConfig . beanSelection ( ) . ifPresent ( beanSelectionConfig -> { try { LOG . debug ( ""Registering bean selection provider {} of type {}"" , beanSelectionConfig . getName ( ) , beanSelectionConfig . getClazz ( ) . getName ( ) ) ; BeanSelectionProvider provider = beanSelectionConfig . getClazz ( ) . newInstance ( ) ; provider . register ( builder , props ) ; } catch ( IllegalAccessException | InstantiationException e ) { throw new ConfigurationException ( ""Unable to load : name:"" + beanSelectionConfig . getName ( ) + "" class:"" + beanSelectionConfig . getClazz ( ) . getName ( ) ) ; } } ) ; List < String > unknownHandlers = javaConfig . unknownHandlerStack ( ) ; if ( unknownHandlers != null ) { List < UnknownHandlerConfig > unknownHandlerStack = new ArrayList < > ( ) ; for ( String unknownHandler : unknownHandlers ) { Location location = LocationUtils . getLocation ( unknownHandler ) ; unknownHandlerStack . add ( new UnknownHandlerConfig ( unknownHandler , location ) ) ; } if ( ! unknownHandlerStack . isEmpty ( ) ) { configuration . setUnknownHandlerStack ( unknownHandlerStack ) ; } } }",
0,"@ Test public void testRegister ( ) throws Exception { final ConstantConfig constantConfig = new ConstantConfig ( ) ; constantConfig . setDevMode ( true ) ; final String expectedUnknownHandler = ""expectedUnknownHandler"" ; StrutsJavaConfiguration javaConfig = new StrutsJavaConfiguration ( ) { @ Override public List < String > unknownHandlerStack ( ) { return Collections . singletonList ( expectedUnknownHandler ) ; } @ Override public List < ConstantConfig > constants ( ) { return Collections . singletonList ( constantConfig ) ; } @ Override public List < BeanConfig > beans ( ) { return Arrays . asList ( new BeanConfig ( TestBean . class , ""struts"" ) , new BeanConfig ( TestBean . class , ""struts.static"" , TestBean . class , Scope . PROTOTYPE , true , true ) , new BeanConfig ( TestBean . class , ""struts.test.bean"" , TestBean . class ) ) ; } @ Override public Optional < BeanSelectionConfig > beanSelection ( ) { return Optional . of ( new BeanSelectionConfig ( TestBeanSelectionProvider . class , ""testBeans"" ) ) ; } } ; StrutsJavaConfigurationProvider provider = new StrutsJavaConfigurationProvider ( javaConfig ) ; Configuration configuration = new MockConfiguration ( ) ; provider . init ( configuration ) ; ContainerBuilder builder = new ContainerBuilder ( ) ; LocatableProperties props = new LocatableProperties ( ) ; provider . register ( builder , props ) ; assertEquals ( String . valueOf ( constantConfig . getDevMode ( ) ) , props . get ( StrutsConstants . STRUTS_DEVMODE ) ) ; assertNotNull ( configuration . getUnknownHandlerStack ( ) ) ; assertEquals ( 1 , configuration . getUnknownHandlerStack ( ) . size ( ) ) ; assertEquals ( expectedUnknownHandler , configuration . getUnknownHandlerStack ( ) . get ( 0 ) . getName ( ) ) ; Container container = builder . create ( true ) ; TestBean testBean = container . getInstance ( TestBean . class ) ; assertNotNull ( testBean ) ; testBean = container . getInstance ( TestBean . class , ""struts"" ) ; assertNotNull ( testBean ) ; Set < String > names = container . getInstanceNames ( TestBean . class ) ; assertTrue ( names . contains ( ""struts"" ) ) ; <ASSERTION> ; }","@ Override public void register ( ContainerBuilder builder , LocatableProperties props ) throws ConfigurationException { Map < String , Object > loadedBeans = new HashMap < > ( ) ; List < BeanConfig > beanConfigs = javaConfig . beans ( ) ; if ( beanConfigs != null ) { for ( BeanConfig bc : beanConfigs ) { if ( bc != null ) { registerBean ( loadedBeans , builder , bc ) ; } } } List < ConstantConfig > constantConfigList = javaConfig . constants ( ) ; if ( constantConfigList != null ) { for ( ConstantConfig constantConf : constantConfigList ) { if ( constantConf != null ) { Map < String , String > constantMap = constantConf . getAllAsStringsMap ( ) ; for ( Entry < String , String > entr : constantMap . entrySet ( ) ) { if ( entr . getKey ( ) != null && entr . getValue ( ) != null ) { registerConstant ( props , entr . getKey ( ) , entr . getValue ( ) ) ; } } } } } javaConfig . beanSelection ( ) . ifPresent ( beanSelectionConfig -> { try { LOG . debug ( ""Registering bean selection provider {} of type {}"" , beanSelectionConfig . getName ( ) , beanSelectionConfig . getClazz ( ) . getName ( ) ) ; BeanSelectionProvider provider = beanSelectionConfig . getClazz ( ) . newInstance ( ) ; provider . register ( builder , props ) ; } catch ( IllegalAccessException | InstantiationException e ) { throw new ConfigurationException ( ""Unable to load : name:"" + beanSelectionConfig . getName ( ) + "" class:"" + beanSelectionConfig . getClazz ( ) . getName ( ) ) ; } } ) ; List < String > unknownHandlers = javaConfig . unknownHandlerStack ( ) ; if ( unknownHandlers != null ) { List < UnknownHandlerConfig > unknownHandlerStack = new ArrayList < > ( ) ; for ( String unknownHandler : unknownHandlers ) { Location location = LocationUtils . getLocation ( unknownHandler ) ; unknownHandlerStack . add ( new UnknownHandlerConfig ( unknownHandler , location ) ) ; } if ( ! unknownHandlerStack . isEmpty ( ) ) { configuration . setUnknownHandlerStack ( unknownHandlerStack ) ; } } }",
0,"@ Test public void testDecimalNumber ( ) throws Exception { Object ret = reader . read ( ""3.2"" ) ; <ASSERTION> ; assertEquals ( Double . class , ret . getClass ( ) ) ; assertEquals ( 3.2 , ret ) ; }",public Object read ( String string ) throws JSONException { this . it = new StringCharacterIterator ( string ) ; this . c = this . it . first ( ) ; return this . read ( ) ; },
0,"@ Test public void testDecimalNumber ( ) throws Exception { Object ret = reader . read ( ""3.2"" ) ; assertNotNull ( ret ) ; <ASSERTION> ; assertEquals ( 3.2 , ret ) ; }",public Object read ( String string ) throws JSONException { this . it = new StringCharacterIterator ( string ) ; this . c = this . it . first ( ) ; return this . read ( ) ; },
0,"@ Test public void testDecimalNumber ( ) throws Exception { Object ret = reader . read ( ""3.2"" ) ; assertNotNull ( ret ) ; assertEquals ( Double . class , ret . getClass ( ) ) ; <ASSERTION> ; }",public Object read ( String string ) throws JSONException { this . it = new StringCharacterIterator ( string ) ; this . c = this . it . first ( ) ; return this . read ( ) ; },
0,"@ Test public void findAnnotationMultipleActionNotFound ( ) { StrutsTilesAnnotationProcessor annotationProcessor = new StrutsTilesAnnotationProcessor ( ) ; TilesDefinition tilesDefinition = annotationProcessor . findAnnotation ( new TilesTestActionMultipleAnnotations ( ) , ""def3"" ) ; <ASSERTION> ; }","public TilesDefinition findAnnotation ( Object action , String tileName ) { Class < ? > clazz = action . getClass ( ) ; TilesDefinition tilesDefinition = clazz . getAnnotation ( TilesDefinition . class ) ; TilesDefinitions tilesDefinitions = clazz . getAnnotation ( TilesDefinitions . class ) ; if ( tilesDefinition == null && tilesDefinitions != null ) { if ( ! StringUtils . isEmpty ( tileName ) ) { for ( TilesDefinition i : tilesDefinitions . value ( ) ) { if ( i . name ( ) . equals ( tileName ) ) { tilesDefinition = i ; break ; } } } else { if ( tilesDefinitions . value ( ) . length > 0 ) { tilesDefinition = tilesDefinitions . value ( ) [ 0 ] ; } } } return tilesDefinition ; }",
0,"@ Test public void findAnnotationMultipleActionNameNull ( ) { StrutsTilesAnnotationProcessor annotationProcessor = new StrutsTilesAnnotationProcessor ( ) ; TilesDefinition tilesDefinition = annotationProcessor . findAnnotation ( new TilesTestActionMultipleAnnotations ( ) , null ) ; <ASSERTION> ; assertEquals ( ""def1"" , tilesDefinition . name ( ) ) ; }","public TilesDefinition findAnnotation ( Object action , String tileName ) { Class < ? > clazz = action . getClass ( ) ; TilesDefinition tilesDefinition = clazz . getAnnotation ( TilesDefinition . class ) ; TilesDefinitions tilesDefinitions = clazz . getAnnotation ( TilesDefinitions . class ) ; if ( tilesDefinition == null && tilesDefinitions != null ) { if ( ! StringUtils . isEmpty ( tileName ) ) { for ( TilesDefinition i : tilesDefinitions . value ( ) ) { if ( i . name ( ) . equals ( tileName ) ) { tilesDefinition = i ; break ; } } } else { if ( tilesDefinitions . value ( ) . length > 0 ) { tilesDefinition = tilesDefinitions . value ( ) [ 0 ] ; } } } return tilesDefinition ; }",
0,"@ Test public void findAnnotationMultipleActionNameNull ( ) { StrutsTilesAnnotationProcessor annotationProcessor = new StrutsTilesAnnotationProcessor ( ) ; TilesDefinition tilesDefinition = annotationProcessor . findAnnotation ( new TilesTestActionMultipleAnnotations ( ) , null ) ; assertNotNull ( tilesDefinition ) ; <ASSERTION> ; }","public TilesDefinition findAnnotation ( Object action , String tileName ) { Class < ? > clazz = action . getClass ( ) ; TilesDefinition tilesDefinition = clazz . getAnnotation ( TilesDefinition . class ) ; TilesDefinitions tilesDefinitions = clazz . getAnnotation ( TilesDefinitions . class ) ; if ( tilesDefinition == null && tilesDefinitions != null ) { if ( ! StringUtils . isEmpty ( tileName ) ) { for ( TilesDefinition i : tilesDefinitions . value ( ) ) { if ( i . name ( ) . equals ( tileName ) ) { tilesDefinition = i ; break ; } } } else { if ( tilesDefinitions . value ( ) . length > 0 ) { tilesDefinition = tilesDefinitions . value ( ) [ 0 ] ; } } } return tilesDefinition ; }",
0,"@ Test public void testExponentialNumber2 ( ) throws Exception { Object ret = reader . read ( ""123.4e10"" ) ; <ASSERTION> ; assertEquals ( Double . class , ret . getClass ( ) ) ; assertEquals ( 123.4e10 , ret ) ; }",public Object read ( String string ) throws JSONException { this . it = new StringCharacterIterator ( string ) ; this . c = this . it . first ( ) ; return this . read ( ) ; },
0,"@ Test public void testExponentialNumber2 ( ) throws Exception { Object ret = reader . read ( ""123.4e10"" ) ; assertNotNull ( ret ) ; <ASSERTION> ; assertEquals ( 123.4e10 , ret ) ; }",public Object read ( String string ) throws JSONException { this . it = new StringCharacterIterator ( string ) ; this . c = this . it . first ( ) ; return this . read ( ) ; },
0,"@ Test public void testExponentialNumber2 ( ) throws Exception { Object ret = reader . read ( ""123.4e10"" ) ; assertNotNull ( ret ) ; assertEquals ( Double . class , ret . getClass ( ) ) ; <ASSERTION> ; }",public Object read ( String string ) throws JSONException { this . it = new StringCharacterIterator ( string ) ; this . c = this . it . first ( ) ; return this . read ( ) ; },
0,"@ Test public void testArrayObject ( ) throws Exception { RequiredFieldValidator rfv = container . inject ( RequiredFieldValidator . class ) ; rfv . setValueStack ( ActionContext . getContext ( ) . getValueStack ( ) ) ; rfv . setFieldName ( ""ints"" ) ; rfv . setDefaultMessage ( ""${fieldName} field is required!"" ) ; ValidationAction action = new ValidationAction ( ) ; action . setInts ( new Integer [ ] { } ) ; DummyValidatorContext context = new DummyValidatorContext ( action , container . getInstance ( TextProviderFactory . class ) ) ; rfv . setValidatorContext ( context ) ; rfv . validate ( action ) ; <ASSERTION> ; assertEquals ( 1 , context . getFieldErrors ( ) . size ( ) ) ; assertNotNull ( context . getFieldErrors ( ) . get ( ""ints"" ) ) ; assertEquals ( ""ints field is required!"" , context . getFieldErrors ( ) . get ( ""ints"" ) . get ( 0 ) ) ; }","public void validate ( Object object ) throws ValidationException { String fieldName = getFieldName ( ) ; Object value = this . getFieldValue ( fieldName , object ) ; if ( value == null ) { addFieldError ( fieldName , object ) ; } else if ( value . getClass ( ) . isArray ( ) && Array . getLength ( value ) == 0 ) { addFieldError ( fieldName , object ) ; } else if ( Collection . class . isAssignableFrom ( value . getClass ( ) ) && ( ( Collection ) value ) . size ( ) == 0 ) { addFieldError ( fieldName , object ) ; } }",
0,"@ Test public void testArrayObject ( ) throws Exception { RequiredFieldValidator rfv = container . inject ( RequiredFieldValidator . class ) ; rfv . setValueStack ( ActionContext . getContext ( ) . getValueStack ( ) ) ; rfv . setFieldName ( ""ints"" ) ; rfv . setDefaultMessage ( ""${fieldName} field is required!"" ) ; ValidationAction action = new ValidationAction ( ) ; action . setInts ( new Integer [ ] { } ) ; DummyValidatorContext context = new DummyValidatorContext ( action , container . getInstance ( TextProviderFactory . class ) ) ; rfv . setValidatorContext ( context ) ; rfv . validate ( action ) ; assertTrue ( context . hasFieldErrors ( ) ) ; <ASSERTION> ; assertNotNull ( context . getFieldErrors ( ) . get ( ""ints"" ) ) ; assertEquals ( ""ints field is required!"" , context . getFieldErrors ( ) . get ( ""ints"" ) . get ( 0 ) ) ; }","public void validate ( Object object ) throws ValidationException { String fieldName = getFieldName ( ) ; Object value = this . getFieldValue ( fieldName , object ) ; if ( value == null ) { addFieldError ( fieldName , object ) ; } else if ( value . getClass ( ) . isArray ( ) && Array . getLength ( value ) == 0 ) { addFieldError ( fieldName , object ) ; } else if ( Collection . class . isAssignableFrom ( value . getClass ( ) ) && ( ( Collection ) value ) . size ( ) == 0 ) { addFieldError ( fieldName , object ) ; } }",
0,"@ Test public void testArrayObject ( ) throws Exception { RequiredFieldValidator rfv = container . inject ( RequiredFieldValidator . class ) ; rfv . setValueStack ( ActionContext . getContext ( ) . getValueStack ( ) ) ; rfv . setFieldName ( ""ints"" ) ; rfv . setDefaultMessage ( ""${fieldName} field is required!"" ) ; ValidationAction action = new ValidationAction ( ) ; action . setInts ( new Integer [ ] { } ) ; DummyValidatorContext context = new DummyValidatorContext ( action , container . getInstance ( TextProviderFactory . class ) ) ; rfv . setValidatorContext ( context ) ; rfv . validate ( action ) ; assertTrue ( context . hasFieldErrors ( ) ) ; assertEquals ( 1 , context . getFieldErrors ( ) . size ( ) ) ; <ASSERTION> ; assertEquals ( ""ints field is required!"" , context . getFieldErrors ( ) . get ( ""ints"" ) . get ( 0 ) ) ; }","public void validate ( Object object ) throws ValidationException { String fieldName = getFieldName ( ) ; Object value = this . getFieldValue ( fieldName , object ) ; if ( value == null ) { addFieldError ( fieldName , object ) ; } else if ( value . getClass ( ) . isArray ( ) && Array . getLength ( value ) == 0 ) { addFieldError ( fieldName , object ) ; } else if ( Collection . class . isAssignableFrom ( value . getClass ( ) ) && ( ( Collection ) value ) . size ( ) == 0 ) { addFieldError ( fieldName , object ) ; } }",
0,"@ Test public void testArrayObject ( ) throws Exception { RequiredFieldValidator rfv = container . inject ( RequiredFieldValidator . class ) ; rfv . setValueStack ( ActionContext . getContext ( ) . getValueStack ( ) ) ; rfv . setFieldName ( ""ints"" ) ; rfv . setDefaultMessage ( ""${fieldName} field is required!"" ) ; ValidationAction action = new ValidationAction ( ) ; action . setInts ( new Integer [ ] { } ) ; DummyValidatorContext context = new DummyValidatorContext ( action , container . getInstance ( TextProviderFactory . class ) ) ; rfv . setValidatorContext ( context ) ; rfv . validate ( action ) ; assertTrue ( context . hasFieldErrors ( ) ) ; assertEquals ( 1 , context . getFieldErrors ( ) . size ( ) ) ; assertNotNull ( context . getFieldErrors ( ) . get ( ""ints"" ) ) ; <ASSERTION> ; }","public void validate ( Object object ) throws ValidationException { String fieldName = getFieldName ( ) ; Object value = this . getFieldValue ( fieldName , object ) ; if ( value == null ) { addFieldError ( fieldName , object ) ; } else if ( value . getClass ( ) . isArray ( ) && Array . getLength ( value ) == 0 ) { addFieldError ( fieldName , object ) ; } else if ( Collection . class . isAssignableFrom ( value . getClass ( ) ) && ( ( Collection ) value ) . size ( ) == 0 ) { addFieldError ( fieldName , object ) ; } }",
0,"@ Test public void testNullObject ( ) throws Exception { RequiredFieldValidator rfv = container . inject ( RequiredFieldValidator . class ) ; rfv . setValueStack ( ActionContext . getContext ( ) . getValueStack ( ) ) ; rfv . setFieldName ( ""stringValue"" ) ; rfv . setDefaultMessage ( ""${fieldName} field is required!"" ) ; ValidationAction action = new ValidationAction ( ) ; DummyValidatorContext context = new DummyValidatorContext ( action , container . getInstance ( TextProviderFactory . class ) ) ; rfv . setValidatorContext ( context ) ; rfv . validate ( action ) ; <ASSERTION> ; assertEquals ( 1 , context . getFieldErrors ( ) . size ( ) ) ; assertNotNull ( context . getFieldErrors ( ) . get ( ""stringValue"" ) ) ; assertEquals ( ""stringValue field is required!"" , context . getFieldErrors ( ) . get ( ""stringValue"" ) . get ( 0 ) ) ; }","public void validate ( Object object ) throws ValidationException { String fieldName = getFieldName ( ) ; Object value = this . getFieldValue ( fieldName , object ) ; if ( value == null ) { addFieldError ( fieldName , object ) ; } else if ( value . getClass ( ) . isArray ( ) && Array . getLength ( value ) == 0 ) { addFieldError ( fieldName , object ) ; } else if ( Collection . class . isAssignableFrom ( value . getClass ( ) ) && ( ( Collection ) value ) . size ( ) == 0 ) { addFieldError ( fieldName , object ) ; } }",
0,"@ Test public void testNullObject ( ) throws Exception { RequiredFieldValidator rfv = container . inject ( RequiredFieldValidator . class ) ; rfv . setValueStack ( ActionContext . getContext ( ) . getValueStack ( ) ) ; rfv . setFieldName ( ""stringValue"" ) ; rfv . setDefaultMessage ( ""${fieldName} field is required!"" ) ; ValidationAction action = new ValidationAction ( ) ; DummyValidatorContext context = new DummyValidatorContext ( action , container . getInstance ( TextProviderFactory . class ) ) ; rfv . setValidatorContext ( context ) ; rfv . validate ( action ) ; assertTrue ( context . hasFieldErrors ( ) ) ; <ASSERTION> ; assertNotNull ( context . getFieldErrors ( ) . get ( ""stringValue"" ) ) ; assertEquals ( ""stringValue field is required!"" , context . getFieldErrors ( ) . get ( ""stringValue"" ) . get ( 0 ) ) ; }","public void validate ( Object object ) throws ValidationException { String fieldName = getFieldName ( ) ; Object value = this . getFieldValue ( fieldName , object ) ; if ( value == null ) { addFieldError ( fieldName , object ) ; } else if ( value . getClass ( ) . isArray ( ) && Array . getLength ( value ) == 0 ) { addFieldError ( fieldName , object ) ; } else if ( Collection . class . isAssignableFrom ( value . getClass ( ) ) && ( ( Collection ) value ) . size ( ) == 0 ) { addFieldError ( fieldName , object ) ; } }",
0,"@ Test public void testNullObject ( ) throws Exception { RequiredFieldValidator rfv = container . inject ( RequiredFieldValidator . class ) ; rfv . setValueStack ( ActionContext . getContext ( ) . getValueStack ( ) ) ; rfv . setFieldName ( ""stringValue"" ) ; rfv . setDefaultMessage ( ""${fieldName} field is required!"" ) ; ValidationAction action = new ValidationAction ( ) ; DummyValidatorContext context = new DummyValidatorContext ( action , container . getInstance ( TextProviderFactory . class ) ) ; rfv . setValidatorContext ( context ) ; rfv . validate ( action ) ; assertTrue ( context . hasFieldErrors ( ) ) ; assertEquals ( 1 , context . getFieldErrors ( ) . size ( ) ) ; <ASSERTION> ; assertEquals ( ""stringValue field is required!"" , context . getFieldErrors ( ) . get ( ""stringValue"" ) . get ( 0 ) ) ; }","public void validate ( Object object ) throws ValidationException { String fieldName = getFieldName ( ) ; Object value = this . getFieldValue ( fieldName , object ) ; if ( value == null ) { addFieldError ( fieldName , object ) ; } else if ( value . getClass ( ) . isArray ( ) && Array . getLength ( value ) == 0 ) { addFieldError ( fieldName , object ) ; } else if ( Collection . class . isAssignableFrom ( value . getClass ( ) ) && ( ( Collection ) value ) . size ( ) == 0 ) { addFieldError ( fieldName , object ) ; } }",
0,"@ Test public void testNullObject ( ) throws Exception { RequiredFieldValidator rfv = container . inject ( RequiredFieldValidator . class ) ; rfv . setValueStack ( ActionContext . getContext ( ) . getValueStack ( ) ) ; rfv . setFieldName ( ""stringValue"" ) ; rfv . setDefaultMessage ( ""${fieldName} field is required!"" ) ; ValidationAction action = new ValidationAction ( ) ; DummyValidatorContext context = new DummyValidatorContext ( action , container . getInstance ( TextProviderFactory . class ) ) ; rfv . setValidatorContext ( context ) ; rfv . validate ( action ) ; assertTrue ( context . hasFieldErrors ( ) ) ; assertEquals ( 1 , context . getFieldErrors ( ) . size ( ) ) ; assertNotNull ( context . getFieldErrors ( ) . get ( ""stringValue"" ) ) ; <ASSERTION> ; }","public void validate ( Object object ) throws ValidationException { String fieldName = getFieldName ( ) ; Object value = this . getFieldValue ( fieldName , object ) ; if ( value == null ) { addFieldError ( fieldName , object ) ; } else if ( value . getClass ( ) . isArray ( ) && Array . getLength ( value ) == 0 ) { addFieldError ( fieldName , object ) ; } else if ( Collection . class . isAssignableFrom ( value . getClass ( ) ) && ( ( Collection ) value ) . size ( ) == 0 ) { addFieldError ( fieldName , object ) ; } }",
0,@ Test public void testSanitizeInputPathShouldReturnNullForNullInput ( ) throws Exception { <ASSERTION> ; },"String sanitizeInputPath ( String value ) { if ( value != null && value . toUpperCase ( ) . contains ( ""WEB-INF"" ) ) { return null ; } return value ; }",
0,"@ Test public void testWrite ( ) throws Exception { Bean bean1 = new Bean ( ) ; bean1 . setStringField ( ""str"" ) ; bean1 . setBooleanField ( true ) ; bean1 . setCharField ( 's' ) ; bean1 . setDoubleField ( 10.1 ) ; bean1 . setFloatField ( 1.5f ) ; bean1 . setIntField ( 10 ) ; bean1 . setLongField ( 100 ) ; bean1 . setEnumField ( AnEnum . ValueA ) ; bean1 . setEnumBean ( AnEnumBean . Two ) ; JSONWriter jsonWriter = new DefaultJSONWriter ( ) ; jsonWriter . setEnumAsBean ( false ) ; String json = jsonWriter . write ( bean1 ) ; <ASSERTION> ; }","@ Override public String write ( Object object ) throws JSONException { return this . write ( object , null , null , false ) ; }",
0,"@ Test public void testExponentialNumber ( ) throws Exception { Object ret = reader . read ( ""5e-5"" ) ; <ASSERTION> ; assertEquals ( Double . class , ret . getClass ( ) ) ; assertEquals ( 5.0E-5 , ret ) ; }",public Object read ( String string ) throws JSONException { this . it = new StringCharacterIterator ( string ) ; this . c = this . it . first ( ) ; return this . read ( ) ; },
0,"@ Test public void testExponentialNumber ( ) throws Exception { Object ret = reader . read ( ""5e-5"" ) ; assertNotNull ( ret ) ; <ASSERTION> ; assertEquals ( 5.0E-5 , ret ) ; }",public Object read ( String string ) throws JSONException { this . it = new StringCharacterIterator ( string ) ; this . c = this . it . first ( ) ; return this . read ( ) ; },
0,"@ Test public void testExponentialNumber ( ) throws Exception { Object ret = reader . read ( ""5e-5"" ) ; assertNotNull ( ret ) ; assertEquals ( Double . class , ret . getClass ( ) ) ; <ASSERTION> ; }",public Object read ( String string ) throws JSONException { this . it = new StringCharacterIterator ( string ) ; this . c = this . it . first ( ) ; return this . read ( ) ; },
0,"@ Test public void testCollectionObject ( ) throws Exception { RequiredFieldValidator rfv = container . inject ( RequiredFieldValidator . class ) ; rfv . setValueStack ( ActionContext . getContext ( ) . getValueStack ( ) ) ; rfv . setFieldName ( ""shorts"" ) ; rfv . setDefaultMessage ( ""${fieldName} field is required!"" ) ; ValidationAction action = new ValidationAction ( ) ; action . setShorts ( new ArrayList < Short > ( ) ) ; DummyValidatorContext context = new DummyValidatorContext ( action , container . getInstance ( TextProviderFactory . class ) ) ; rfv . setValidatorContext ( context ) ; rfv . validate ( action ) ; <ASSERTION> ; assertEquals ( 1 , context . getFieldErrors ( ) . size ( ) ) ; assertNotNull ( context . getFieldErrors ( ) . get ( ""shorts"" ) ) ; assertEquals ( ""shorts field is required!"" , context . getFieldErrors ( ) . get ( ""shorts"" ) . get ( 0 ) ) ; }","public void validate ( Object object ) throws ValidationException { String fieldName = getFieldName ( ) ; Object value = this . getFieldValue ( fieldName , object ) ; if ( value == null ) { addFieldError ( fieldName , object ) ; } else if ( value . getClass ( ) . isArray ( ) && Array . getLength ( value ) == 0 ) { addFieldError ( fieldName , object ) ; } else if ( Collection . class . isAssignableFrom ( value . getClass ( ) ) && ( ( Collection ) value ) . size ( ) == 0 ) { addFieldError ( fieldName , object ) ; } }",
0,"@ Test public void testCollectionObject ( ) throws Exception { RequiredFieldValidator rfv = container . inject ( RequiredFieldValidator . class ) ; rfv . setValueStack ( ActionContext . getContext ( ) . getValueStack ( ) ) ; rfv . setFieldName ( ""shorts"" ) ; rfv . setDefaultMessage ( ""${fieldName} field is required!"" ) ; ValidationAction action = new ValidationAction ( ) ; action . setShorts ( new ArrayList < Short > ( ) ) ; DummyValidatorContext context = new DummyValidatorContext ( action , container . getInstance ( TextProviderFactory . class ) ) ; rfv . setValidatorContext ( context ) ; rfv . validate ( action ) ; assertTrue ( context . hasFieldErrors ( ) ) ; <ASSERTION> ; assertNotNull ( context . getFieldErrors ( ) . get ( ""shorts"" ) ) ; assertEquals ( ""shorts field is required!"" , context . getFieldErrors ( ) . get ( ""shorts"" ) . get ( 0 ) ) ; }","public void validate ( Object object ) throws ValidationException { String fieldName = getFieldName ( ) ; Object value = this . getFieldValue ( fieldName , object ) ; if ( value == null ) { addFieldError ( fieldName , object ) ; } else if ( value . getClass ( ) . isArray ( ) && Array . getLength ( value ) == 0 ) { addFieldError ( fieldName , object ) ; } else if ( Collection . class . isAssignableFrom ( value . getClass ( ) ) && ( ( Collection ) value ) . size ( ) == 0 ) { addFieldError ( fieldName , object ) ; } }",
0,"@ Test public void testCollectionObject ( ) throws Exception { RequiredFieldValidator rfv = container . inject ( RequiredFieldValidator . class ) ; rfv . setValueStack ( ActionContext . getContext ( ) . getValueStack ( ) ) ; rfv . setFieldName ( ""shorts"" ) ; rfv . setDefaultMessage ( ""${fieldName} field is required!"" ) ; ValidationAction action = new ValidationAction ( ) ; action . setShorts ( new ArrayList < Short > ( ) ) ; DummyValidatorContext context = new DummyValidatorContext ( action , container . getInstance ( TextProviderFactory . class ) ) ; rfv . setValidatorContext ( context ) ; rfv . validate ( action ) ; assertTrue ( context . hasFieldErrors ( ) ) ; assertEquals ( 1 , context . getFieldErrors ( ) . size ( ) ) ; <ASSERTION> ; assertEquals ( ""shorts field is required!"" , context . getFieldErrors ( ) . get ( ""shorts"" ) . get ( 0 ) ) ; }","public void validate ( Object object ) throws ValidationException { String fieldName = getFieldName ( ) ; Object value = this . getFieldValue ( fieldName , object ) ; if ( value == null ) { addFieldError ( fieldName , object ) ; } else if ( value . getClass ( ) . isArray ( ) && Array . getLength ( value ) == 0 ) { addFieldError ( fieldName , object ) ; } else if ( Collection . class . isAssignableFrom ( value . getClass ( ) ) && ( ( Collection ) value ) . size ( ) == 0 ) { addFieldError ( fieldName , object ) ; } }",
0,"@ Test public void testCollectionObject ( ) throws Exception { RequiredFieldValidator rfv = container . inject ( RequiredFieldValidator . class ) ; rfv . setValueStack ( ActionContext . getContext ( ) . getValueStack ( ) ) ; rfv . setFieldName ( ""shorts"" ) ; rfv . setDefaultMessage ( ""${fieldName} field is required!"" ) ; ValidationAction action = new ValidationAction ( ) ; action . setShorts ( new ArrayList < Short > ( ) ) ; DummyValidatorContext context = new DummyValidatorContext ( action , container . getInstance ( TextProviderFactory . class ) ) ; rfv . setValidatorContext ( context ) ; rfv . validate ( action ) ; assertTrue ( context . hasFieldErrors ( ) ) ; assertEquals ( 1 , context . getFieldErrors ( ) . size ( ) ) ; assertNotNull ( context . getFieldErrors ( ) . get ( ""shorts"" ) ) ; <ASSERTION> ; }","public void validate ( Object object ) throws ValidationException { String fieldName = getFieldName ( ) ; Object value = this . getFieldValue ( fieldName , object ) ; if ( value == null ) { addFieldError ( fieldName , object ) ; } else if ( value . getClass ( ) . isArray ( ) && Array . getLength ( value ) == 0 ) { addFieldError ( fieldName , object ) ; } else if ( Collection . class . isAssignableFrom ( value . getClass ( ) ) && ( ( Collection ) value ) . size ( ) == 0 ) { addFieldError ( fieldName , object ) ; } }",
0,@ Test public void testSanitizeInputPathShouldReturnNullForNonLeadingWebInf ( ) throws Exception { <ASSERTION> ; },"String sanitizeInputPath ( String value ) { if ( value != null && value . toUpperCase ( ) . contains ( ""WEB-INF"" ) ) { return null ; } return value ; }",
0,"@ Test public void testBeanConfToString ( ) { ConstantConfig constantConfig = new ConstantConfig ( ) ; String actual = constantConfig . beanConfToString ( null ) ; <ASSERTION> ; actual = constantConfig . beanConfToString ( new BeanConfig ( TestBean . class ) ) ; assertEquals ( Container . DEFAULT_NAME , actual ) ; String expectedName = ""expectedTestBeanName"" ; actual = constantConfig . beanConfToString ( new BeanConfig ( TestBean . class , expectedName ) ) ; assertEquals ( expectedName , actual ) ; }",protected String beanConfToString ( BeanConfig beanConf ) { return beanConf == null ? null : beanConf . getName ( ) ; },
0,"@ Test public void testBeanConfToString ( ) { ConstantConfig constantConfig = new ConstantConfig ( ) ; String actual = constantConfig . beanConfToString ( null ) ; assertNull ( actual ) ; actual = constantConfig . beanConfToString ( new BeanConfig ( TestBean . class ) ) ; <ASSERTION> ; String expectedName = ""expectedTestBeanName"" ; actual = constantConfig . beanConfToString ( new BeanConfig ( TestBean . class , expectedName ) ) ; assertEquals ( expectedName , actual ) ; }",protected String beanConfToString ( BeanConfig beanConf ) { return beanConf == null ? null : beanConf . getName ( ) ; },
0,"@ Test public void testBeanConfToString ( ) { ConstantConfig constantConfig = new ConstantConfig ( ) ; String actual = constantConfig . beanConfToString ( null ) ; assertNull ( actual ) ; actual = constantConfig . beanConfToString ( new BeanConfig ( TestBean . class ) ) ; assertEquals ( Container . DEFAULT_NAME , actual ) ; String expectedName = ""expectedTestBeanName"" ; actual = constantConfig . beanConfToString ( new BeanConfig ( TestBean . class , expectedName ) ) ; <ASSERTION> ; }",protected String beanConfToString ( BeanConfig beanConf ) { return beanConf == null ? null : beanConf . getName ( ) ; },
0,"@ Test public void testGetBean ( ) throws Exception { final CdiObjectFactory cdiObjectFactory = new CdiObjectFactory ( ) ; FooConsumer fooConsumer = ( FooConsumer ) cdiObjectFactory . buildBean ( FooConsumer . class . getCanonicalName ( ) , null , false ) ; <ASSERTION> ; assertNotNull ( fooConsumer . fooService ) ; }","@ Override @ SuppressWarnings ( { ""rawtypes"" , ""unchecked"" } ) public Object buildBean ( String className , Map < String , Object > extraContext , boolean injectInternal ) throws Exception { Class < ? > clazz = getClassInstance ( className ) ; InjectionTarget injectionTarget = getInjectionTarget ( clazz ) ; final CreationalContext ctx = buildNonContextualCreationalContext ( beanManager ) ; Object o = injectionTarget . produce ( ctx ) ; injectionTarget . inject ( o , ctx ) ; injectionTarget . postConstruct ( o ) ; if ( injectInternal ) { injectInternalBeans ( o ) ; } return o ; }",
0,"@ Test public void testGetBean ( ) throws Exception { final CdiObjectFactory cdiObjectFactory = new CdiObjectFactory ( ) ; FooConsumer fooConsumer = ( FooConsumer ) cdiObjectFactory . buildBean ( FooConsumer . class . getCanonicalName ( ) , null , false ) ; assertNotNull ( fooConsumer ) ; <ASSERTION> ; }","@ Override @ SuppressWarnings ( { ""rawtypes"" , ""unchecked"" } ) public Object buildBean ( String className , Map < String , Object > extraContext , boolean injectInternal ) throws Exception { Class < ? > clazz = getClassInstance ( className ) ; InjectionTarget injectionTarget = getInjectionTarget ( clazz ) ; final CreationalContext ctx = buildNonContextualCreationalContext ( beanManager ) ; Object o = injectionTarget . produce ( ctx ) ; injectionTarget . inject ( o , ctx ) ; injectionTarget . postConstruct ( o ) ; if ( injectInternal ) { injectInternalBeans ( o ) ; } return o ; }",
0,"@ Test public void findAnnotationMultipleActionNameGiven ( ) { StrutsTilesAnnotationProcessor annotationProcessor = new StrutsTilesAnnotationProcessor ( ) ; TilesDefinition tilesDefinition = annotationProcessor . findAnnotation ( new TilesTestActionMultipleAnnotations ( ) , ""def2"" ) ; <ASSERTION> ; assertEquals ( ""def2"" , tilesDefinition . name ( ) ) ; }","public TilesDefinition findAnnotation ( Object action , String tileName ) { Class < ? > clazz = action . getClass ( ) ; TilesDefinition tilesDefinition = clazz . getAnnotation ( TilesDefinition . class ) ; TilesDefinitions tilesDefinitions = clazz . getAnnotation ( TilesDefinitions . class ) ; if ( tilesDefinition == null && tilesDefinitions != null ) { if ( ! StringUtils . isEmpty ( tileName ) ) { for ( TilesDefinition i : tilesDefinitions . value ( ) ) { if ( i . name ( ) . equals ( tileName ) ) { tilesDefinition = i ; break ; } } } else { if ( tilesDefinitions . value ( ) . length > 0 ) { tilesDefinition = tilesDefinitions . value ( ) [ 0 ] ; } } } return tilesDefinition ; }",
0,"@ Test public void findAnnotationMultipleActionNameGiven ( ) { StrutsTilesAnnotationProcessor annotationProcessor = new StrutsTilesAnnotationProcessor ( ) ; TilesDefinition tilesDefinition = annotationProcessor . findAnnotation ( new TilesTestActionMultipleAnnotations ( ) , ""def2"" ) ; assertNotNull ( tilesDefinition ) ; <ASSERTION> ; }","public TilesDefinition findAnnotation ( Object action , String tileName ) { Class < ? > clazz = action . getClass ( ) ; TilesDefinition tilesDefinition = clazz . getAnnotation ( TilesDefinition . class ) ; TilesDefinitions tilesDefinitions = clazz . getAnnotation ( TilesDefinitions . class ) ; if ( tilesDefinition == null && tilesDefinitions != null ) { if ( ! StringUtils . isEmpty ( tileName ) ) { for ( TilesDefinition i : tilesDefinitions . value ( ) ) { if ( i . name ( ) . equals ( tileName ) ) { tilesDefinition = i ; break ; } } } else { if ( tilesDefinitions . value ( ) . length > 0 ) { tilesDefinition = tilesDefinitions . value ( ) [ 0 ] ; } } } return tilesDefinition ; }",
0,"@ Test public void testMatch ( ) { NamedVariablePatternMatcher matcher = new NamedVariablePatternMatcher ( ) ; Map < String , String > vars = new HashMap < > ( ) ; CompiledPattern pattern = new CompiledPattern ( Pattern . compile ( ""foo([^/]+)"" ) , Arrays . asList ( ""bar"" ) ) ; <ASSERTION> ; assertEquals ( ""baz"" , vars . get ( ""bar"" ) ) ; }","public boolean match ( Map < String , String > map , String data , CompiledPattern expr ) { if ( data != null && data . length ( ) > 0 ) { Matcher matcher = expr . getPattern ( ) . matcher ( data ) ; if ( matcher . matches ( ) ) { for ( int x = 0 ; x < expr . getVariableNames ( ) . size ( ) ; x ++ ) { map . put ( expr . getVariableNames ( ) . get ( x ) , matcher . group ( x + 1 ) ) ; } return true ; } } return false ; }",
0,"@ Test public void testMatch ( ) { NamedVariablePatternMatcher matcher = new NamedVariablePatternMatcher ( ) ; Map < String , String > vars = new HashMap < > ( ) ; CompiledPattern pattern = new CompiledPattern ( Pattern . compile ( ""foo([^/]+)"" ) , Arrays . asList ( ""bar"" ) ) ; assertTrue ( matcher . match ( vars , ""foobaz"" , pattern ) ) ; <ASSERTION> ; }","public boolean match ( Map < String , String > map , String data , CompiledPattern expr ) { if ( data != null && data . length ( ) > 0 ) { Matcher matcher = expr . getPattern ( ) . matcher ( data ) ; if ( matcher . matches ( ) ) { for ( int x = 0 ; x < expr . getVariableNames ( ) . size ( ) ; x ++ ) { map . put ( expr . getVariableNames ( ) . get ( x ) , matcher . group ( x + 1 ) ) ; } return true ; } } return false ; }",
0,@ Test public void testSanitizeInputPathShouldAllowSimpleParameter ( ) throws Exception { <ASSERTION> ; },"String sanitizeInputPath ( String value ) { if ( value != null && value . toUpperCase ( ) . contains ( ""WEB-INF"" ) ) { return null ; } return value ; }",
0,@ Test public void testSanitizeInputPathShouldReturnNullForNonUppercaseWebInf ( ) throws Exception { <ASSERTION> ; },"String sanitizeInputPath ( String value ) { if ( value != null && value . toUpperCase ( ) . contains ( ""WEB-INF"" ) ) { return null ; } return value ; }",
0,"@ Test void cantOrderForNonExistentCustomer ( ) { int customerId = 666 ; var quantities = Map . of ( 2 , 1 ) ; <ASSERTION> ; }","public void addOrder ( int customerId , Map < Integer , Integer > quantities ) throws WarehouseException { if ( quantities . isEmpty ( ) ) { throw new IllegalArgumentException ( ""There has to items in the order, it cannot be empty."" ) ; } Customer customer = customerDao . getCustomer ( customerId ) ; if ( customer == null ) { throw new IllegalArgumentException ( ""Unknown customer ID: "" + customerId ) ; } Map < Product , Integer > mappedQuantities = new HashMap < > ( ) ; for ( var entry : quantities . entrySet ( ) ) { Product product = productDao . getProduct ( entry . getKey ( ) ) ; if ( product == null ) { throw new IllegalArgumentException ( ""Unknown product ID: "" + entry . getKey ( ) ) ; } int quantity = entry . getValue ( ) ; if ( quantity < 1 ) { throw new IllegalArgumentException ( ""Ordered quantity must be greater than 0."" ) ; } mappedQuantities . put ( product , quantity ) ; } inventoryDao . updateStock ( mappedQuantities ) ; Order order = new Order ( customer , mappedQuantities ) ; orderDao . addOrder ( order ) ; }",
0,"@ Test void cantOrderMoreThanAvailableStock ( ) { int customerId = 12 ; var quantities = Map . of ( 2 , 3 ) ; <ASSERTION> ; }","public void addOrder ( int customerId , Map < Integer , Integer > quantities ) throws WarehouseException { if ( quantities . isEmpty ( ) ) { throw new IllegalArgumentException ( ""There has to items in the order, it cannot be empty."" ) ; } Customer customer = customerDao . getCustomer ( customerId ) ; if ( customer == null ) { throw new IllegalArgumentException ( ""Unknown customer ID: "" + customerId ) ; } Map < Product , Integer > mappedQuantities = new HashMap < > ( ) ; for ( var entry : quantities . entrySet ( ) ) { Product product = productDao . getProduct ( entry . getKey ( ) ) ; if ( product == null ) { throw new IllegalArgumentException ( ""Unknown product ID: "" + entry . getKey ( ) ) ; } int quantity = entry . getValue ( ) ; if ( quantity < 1 ) { throw new IllegalArgumentException ( ""Ordered quantity must be greater than 0."" ) ; } mappedQuantities . put ( product , quantity ) ; } inventoryDao . updateStock ( mappedQuantities ) ; Order order = new Order ( customer , mappedQuantities ) ; orderDao . addOrder ( order ) ; }",
0,"@ Test void cantAddProductWithNegativePrice ( ) { String name = ""test"" ; int price = - 123 ; <ASSERTION> ; }","public void addProduct ( String name , int price ) throws WarehouseException { if ( price < 0 ) { throw new IllegalArgumentException ( ""The product's price cannot be negative."" ) ; } Product product = new Product ( name , price ) ; productDao . addProduct ( product ) ; }",
0,"@ Test void cantOrderMoreThanAvailableStock ( ) { int customerId = 12 ; var quantities = Map . of ( 2 , 3 ) ; <ASSERTION> ; }","public void addOrder ( int customerId , Map < Integer , Integer > quantities ) throws WarehouseException { if ( quantities . isEmpty ( ) ) { throw new IllegalArgumentException ( ""There has to items in the order, it cannot be empty."" ) ; } Customer customer = customerDao . getCustomer ( customerId ) ; if ( customer == null ) { throw new IllegalArgumentException ( ""Unknown customer ID: "" + customerId ) ; } Map < Product , Integer > mappedQuantities = new HashMap < > ( ) ; for ( var entry : quantities . entrySet ( ) ) { Product product = productDao . getProduct ( entry . getKey ( ) ) ; if ( product == null ) { throw new IllegalArgumentException ( ""Unknown product ID: "" + entry . getKey ( ) ) ; } int quantity = entry . getValue ( ) ; if ( quantity < 1 ) { throw new IllegalArgumentException ( ""Ordered quantity must be greater than 0."" ) ; } mappedQuantities . put ( product , quantity ) ; } inventoryDao . updateStock ( mappedQuantities ) ; Order order = new Order ( customer , mappedQuantities ) ; orderDao . addOrder ( order ) ; }",
0,"@ Test void cantAddProductWithNegativePrice ( ) { String name = ""test"" ; int price = - 123 ; <ASSERTION> ; }","public void addProduct ( String name , int price ) throws WarehouseException { if ( price < 0 ) { throw new IllegalArgumentException ( ""The product's price cannot be negative."" ) ; } Product product = new Product ( name , price ) ; productDao . addProduct ( product ) ; }",
0,"@ Test void cantOrderMoreThanAvailableStock ( ) { int customerId = 12 ; var quantities = Map . of ( 2 , 3 ) ; <ASSERTION> ; }","public void addOrder ( int customerId , Map < Integer , Integer > quantities ) throws WarehouseException { if ( quantities . isEmpty ( ) ) { throw new IllegalArgumentException ( ""There has to items in the order, it cannot be empty."" ) ; } Customer customer = customerDao . getCustomer ( customerId ) ; if ( customer == null ) { throw new IllegalArgumentException ( ""Unknown customer ID: "" + customerId ) ; } Map < Product , Integer > mappedQuantities = new HashMap < > ( ) ; for ( var entry : quantities . entrySet ( ) ) { Product product = productDao . getProduct ( entry . getKey ( ) ) ; if ( product == null ) { throw new IllegalArgumentException ( ""Unknown product ID: "" + entry . getKey ( ) ) ; } int quantity = entry . getValue ( ) ; if ( quantity < 1 ) { throw new IllegalArgumentException ( ""Ordered quantity must be greater than 0."" ) ; } mappedQuantities . put ( product , quantity ) ; } inventoryDao . updateStock ( mappedQuantities ) ; Order order = new Order ( customer , mappedQuantities ) ; orderDao . addOrder ( order ) ; }",
0,"@ Test void cantAddProductWithNegativePrice ( ) { String name = ""test"" ; int price = - 123 ; <ASSERTION> ; }","public void addProduct ( String name , int price ) throws WarehouseException { if ( price < 0 ) { throw new IllegalArgumentException ( ""The product's price cannot be negative."" ) ; } Product product = new Product ( name , price ) ; productDao . addProduct ( product ) ; }",
0,"@ Test void cantOrderMoreThanAvailableStock ( ) { int customerId = 12 ; var quantities = Map . of ( 2 , 3 ) ; <ASSERTION> ; }","public void addOrder ( int customerId , Map < Integer , Integer > quantities ) throws WarehouseException { if ( quantities . isEmpty ( ) ) { throw new IllegalArgumentException ( ""There has to items in the order, it cannot be empty."" ) ; } Customer customer = customerDao . getCustomer ( customerId ) ; if ( customer == null ) { throw new IllegalArgumentException ( ""Unknown customer ID: "" + customerId ) ; } Map < Product , Integer > mappedQuantities = new HashMap < > ( ) ; for ( var entry : quantities . entrySet ( ) ) { Product product = productDao . getProduct ( entry . getKey ( ) ) ; if ( product == null ) { throw new IllegalArgumentException ( ""Unknown product ID: "" + entry . getKey ( ) ) ; } int quantity = entry . getValue ( ) ; if ( quantity < 1 ) { throw new IllegalArgumentException ( ""Ordered quantity must be greater than 0."" ) ; } mappedQuantities . put ( product , quantity ) ; } inventoryDao . updateStock ( mappedQuantities ) ; Order order = new Order ( customer , mappedQuantities ) ; orderDao . addOrder ( order ) ; }",
0,"@ Test void cantOrderForNonExistentCustomer ( ) { int customerId = 666 ; var quantities = Map . of ( 2 , 1 ) ; <ASSERTION> ; }","public void addOrder ( int customerId , Map < Integer , Integer > quantities ) throws WarehouseException { if ( quantities . isEmpty ( ) ) { throw new IllegalArgumentException ( ""There has to items in the order, it cannot be empty."" ) ; } Customer customer = customerDao . getCustomer ( customerId ) ; if ( customer == null ) { throw new IllegalArgumentException ( ""Unknown customer ID: "" + customerId ) ; } Map < Product , Integer > mappedQuantities = new HashMap < > ( ) ; for ( var entry : quantities . entrySet ( ) ) { Product product = productDao . getProduct ( entry . getKey ( ) ) ; if ( product == null ) { throw new IllegalArgumentException ( ""Unknown product ID: "" + entry . getKey ( ) ) ; } int quantity = entry . getValue ( ) ; if ( quantity < 1 ) { throw new IllegalArgumentException ( ""Ordered quantity must be greater than 0."" ) ; } mappedQuantities . put ( product , quantity ) ; } inventoryDao . updateStock ( mappedQuantities ) ; Order order = new Order ( customer , mappedQuantities ) ; orderDao . addOrder ( order ) ; }",
0,"@ Test void cantOrderForNonExistentCustomer ( ) { int customerId = 666 ; var quantities = Map . of ( 2 , 1 ) ; <ASSERTION> ; }","public void addOrder ( int customerId , Map < Integer , Integer > quantities ) throws WarehouseException { if ( quantities . isEmpty ( ) ) { throw new IllegalArgumentException ( ""There has to items in the order, it cannot be empty."" ) ; } Customer customer = customerDao . getCustomer ( customerId ) ; if ( customer == null ) { throw new IllegalArgumentException ( ""Unknown customer ID: "" + customerId ) ; } Map < Product , Integer > mappedQuantities = new HashMap < > ( ) ; for ( var entry : quantities . entrySet ( ) ) { Product product = productDao . getProduct ( entry . getKey ( ) ) ; if ( product == null ) { throw new IllegalArgumentException ( ""Unknown product ID: "" + entry . getKey ( ) ) ; } int quantity = entry . getValue ( ) ; if ( quantity < 1 ) { throw new IllegalArgumentException ( ""Ordered quantity must be greater than 0."" ) ; } mappedQuantities . put ( product , quantity ) ; } inventoryDao . updateStock ( mappedQuantities ) ; Order order = new Order ( customer , mappedQuantities ) ; orderDao . addOrder ( order ) ; }",
0,"@ Test void cantAddProductWithNegativePrice ( ) { String name = ""test"" ; int price = - 123 ; <ASSERTION> ; }","public void addProduct ( String name , int price ) throws WarehouseException { if ( price < 0 ) { throw new IllegalArgumentException ( ""The product's price cannot be negative."" ) ; } Product product = new Product ( name , price ) ; productDao . addProduct ( product ) ; }",
0,"@ SuppressWarnings ( ""unchecked"" ) @ DisplayName ( ""test_getLoader"" ) @ Test void testGetLoader ( ) { SpiLoader < Input > loader = SpiLoader . getLoader ( Input . class ) ; <ASSERTION> ; }","@ SuppressWarnings ( ""unchecked"" ) public static < T > SpiLoader < T > getLoader ( Class < T > type ) { if ( type == null ) { throw new IllegalArgumentException ( ""Spi type must not be null"" ) ; } if ( ! type . isInterface ( ) ) { throw new IllegalArgumentException ( ""Spi type "" + type . getName ( ) + "" must an interface"" ) ; } if ( ! type . isAnnotationPresent ( Spi . class ) ) { throw new IllegalArgumentException ( ""Spi type "" + type . getName ( ) + "" must annotated with @Spi"" ) ; } return LOADERS . computeIfAbsent ( type , t -> new SpiLoader ( t ) ) ; }",
1,"@ DisplayName ( ""test_getLoader_NotSpiAnnotation"" ) @ Test void testGetLoaderNotSpiAnnotation ( ) { <ASSERTION> SpiLoader . getLoader ( Output . class ) ; }","@ SuppressWarnings ( ""unchecked"" ) public static < T > SpiLoader < T > getLoader ( Class < T > type ) { if ( type == null ) { throw new IllegalArgumentException ( ""Spi type must not be null"" ) ; } if ( ! type . isInterface ( ) ) { throw new IllegalArgumentException ( ""Spi type "" + type . getName ( ) + "" must an interface"" ) ; } if ( ! type . isAnnotationPresent ( Spi . class ) ) { throw new IllegalArgumentException ( ""Spi type "" + type . getName ( ) + "" must annotated with @Spi"" ) ; } return LOADERS . computeIfAbsent ( type , t -> new SpiLoader ( t ) ) ; }",
0,"@ DisplayName ( ""test_stop"" ) @ Test void stop ( ) { <ASSERTION> ; assertFalse ( service . stop ( ) ) ; }",@ Override public final boolean stop ( ) throws ServiceException { try { return stopAsync ( ) . join ( ) ; } catch ( CompletionException e ) { throw wrapServiceException ( e . getCause ( ) ) ; } },
0,"@ DisplayName ( ""test_stop"" ) @ Test void stop ( ) { assertTrue ( service . start ( ) ) ; <ASSERTION> ; }",@ Override public final boolean stop ( ) throws ServiceException { try { return stopAsync ( ) . join ( ) ; } catch ( CompletionException e ) { throw wrapServiceException ( e . getCause ( ) ) ; } },
0,"@ DisplayName ( ""test_addFirst"" ) @ Test void testAddFirst ( ) { BootProcessChain processChain = new DefaultBootProcessChain ( ) ; final List < Integer > list = new ArrayList < > ( 2 ) ; for ( int i = 0 ; i < 2 ; i ++ ) { final Integer tmp = i ; processChain . addFirst ( new BootJob ( ) { @ Override public void start ( ) { list . add ( tmp ) ; } } ) ; } processChain . start ( ) ; <ASSERTION> ; assertEquals ( Integer . valueOf ( 0 ) , list . get ( 1 ) ) ; }",@ Override public BootProcessChain addFirst ( BootJob bootJob ) { BootJobContext newJob = newBootJobContext ( bootJob ) ; header . getNext ( ) . setPrev ( newJob ) ; newJob . setNext ( header . getNext ( ) ) ; header . setNext ( newJob ) ; newJob . setPrev ( header ) ; return this ; },
0,"@ DisplayName ( ""test_addFirst"" ) @ Test void testAddFirst ( ) { BootProcessChain processChain = new DefaultBootProcessChain ( ) ; final List < Integer > list = new ArrayList < > ( 2 ) ; for ( int i = 0 ; i < 2 ; i ++ ) { final Integer tmp = i ; processChain . addFirst ( new BootJob ( ) { @ Override public void start ( ) { list . add ( tmp ) ; } } ) ; } processChain . start ( ) ; assertEquals ( Integer . valueOf ( 1 ) , list . get ( 0 ) ) ; <ASSERTION> ; }",@ Override public BootProcessChain addFirst ( BootJob bootJob ) { BootJobContext newJob = newBootJobContext ( bootJob ) ; header . getNext ( ) . setPrev ( newJob ) ; newJob . setNext ( header . getNext ( ) ) ; header . setNext ( newJob ) ; newJob . setPrev ( header ) ; return this ; },
1,"@ DisplayName ( ""test_decode_WithHugePacket"" ) @ Test void testDecodeWithHugePacket ( ) { ByteBuf out = PooledByteBufAllocator . DEFAULT . heapBuffer ( ) ; out . writeByte ( 0xbc ) ; out . writeByte ( 0xc0 ) ; out . writeByte ( 1 ) ; out . writeByte ( 0 ) ; out . writeInt ( 1 ) ; out . writeByte ( 0 ) ; out . writeInt ( 10 * 1024 * 1024 + 1 ) ; <ASSERTION> codec . decode ( connection , out ) ; }","@ Override public Object decode ( Connection connection , ByteBuf in ) throws CodecException { MultiMessage multiMessage = null ; while ( in . readableBytes ( ) > 0 ) { int readerIndex = in . readerIndex ( ) ; try { Object msg = super . decode ( connection , in ) ; if ( multiMessage == null ) { multiMessage = MultiMessage . create ( ) ; } multiMessage . addMessage ( msg ) ; } catch ( PacketUnknownCodecException | PacketSizeLimitCodecException e ) { in . readerIndex ( readerIndex ) ; throw e ; } catch ( PacketNotIntactCodecException e ) { in . readerIndex ( readerIndex ) ; break ; } } return multiMessage ; }",
0,"@ DisplayName ( ""test_compare_Asc"" ) @ Test void testCompareAsc ( ) { List < Class > list = new ArrayList < > ( ) ; list . add ( Order2 . class ) ; list . add ( Order1 . class ) ; list = comparator . compare ( list ) ; <ASSERTION> ; assertEquals ( Order2 . class , list . get ( 1 ) ) ; }","@ Override public List < T > compare ( List < T > list ) { return compare ( list , true ) ; }",
0,"@ DisplayName ( ""test_compare_Asc"" ) @ Test void testCompareAsc ( ) { List < Class > list = new ArrayList < > ( ) ; list . add ( Order2 . class ) ; list . add ( Order1 . class ) ; list = comparator . compare ( list ) ; assertEquals ( Order1 . class , list . get ( 0 ) ) ; <ASSERTION> ; }","@ Override public List < T > compare ( List < T > list ) { return compare ( list , true ) ; }",
0,"@ DisplayName ( ""test_scan"" ) @ Test void testScan ( ) throws ClassNotFoundException , IOException { ClassPathScanner scanner = new ClassPathScanner ( ) ; scanner . addIncludeFilter ( new AnnotationTypeFilter ( Include . class ) ) ; scanner . addExcludeFilter ( new AnnotationTypeFilter ( Exclude . class ) ) ; Set < Class > candidate = scanner . scan ( new String [ ] { ""io.github.ukuz.piccolo.api.common"" } ) ; <ASSERTION> ; assertEquals ( ClassWithInclude . class , candidate . iterator ( ) . next ( ) ) ; }","public Set < Class > scan ( String [ ] scanPackages ) throws ClassNotFoundException , IOException { Set < Class > result = new HashSet < > ( ) ; String javaPath = System . getProperty ( ""java.class.path"" ) ; String pathSeparator = System . getProperty ( ""path.separator"" ) ; for ( String p : javaPath . split ( pathSeparator ) ) { int prefixIndex = p . indexOf ( "":"" ) ; if ( prefixIndex == 1 ) { p = StringUtils . uncapitalize ( p ) ; } File baseDir = new File ( p ) ; Path basePath = baseDir . toPath ( ) ; for ( String scanPackage : scanPackages ) { String scanPath = scanPackage . replace ( PACKAGE_SEPARATOR , PATH_SEPARATOR ) ; File file = new File ( baseDir , scanPath ) ; if ( file . exists ( ) ) { if ( LOGGER . isInfoEnabled ( ) ) { LOGGER . info ( ""scan path: {}"" , file . getAbsolutePath ( ) ) ; } doCandidate ( basePath , file . toPath ( ) , result ) ; } } } return result ; }",
0,"@ DisplayName ( ""test_scan"" ) @ Test void testScan ( ) throws ClassNotFoundException , IOException { ClassPathScanner scanner = new ClassPathScanner ( ) ; scanner . addIncludeFilter ( new AnnotationTypeFilter ( Include . class ) ) ; scanner . addExcludeFilter ( new AnnotationTypeFilter ( Exclude . class ) ) ; Set < Class > candidate = scanner . scan ( new String [ ] { ""io.github.ukuz.piccolo.api.common"" } ) ; assertEquals ( 1 , candidate . size ( ) ) ; <ASSERTION> ; }","public Set < Class > scan ( String [ ] scanPackages ) throws ClassNotFoundException , IOException { Set < Class > result = new HashSet < > ( ) ; String javaPath = System . getProperty ( ""java.class.path"" ) ; String pathSeparator = System . getProperty ( ""path.separator"" ) ; for ( String p : javaPath . split ( pathSeparator ) ) { int prefixIndex = p . indexOf ( "":"" ) ; if ( prefixIndex == 1 ) { p = StringUtils . uncapitalize ( p ) ; } File baseDir = new File ( p ) ; Path basePath = baseDir . toPath ( ) ; for ( String scanPackage : scanPackages ) { String scanPath = scanPackage . replace ( PACKAGE_SEPARATOR , PATH_SEPARATOR ) ; File file = new File ( baseDir , scanPath ) ; if ( file . exists ( ) ) { if ( LOGGER . isInfoEnabled ( ) ) { LOGGER . info ( ""scan path: {}"" , file . getAbsolutePath ( ) ) ; } doCandidate ( basePath , file . toPath ( ) , result ) ; } } } return result ; }",
0,"@ DisplayName ( ""test_getProperties"" ) @ Test void testGetProperties ( ) { RedisProperties redisProperties = environment . getProperties ( RedisProperties . class ) ; <ASSERTION> ; assertEquals ( ""standalone"" , redisProperties . getMode ( ) ) ; assertTrue ( redisProperties . isEnabled ( ) ) ; assertEquals ( 10000L , redisProperties . getTimeBetweenEvictionRunsMillis ( ) ) ; assertEquals ( 100 , redisProperties . getProp1 ( ) ) ; assertEquals ( 1.1 , redisProperties . getProp3 ( ) ) ; assertEquals ( 1 , redisProperties . getProp4 ( ) ) ; assertTrue ( redisProperties . getJedisPoolConfig ( ) . isTestWhileIdle ( ) ) ; }","@ Override public < T extends Properties > T getProperties ( Class < T > clazz ) { if ( configMap . containsKey ( clazz . getName ( ) ) ) { return ( T ) configMap . get ( clazz . getName ( ) ) ; } lazyInitialize ( clazz ) ; return ( T ) configMap . getOrDefault ( clazz . getName ( ) , EMPTY ) ; }",
0,"@ DisplayName ( ""test_getProperties"" ) @ Test void testGetProperties ( ) { RedisProperties redisProperties = environment . getProperties ( RedisProperties . class ) ; assertEquals ( 20 , redisProperties . getMaxConnNum ( ) ) ; <ASSERTION> ; assertTrue ( redisProperties . isEnabled ( ) ) ; assertEquals ( 10000L , redisProperties . getTimeBetweenEvictionRunsMillis ( ) ) ; assertEquals ( 100 , redisProperties . getProp1 ( ) ) ; assertEquals ( 1.1 , redisProperties . getProp3 ( ) ) ; assertEquals ( 1 , redisProperties . getProp4 ( ) ) ; assertTrue ( redisProperties . getJedisPoolConfig ( ) . isTestWhileIdle ( ) ) ; }","@ Override public < T extends Properties > T getProperties ( Class < T > clazz ) { if ( configMap . containsKey ( clazz . getName ( ) ) ) { return ( T ) configMap . get ( clazz . getName ( ) ) ; } lazyInitialize ( clazz ) ; return ( T ) configMap . getOrDefault ( clazz . getName ( ) , EMPTY ) ; }",
0,"@ DisplayName ( ""test_getProperties"" ) @ Test void testGetProperties ( ) { RedisProperties redisProperties = environment . getProperties ( RedisProperties . class ) ; assertEquals ( 20 , redisProperties . getMaxConnNum ( ) ) ; assertEquals ( ""standalone"" , redisProperties . getMode ( ) ) ; <ASSERTION> ; assertEquals ( 10000L , redisProperties . getTimeBetweenEvictionRunsMillis ( ) ) ; assertEquals ( 100 , redisProperties . getProp1 ( ) ) ; assertEquals ( 1.1 , redisProperties . getProp3 ( ) ) ; assertEquals ( 1 , redisProperties . getProp4 ( ) ) ; assertTrue ( redisProperties . getJedisPoolConfig ( ) . isTestWhileIdle ( ) ) ; }","@ Override public < T extends Properties > T getProperties ( Class < T > clazz ) { if ( configMap . containsKey ( clazz . getName ( ) ) ) { return ( T ) configMap . get ( clazz . getName ( ) ) ; } lazyInitialize ( clazz ) ; return ( T ) configMap . getOrDefault ( clazz . getName ( ) , EMPTY ) ; }",
0,"@ DisplayName ( ""test_getProperties"" ) @ Test void testGetProperties ( ) { RedisProperties redisProperties = environment . getProperties ( RedisProperties . class ) ; assertEquals ( 20 , redisProperties . getMaxConnNum ( ) ) ; assertEquals ( ""standalone"" , redisProperties . getMode ( ) ) ; assertTrue ( redisProperties . isEnabled ( ) ) ; <ASSERTION> ; assertEquals ( 100 , redisProperties . getProp1 ( ) ) ; assertEquals ( 1.1 , redisProperties . getProp3 ( ) ) ; assertEquals ( 1 , redisProperties . getProp4 ( ) ) ; assertTrue ( redisProperties . getJedisPoolConfig ( ) . isTestWhileIdle ( ) ) ; }","@ Override public < T extends Properties > T getProperties ( Class < T > clazz ) { if ( configMap . containsKey ( clazz . getName ( ) ) ) { return ( T ) configMap . get ( clazz . getName ( ) ) ; } lazyInitialize ( clazz ) ; return ( T ) configMap . getOrDefault ( clazz . getName ( ) , EMPTY ) ; }",
0,"@ DisplayName ( ""test_getProperties"" ) @ Test void testGetProperties ( ) { RedisProperties redisProperties = environment . getProperties ( RedisProperties . class ) ; assertEquals ( 20 , redisProperties . getMaxConnNum ( ) ) ; assertEquals ( ""standalone"" , redisProperties . getMode ( ) ) ; assertTrue ( redisProperties . isEnabled ( ) ) ; assertEquals ( 10000L , redisProperties . getTimeBetweenEvictionRunsMillis ( ) ) ; <ASSERTION> ; assertEquals ( 1.1 , redisProperties . getProp3 ( ) ) ; assertEquals ( 1 , redisProperties . getProp4 ( ) ) ; assertTrue ( redisProperties . getJedisPoolConfig ( ) . isTestWhileIdle ( ) ) ; }","@ Override public < T extends Properties > T getProperties ( Class < T > clazz ) { if ( configMap . containsKey ( clazz . getName ( ) ) ) { return ( T ) configMap . get ( clazz . getName ( ) ) ; } lazyInitialize ( clazz ) ; return ( T ) configMap . getOrDefault ( clazz . getName ( ) , EMPTY ) ; }",
0,"@ DisplayName ( ""test_getProperties"" ) @ Test void testGetProperties ( ) { RedisProperties redisProperties = environment . getProperties ( RedisProperties . class ) ; assertEquals ( 20 , redisProperties . getMaxConnNum ( ) ) ; assertEquals ( ""standalone"" , redisProperties . getMode ( ) ) ; assertTrue ( redisProperties . isEnabled ( ) ) ; assertEquals ( 10000L , redisProperties . getTimeBetweenEvictionRunsMillis ( ) ) ; assertEquals ( 100 , redisProperties . getProp1 ( ) ) ; <ASSERTION> ; assertEquals ( 1 , redisProperties . getProp4 ( ) ) ; assertTrue ( redisProperties . getJedisPoolConfig ( ) . isTestWhileIdle ( ) ) ; }","@ Override public < T extends Properties > T getProperties ( Class < T > clazz ) { if ( configMap . containsKey ( clazz . getName ( ) ) ) { return ( T ) configMap . get ( clazz . getName ( ) ) ; } lazyInitialize ( clazz ) ; return ( T ) configMap . getOrDefault ( clazz . getName ( ) , EMPTY ) ; }",
0,"@ DisplayName ( ""test_getProperties"" ) @ Test void testGetProperties ( ) { RedisProperties redisProperties = environment . getProperties ( RedisProperties . class ) ; assertEquals ( 20 , redisProperties . getMaxConnNum ( ) ) ; assertEquals ( ""standalone"" , redisProperties . getMode ( ) ) ; assertTrue ( redisProperties . isEnabled ( ) ) ; assertEquals ( 10000L , redisProperties . getTimeBetweenEvictionRunsMillis ( ) ) ; assertEquals ( 100 , redisProperties . getProp1 ( ) ) ; assertEquals ( 1.1 , redisProperties . getProp3 ( ) ) ; <ASSERTION> ; assertTrue ( redisProperties . getJedisPoolConfig ( ) . isTestWhileIdle ( ) ) ; }","@ Override public < T extends Properties > T getProperties ( Class < T > clazz ) { if ( configMap . containsKey ( clazz . getName ( ) ) ) { return ( T ) configMap . get ( clazz . getName ( ) ) ; } lazyInitialize ( clazz ) ; return ( T ) configMap . getOrDefault ( clazz . getName ( ) , EMPTY ) ; }",
0,"@ DisplayName ( ""test_getProperties"" ) @ Test void testGetProperties ( ) { RedisProperties redisProperties = environment . getProperties ( RedisProperties . class ) ; assertEquals ( 20 , redisProperties . getMaxConnNum ( ) ) ; assertEquals ( ""standalone"" , redisProperties . getMode ( ) ) ; assertTrue ( redisProperties . isEnabled ( ) ) ; assertEquals ( 10000L , redisProperties . getTimeBetweenEvictionRunsMillis ( ) ) ; assertEquals ( 100 , redisProperties . getProp1 ( ) ) ; assertEquals ( 1.1 , redisProperties . getProp3 ( ) ) ; assertEquals ( 1 , redisProperties . getProp4 ( ) ) ; <ASSERTION> ; }","@ Override public < T extends Properties > T getProperties ( Class < T > clazz ) { if ( configMap . containsKey ( clazz . getName ( ) ) ) { return ( T ) configMap . get ( clazz . getName ( ) ) ; } lazyInitialize ( clazz ) ; return ( T ) configMap . getOrDefault ( clazz . getName ( ) , EMPTY ) ; }",
0,"@ DisplayName ( ""test_addLast"" ) @ Test void testAddLast ( ) { BootProcessChain processChain = new DefaultBootProcessChain ( ) ; final List < Integer > list = new ArrayList < > ( 2 ) ; for ( int i = 0 ; i < 2 ; i ++ ) { final Integer tmp = i ; processChain . addLast ( new BootJob ( ) { @ Override public void start ( ) { list . add ( tmp ) ; } } ) ; } processChain . start ( ) ; <ASSERTION> ; assertEquals ( Integer . valueOf ( 1 ) , list . get ( 1 ) ) ; }",@ Override public BootProcessChain addLast ( BootJob bootJob ) { BootJobContext newJob = newBootJobContext ( bootJob ) ; tail . getPrev ( ) . setNext ( newJob ) ; newJob . setPrev ( tail . getPrev ( ) ) ; tail . setPrev ( newJob ) ; newJob . setNext ( tail ) ; return this ; },
0,"@ DisplayName ( ""test_addLast"" ) @ Test void testAddLast ( ) { BootProcessChain processChain = new DefaultBootProcessChain ( ) ; final List < Integer > list = new ArrayList < > ( 2 ) ; for ( int i = 0 ; i < 2 ; i ++ ) { final Integer tmp = i ; processChain . addLast ( new BootJob ( ) { @ Override public void start ( ) { list . add ( tmp ) ; } } ) ; } processChain . start ( ) ; assertEquals ( Integer . valueOf ( 0 ) , list . get ( 0 ) ) ; <ASSERTION> ; }",@ Override public BootProcessChain addLast ( BootJob bootJob ) { BootJobContext newJob = newBootJobContext ( bootJob ) ; tail . getPrev ( ) . setNext ( newJob ) ; newJob . setPrev ( tail . getPrev ( ) ) ; tail . setPrev ( newJob ) ; newJob . setNext ( tail ) ; return this ; },
0,"@ DisplayName ( ""test_compare_Desc"" ) @ Test void testCompareDesc ( ) { List < Class > list = new ArrayList < > ( ) ; list . add ( Order1 . class ) ; list . add ( Order2 . class ) ; list = comparator . compare ( list , false ) ; <ASSERTION> ; assertEquals ( Order1 . class , list . get ( 1 ) ) ; }","@ Override public List < T > compare ( List < T > list ) { return compare ( list , true ) ; }",
0,"@ DisplayName ( ""test_compare_Desc"" ) @ Test void testCompareDesc ( ) { List < Class > list = new ArrayList < > ( ) ; list . add ( Order1 . class ) ; list . add ( Order2 . class ) ; list = comparator . compare ( list , false ) ; assertEquals ( Order2 . class , list . get ( 0 ) ) ; <ASSERTION> ; }","@ Override public List < T > compare ( List < T > list ) { return compare ( list , true ) ; }",
1,"@ DisplayName ( ""test_getLoader_Null"" ) @ Test void testGetLoaderNull ( ) { <ASSERTION> SpiLoader . getLoader ( null ) ; }","@ SuppressWarnings ( ""unchecked"" ) public static < T > SpiLoader < T > getLoader ( Class < T > type ) { if ( type == null ) { throw new IllegalArgumentException ( ""Spi type must not be null"" ) ; } if ( ! type . isInterface ( ) ) { throw new IllegalArgumentException ( ""Spi type "" + type . getName ( ) + "" must an interface"" ) ; } if ( ! type . isAnnotationPresent ( Spi . class ) ) { throw new IllegalArgumentException ( ""Spi type "" + type . getName ( ) + "" must annotated with @Spi"" ) ; } return LOADERS . computeIfAbsent ( type , t -> new SpiLoader ( t ) ) ; }",
0,"@ DisplayName ( ""test_decode"" ) @ Test void testDecode ( ) { ByteBuf out = PooledByteBufAllocator . DEFAULT . heapBuffer ( ) ; out . writeByte ( 0xbc ) ; out . writeByte ( 0xc0 ) ; out . writeByte ( 1 ) ; out . writeByte ( 0 ) ; out . writeInt ( 1 ) ; out . writeByte ( 0 ) ; out . writeInt ( 12 ) ; out . writeBytes ( ""Hello,World!"" . getBytes ( ) ) ; out . writeByte ( 0xbc ) ; out . writeByte ( 0xc0 ) ; out . writeByte ( 1 ) ; out . writeByte ( 0 ) ; out . writeInt ( 1 ) ; out . writeByte ( 0 ) ; out . writeInt ( 4 ) ; out . writeBytes ( ""HaHa"" . getBytes ( ) ) ; MultiMessage msg = ( MultiMessage ) codec . decode ( connection , out ) ; <ASSERTION> ; assertEquals ( ""Hello,World!"" , new String ( ( ( Packet ) msg . get ( 0 ) ) . getPayload ( ) ) ) ; assertEquals ( ""HaHa"" , new String ( ( ( Packet ) msg . get ( 1 ) ) . getPayload ( ) ) ) ; }","@ Override public Object decode ( Connection connection , ByteBuf in ) throws CodecException { MultiMessage multiMessage = null ; while ( in . readableBytes ( ) > 0 ) { int readerIndex = in . readerIndex ( ) ; try { Object msg = super . decode ( connection , in ) ; if ( multiMessage == null ) { multiMessage = MultiMessage . create ( ) ; } multiMessage . addMessage ( msg ) ; } catch ( PacketUnknownCodecException | PacketSizeLimitCodecException e ) { in . readerIndex ( readerIndex ) ; throw e ; } catch ( PacketNotIntactCodecException e ) { in . readerIndex ( readerIndex ) ; break ; } } return multiMessage ; }",
0,"@ DisplayName ( ""test_decode"" ) @ Test void testDecode ( ) { ByteBuf out = PooledByteBufAllocator . DEFAULT . heapBuffer ( ) ; out . writeByte ( 0xbc ) ; out . writeByte ( 0xc0 ) ; out . writeByte ( 1 ) ; out . writeByte ( 0 ) ; out . writeInt ( 1 ) ; out . writeByte ( 0 ) ; out . writeInt ( 12 ) ; out . writeBytes ( ""Hello,World!"" . getBytes ( ) ) ; out . writeByte ( 0xbc ) ; out . writeByte ( 0xc0 ) ; out . writeByte ( 1 ) ; out . writeByte ( 0 ) ; out . writeInt ( 1 ) ; out . writeByte ( 0 ) ; out . writeInt ( 4 ) ; out . writeBytes ( ""HaHa"" . getBytes ( ) ) ; MultiMessage msg = ( MultiMessage ) codec . decode ( connection , out ) ; assertEquals ( 2 , msg . size ( ) ) ; <ASSERTION> ; assertEquals ( ""HaHa"" , new String ( ( ( Packet ) msg . get ( 1 ) ) . getPayload ( ) ) ) ; }","@ Override public Object decode ( Connection connection , ByteBuf in ) throws CodecException { MultiMessage multiMessage = null ; while ( in . readableBytes ( ) > 0 ) { int readerIndex = in . readerIndex ( ) ; try { Object msg = super . decode ( connection , in ) ; if ( multiMessage == null ) { multiMessage = MultiMessage . create ( ) ; } multiMessage . addMessage ( msg ) ; } catch ( PacketUnknownCodecException | PacketSizeLimitCodecException e ) { in . readerIndex ( readerIndex ) ; throw e ; } catch ( PacketNotIntactCodecException e ) { in . readerIndex ( readerIndex ) ; break ; } } return multiMessage ; }",
0,"@ DisplayName ( ""test_decode"" ) @ Test void testDecode ( ) { ByteBuf out = PooledByteBufAllocator . DEFAULT . heapBuffer ( ) ; out . writeByte ( 0xbc ) ; out . writeByte ( 0xc0 ) ; out . writeByte ( 1 ) ; out . writeByte ( 0 ) ; out . writeInt ( 1 ) ; out . writeByte ( 0 ) ; out . writeInt ( 12 ) ; out . writeBytes ( ""Hello,World!"" . getBytes ( ) ) ; out . writeByte ( 0xbc ) ; out . writeByte ( 0xc0 ) ; out . writeByte ( 1 ) ; out . writeByte ( 0 ) ; out . writeInt ( 1 ) ; out . writeByte ( 0 ) ; out . writeInt ( 4 ) ; out . writeBytes ( ""HaHa"" . getBytes ( ) ) ; MultiMessage msg = ( MultiMessage ) codec . decode ( connection , out ) ; assertEquals ( 2 , msg . size ( ) ) ; assertEquals ( ""Hello,World!"" , new String ( ( ( Packet ) msg . get ( 0 ) ) . getPayload ( ) ) ) ; <ASSERTION> ; }","@ Override public Object decode ( Connection connection , ByteBuf in ) throws CodecException { MultiMessage multiMessage = null ; while ( in . readableBytes ( ) > 0 ) { int readerIndex = in . readerIndex ( ) ; try { Object msg = super . decode ( connection , in ) ; if ( multiMessage == null ) { multiMessage = MultiMessage . create ( ) ; } multiMessage . addMessage ( msg ) ; } catch ( PacketUnknownCodecException | PacketSizeLimitCodecException e ) { in . readerIndex ( readerIndex ) ; throw e ; } catch ( PacketNotIntactCodecException e ) { in . readerIndex ( readerIndex ) ; break ; } } return multiMessage ; }",
1,"@ DisplayName ( ""test_compare_NotOrder"" ) @ Test void testCompareNotOrder ( ) { List < Class > list = new ArrayList < > ( ) ; list . add ( Order1 . class ) ; list . add ( NoOrder1 . class ) ; <ASSERTION> comparator . compare ( list ) ; }","@ Override public List < T > compare ( List < T > list ) { return compare ( list , true ) ; }",
1,"@ DisplayName ( ""test_decode_WithUnknownPacket"" ) @ Test void testDecodeWithUnknownPacket ( ) { ByteBuf out = PooledByteBufAllocator . DEFAULT . heapBuffer ( ) ; out . writeByte ( 0xc0 ) ; out . writeByte ( 0xbc ) ; out . writeByte ( 1 ) ; out . writeByte ( 0 ) ; out . writeInt ( 1 ) ; out . writeByte ( 0 ) ; out . writeInt ( 0 ) ; <ASSERTION> codec . decode ( connection , out ) ; }","@ Override public Object decode ( Connection connection , ByteBuf in ) throws CodecException { MultiMessage multiMessage = null ; while ( in . readableBytes ( ) > 0 ) { int readerIndex = in . readerIndex ( ) ; try { Object msg = super . decode ( connection , in ) ; if ( multiMessage == null ) { multiMessage = MultiMessage . create ( ) ; } multiMessage . addMessage ( msg ) ; } catch ( PacketUnknownCodecException | PacketSizeLimitCodecException e ) { in . readerIndex ( readerIndex ) ; throw e ; } catch ( PacketNotIntactCodecException e ) { in . readerIndex ( readerIndex ) ; break ; } } return multiMessage ; }",
0,"@ DisplayName ( ""test_decode_WithNotIntact"" ) @ Test void testDecodeWithNotIntact ( ) { ByteBuf out = PooledByteBufAllocator . DEFAULT . heapBuffer ( ) ; out . writeByte ( 0xbc ) ; out . writeByte ( 0xc0 ) ; out . writeByte ( 1 ) ; out . writeByte ( 0 ) ; out . writeInt ( 1 ) ; out . writeByte ( 0 ) ; out . writeInt ( 1 ) ; MultiMessage msg = ( MultiMessage ) codec . decode ( connection , out ) ; <ASSERTION> ; }","@ Override public Object decode ( Connection connection , ByteBuf in ) throws CodecException { MultiMessage multiMessage = null ; while ( in . readableBytes ( ) > 0 ) { int readerIndex = in . readerIndex ( ) ; try { Object msg = super . decode ( connection , in ) ; if ( multiMessage == null ) { multiMessage = MultiMessage . create ( ) ; } multiMessage . addMessage ( msg ) ; } catch ( PacketUnknownCodecException | PacketSizeLimitCodecException e ) { in . readerIndex ( readerIndex ) ; throw e ; } catch ( PacketNotIntactCodecException e ) { in . readerIndex ( readerIndex ) ; break ; } } return multiMessage ; }",
1,"@ DisplayName ( ""test_startAsync_WithException"" ) @ Test void testStartAsyncWithException ( ) { AbstractService serviceStartWithException = new AbstractService ( ) { @ Override public void init ( ) throws ServiceException { throw new ServiceException ( new IllegalArgumentException ( ""Config File was invalid."" ) ) ; } } ; CompletableFuture < Boolean > future = serviceStartWithException . startAsync ( ) ; <ASSERTION> future . join ( ) ; }","@ Override public CompletableFuture < Boolean > startAsync ( ) { return startAsyncWithCallback ( null , null ) ; }",
0,"@ DisplayName ( ""test_decrypt"" ) @ Test void testDecrypt ( ) { byte [ ] encryptData = rsaCipher . encrypt ( ""我是ukuz😄"" . getBytes ( StandardCharsets . UTF_8 ) ) ; byte [ ] decryptData = rsaCipher . decrypt ( encryptData ) ; <ASSERTION> ; }","@ Override public byte [ ] decrypt ( byte [ ] encryptData ) { try { javax . crypto . Cipher cipher = javax . crypto . Cipher . getInstance ( KEY_ALGORITHM ) ; cipher . init ( javax . crypto . Cipher . DECRYPT_MODE , privateKey ) ; byte [ ] result = cipher . doFinal ( Base64 . getDecoder ( ) . decode ( encryptData ) ) ; return result ; } catch ( Exception e ) { throw new CryptoException ( e ) ; } }",
0,"@ DisplayName ( ""test_decrypt"" ) @ Test void testDecrypt ( ) { byte [ ] encryptData = aesCipher . encrypt ( ""我叫ukuz!"" . getBytes ( StandardCharsets . UTF_8 ) ) ; byte [ ] decryptData = aesCipher . decrypt ( encryptData ) ; <ASSERTION> ; }","@ Override public byte [ ] decrypt ( byte [ ] encryptData ) { Properties properties = new Properties ( ) ; try ( ByteArrayInputStream inputStream = new ByteArrayInputStream ( encryptData ) ; CryptoInputStream cis = new CryptoInputStream ( KEY_ALGORITHM_TRANSFORM , properties , inputStream , key , iv ) ) { byte [ ] decryptedData = new byte [ cis . available ( ) ] ; int decryptedLen = 0 ; int i ; while ( ( i = cis . read ( decryptedData , decryptedLen , decryptedData . length - decryptedLen ) ) > - 1 ) { decryptedLen += i ; } return Arrays . copyOf ( decryptedData , decryptedLen ) ; } catch ( IOException e ) { throw new CryptoException ( e ) ; } }",
1,"@ Execution ( value = ExecutionMode . CONCURRENT ) @ DisplayName ( ""test_start_WithConcurrentDuplicate"" ) @ Test @ ResourceLock ( value = ""duplicateStart"" , mode = READ ) void startWithConcurrentDuplicate ( ) { <ASSERTION> globalService . start ( ) ; }",@ Override public final boolean start ( ) throws ServiceException { try { return startAsync ( ) . join ( ) ; } catch ( CompletionException e ) { throw wrapServiceException ( e . getCause ( ) ) ; } },
0,"@ Test public void testAddItemAt ( ) { BeanContainer < String , String > container = new BeanContainer < String , String > ( String . class ) ; container . addItem ( ""id1"" , ""value1"" ) ; container . addItemAt ( 0 , ""id2"" , ""value2"" ) ; container . addItemAt ( 1 , ""id3"" , ""value3"" ) ; container . addItemAt ( container . size ( ) , ""id4"" , ""value4"" ) ; <ASSERTION> ; assertNull ( container . addItemAt ( container . size ( ) + 1 , ""id6"" , ""value6"" ) ) ; assertEquals ( 4 , container . size ( ) ) ; assertEquals ( ""id2"" , container . getIdByIndex ( 0 ) ) ; assertEquals ( ""id3"" , container . getIdByIndex ( 1 ) ) ; assertEquals ( ""id1"" , container . getIdByIndex ( 2 ) ) ; assertEquals ( ""id4"" , container . getIdByIndex ( 3 ) ) ; }","@ Override public BeanItem < BEANTYPE > addItemAt ( int index , IDTYPE newItemId , BEANTYPE bean ) { if ( newItemId != null && bean != null ) { return super . addItemAt ( index , newItemId , bean ) ; } else { return null ; } }",
0,"@ Test public void testAddItemAt ( ) { BeanContainer < String , String > container = new BeanContainer < String , String > ( String . class ) ; container . addItem ( ""id1"" , ""value1"" ) ; container . addItemAt ( 0 , ""id2"" , ""value2"" ) ; container . addItemAt ( 1 , ""id3"" , ""value3"" ) ; container . addItemAt ( container . size ( ) , ""id4"" , ""value4"" ) ; assertNull ( container . addItemAt ( - 1 , ""id5"" , ""value5"" ) ) ; <ASSERTION> ; assertEquals ( 4 , container . size ( ) ) ; assertEquals ( ""id2"" , container . getIdByIndex ( 0 ) ) ; assertEquals ( ""id3"" , container . getIdByIndex ( 1 ) ) ; assertEquals ( ""id1"" , container . getIdByIndex ( 2 ) ) ; assertEquals ( ""id4"" , container . getIdByIndex ( 3 ) ) ; }","@ Override public BeanItem < BEANTYPE > addItemAt ( int index , IDTYPE newItemId , BEANTYPE bean ) { if ( newItemId != null && bean != null ) { return super . addItemAt ( index , newItemId , bean ) ; } else { return null ; } }",
0,"@ Test public void testAddItemAt ( ) { BeanContainer < String , String > container = new BeanContainer < String , String > ( String . class ) ; container . addItem ( ""id1"" , ""value1"" ) ; container . addItemAt ( 0 , ""id2"" , ""value2"" ) ; container . addItemAt ( 1 , ""id3"" , ""value3"" ) ; container . addItemAt ( container . size ( ) , ""id4"" , ""value4"" ) ; assertNull ( container . addItemAt ( - 1 , ""id5"" , ""value5"" ) ) ; assertNull ( container . addItemAt ( container . size ( ) + 1 , ""id6"" , ""value6"" ) ) ; <ASSERTION> ; assertEquals ( ""id2"" , container . getIdByIndex ( 0 ) ) ; assertEquals ( ""id3"" , container . getIdByIndex ( 1 ) ) ; assertEquals ( ""id1"" , container . getIdByIndex ( 2 ) ) ; assertEquals ( ""id4"" , container . getIdByIndex ( 3 ) ) ; }","@ Override public BeanItem < BEANTYPE > addItemAt ( int index , IDTYPE newItemId , BEANTYPE bean ) { if ( newItemId != null && bean != null ) { return super . addItemAt ( index , newItemId , bean ) ; } else { return null ; } }",
0,"@ Test public void testAddItemAt ( ) { BeanContainer < String , String > container = new BeanContainer < String , String > ( String . class ) ; container . addItem ( ""id1"" , ""value1"" ) ; container . addItemAt ( 0 , ""id2"" , ""value2"" ) ; container . addItemAt ( 1 , ""id3"" , ""value3"" ) ; container . addItemAt ( container . size ( ) , ""id4"" , ""value4"" ) ; assertNull ( container . addItemAt ( - 1 , ""id5"" , ""value5"" ) ) ; assertNull ( container . addItemAt ( container . size ( ) + 1 , ""id6"" , ""value6"" ) ) ; assertEquals ( 4 , container . size ( ) ) ; <ASSERTION> ; assertEquals ( ""id3"" , container . getIdByIndex ( 1 ) ) ; assertEquals ( ""id1"" , container . getIdByIndex ( 2 ) ) ; assertEquals ( ""id4"" , container . getIdByIndex ( 3 ) ) ; }","@ Override public BeanItem < BEANTYPE > addItemAt ( int index , IDTYPE newItemId , BEANTYPE bean ) { if ( newItemId != null && bean != null ) { return super . addItemAt ( index , newItemId , bean ) ; } else { return null ; } }",
0,"@ Test public void testAddItemAt ( ) { BeanContainer < String , String > container = new BeanContainer < String , String > ( String . class ) ; container . addItem ( ""id1"" , ""value1"" ) ; container . addItemAt ( 0 , ""id2"" , ""value2"" ) ; container . addItemAt ( 1 , ""id3"" , ""value3"" ) ; container . addItemAt ( container . size ( ) , ""id4"" , ""value4"" ) ; assertNull ( container . addItemAt ( - 1 , ""id5"" , ""value5"" ) ) ; assertNull ( container . addItemAt ( container . size ( ) + 1 , ""id6"" , ""value6"" ) ) ; assertEquals ( 4 , container . size ( ) ) ; assertEquals ( ""id2"" , container . getIdByIndex ( 0 ) ) ; <ASSERTION> ; assertEquals ( ""id1"" , container . getIdByIndex ( 2 ) ) ; assertEquals ( ""id4"" , container . getIdByIndex ( 3 ) ) ; }","@ Override public BeanItem < BEANTYPE > addItemAt ( int index , IDTYPE newItemId , BEANTYPE bean ) { if ( newItemId != null && bean != null ) { return super . addItemAt ( index , newItemId , bean ) ; } else { return null ; } }",
0,"@ Test public void testAddItemAt ( ) { BeanContainer < String , String > container = new BeanContainer < String , String > ( String . class ) ; container . addItem ( ""id1"" , ""value1"" ) ; container . addItemAt ( 0 , ""id2"" , ""value2"" ) ; container . addItemAt ( 1 , ""id3"" , ""value3"" ) ; container . addItemAt ( container . size ( ) , ""id4"" , ""value4"" ) ; assertNull ( container . addItemAt ( - 1 , ""id5"" , ""value5"" ) ) ; assertNull ( container . addItemAt ( container . size ( ) + 1 , ""id6"" , ""value6"" ) ) ; assertEquals ( 4 , container . size ( ) ) ; assertEquals ( ""id2"" , container . getIdByIndex ( 0 ) ) ; assertEquals ( ""id3"" , container . getIdByIndex ( 1 ) ) ; <ASSERTION> ; assertEquals ( ""id4"" , container . getIdByIndex ( 3 ) ) ; }","@ Override public BeanItem < BEANTYPE > addItemAt ( int index , IDTYPE newItemId , BEANTYPE bean ) { if ( newItemId != null && bean != null ) { return super . addItemAt ( index , newItemId , bean ) ; } else { return null ; } }",
0,"@ Test public void testAddItemAt ( ) { BeanContainer < String , String > container = new BeanContainer < String , String > ( String . class ) ; container . addItem ( ""id1"" , ""value1"" ) ; container . addItemAt ( 0 , ""id2"" , ""value2"" ) ; container . addItemAt ( 1 , ""id3"" , ""value3"" ) ; container . addItemAt ( container . size ( ) , ""id4"" , ""value4"" ) ; assertNull ( container . addItemAt ( - 1 , ""id5"" , ""value5"" ) ) ; assertNull ( container . addItemAt ( container . size ( ) + 1 , ""id6"" , ""value6"" ) ) ; assertEquals ( 4 , container . size ( ) ) ; assertEquals ( ""id2"" , container . getIdByIndex ( 0 ) ) ; assertEquals ( ""id3"" , container . getIdByIndex ( 1 ) ) ; assertEquals ( ""id1"" , container . getIdByIndex ( 2 ) ) ; <ASSERTION> ; }","@ Override public BeanItem < BEANTYPE > addItemAt ( int index , IDTYPE newItemId , BEANTYPE bean ) { if ( newItemId != null && bean != null ) { return super . addItemAt ( index , newItemId , bean ) ; } else { return null ; } }",
0,"@ Test public void testReadKeyFromFile_LicenseFileHasSingleIdentifiedKey ( ) throws Exception { File tmpLicenseFile = File . createTempFile ( ""license"" , ""lic"" ) ; PrintWriter out = new PrintWriter ( tmpLicenseFile ) ; out . println ( ""4=this-is-a-license"" ) ; out . close ( ) ; <ASSERTION> ; tmpLicenseFile . delete ( ) ; }","String readKeyFromFile ( URL url , int majorVersion ) throws IOException { String majorVersionStr = String . valueOf ( majorVersion ) ; List < String > lines = IOUtils . readLines ( url . openStream ( ) ) ; String defaultKey = null ; for ( String line : lines ) { String [ ] parts = line . split ( ""\\s*=\\s*"" ) ; if ( parts . length < 2 ) { defaultKey = parts [ 0 ] . trim ( ) ; } if ( parts [ 0 ] . equals ( majorVersionStr ) ) { return parts [ 1 ] . trim ( ) ; } } return defaultKey ; }",
0,@ Test public void equals_compareWithSameInstance_shouldBeTrue ( ) { ReadOnlyRowId rid = new ReadOnlyRowId ( 1337 ) ; ReadOnlyRowId rid2 = rid ; <ASSERTION> ; },@ Override public boolean equals ( Object obj ) { if ( obj == null || ! ( ReadOnlyRowId . class . equals ( obj . getClass ( ) ) ) ) { return false ; } return getRowNum ( ) == ( ( ( ReadOnlyRowId ) obj ) . getRowNum ( ) ) ; },
0,"@ Test public void lastItemId_freeform5000Rows_returnsItemId4999 ( ) throws SQLException { DataGenerator . addFiveThousandPeople ( connectionPool ) ; SQLContainer container = new SQLContainer ( new FreeformQuery ( ""SELECT * FROM people ORDER BY \""ID\"" ASC"" , connectionPool , ""ID"" ) ) ; if ( SQLTestsConstants . db == DB . ORACLE ) { <ASSERTION> ; } else { assertEquals ( new RowId ( new Object [ ] { 4999 + offset } ) , container . lastItemId ( ) ) ; } }",@ Override public Object lastItemId ( ) { if ( addedItems . isEmpty ( ) ) { int lastIx = size ( ) - 1 ; if ( ! itemIndexes . containsKey ( lastIx ) ) { updateOffsetAndCache ( size - 1 ) ; } return itemIndexes . get ( lastIx ) ; } else { int ix = addedItems . size ( ) ; do { ix -- ; } while ( ! itemPassesFilters ( addedItems . get ( ix ) ) && ix >= 0 ) ; if ( ix >= 0 ) { return addedItems . get ( ix ) . getId ( ) ; } else { return null ; } } },
0,"@ Test public void lastItemId_freeform5000Rows_returnsItemId4999 ( ) throws SQLException { DataGenerator . addFiveThousandPeople ( connectionPool ) ; SQLContainer container = new SQLContainer ( new FreeformQuery ( ""SELECT * FROM people ORDER BY \""ID\"" ASC"" , connectionPool , ""ID"" ) ) ; if ( SQLTestsConstants . db == DB . ORACLE ) { assertEquals ( new RowId ( new Object [ ] { 4999 + offset } ) . toString ( ) , container . lastItemId ( ) . toString ( ) ) ; } else { <ASSERTION> ; } }",@ Override public Object lastItemId ( ) { if ( addedItems . isEmpty ( ) ) { int lastIx = size ( ) - 1 ; if ( ! itemIndexes . containsKey ( lastIx ) ) { updateOffsetAndCache ( size - 1 ) ; } return itemIndexes . get ( lastIx ) ; } else { int ix = addedItems . size ( ) ; do { ix -- ; } while ( ! itemPassesFilters ( addedItems . get ( ix ) ) && ix >= 0 ) ; if ( ix >= 0 ) { return addedItems . get ( ix ) . getId ( ) ; } else { return null ; } } },
0,@ Test public void hashCode_shouldBeEqualToHashCodeOfRowNum ( ) { int rowNum = 1337 ; ReadOnlyRowId rid = new ReadOnlyRowId ( rowNum ) ; <ASSERTION> ; },@ Override public int hashCode ( ) { return getRowNum ( ) ; },
0,"@ Test public void getCount_normalState_releasesConnection ( ) throws SQLException { FreeformQuery query = new FreeformQuery ( ""SELECT * FROM people WHERE \""NAME\"" LIKE '%lle'"" , connectionPool , ""ID"" ) ; query . getCount ( ) ; query . getCount ( ) ; Connection c = connectionPool . reserveConnection ( ) ; <ASSERTION> ; connectionPool . releaseConnection ( c ) ; }","@ Override public int getCount ( ) throws SQLException { int count = countByDelegate ( ) ; if ( count < 0 ) { Statement statement = null ; ResultSet rs = null ; Connection conn = getConnection ( ) ; try { statement = conn . createStatement ( ResultSet . TYPE_SCROLL_INSENSITIVE , ResultSet . CONCUR_READ_ONLY ) ; rs = statement . executeQuery ( queryString ) ; if ( rs . last ( ) ) { count = rs . getRow ( ) ; } else { count = 0 ; } } finally { releaseConnection ( conn , statement , rs ) ; } } return count ; }",
0,"@ Test public void testAddNestedContainerBeanAfterData ( ) { BeanItemContainer < NestedMethodPropertyTest . Person > container = new BeanItemContainer < NestedMethodPropertyTest . Person > ( NestedMethodPropertyTest . Person . class ) ; NestedMethodPropertyTest . Person john = new NestedMethodPropertyTest . Person ( ""John"" , new Address ( ""streetname"" , 12345 ) ) ; container . addBean ( john ) ; container . addNestedContainerBean ( ""address"" ) ; <ASSERTION> ; assertTrue ( container . getItem ( john ) . getItemPropertyIds ( ) . contains ( ""address.street"" ) ) ; assertEquals ( ""streetname"" , container . getItem ( john ) . getItemProperty ( ""address.street"" ) . getValue ( ) ) ; }",@ Override public BeanItem < BEANTYPE > addBean ( BEANTYPE bean ) { return addItem ( bean ) ; },
0,"@ Test public void testAddNestedContainerBeanAfterData ( ) { BeanItemContainer < NestedMethodPropertyTest . Person > container = new BeanItemContainer < NestedMethodPropertyTest . Person > ( NestedMethodPropertyTest . Person . class ) ; NestedMethodPropertyTest . Person john = new NestedMethodPropertyTest . Person ( ""John"" , new Address ( ""streetname"" , 12345 ) ) ; container . addBean ( john ) ; container . addNestedContainerBean ( ""address"" ) ; assertTrue ( container . getContainerPropertyIds ( ) . contains ( ""address.street"" ) ) ; <ASSERTION> ; assertEquals ( ""streetname"" , container . getItem ( john ) . getItemProperty ( ""address.street"" ) . getValue ( ) ) ; }",@ Override public BeanItem < BEANTYPE > addBean ( BEANTYPE bean ) { return addItem ( bean ) ; },
0,"@ Test public void testAddNestedContainerBeanAfterData ( ) { BeanItemContainer < NestedMethodPropertyTest . Person > container = new BeanItemContainer < NestedMethodPropertyTest . Person > ( NestedMethodPropertyTest . Person . class ) ; NestedMethodPropertyTest . Person john = new NestedMethodPropertyTest . Person ( ""John"" , new Address ( ""streetname"" , 12345 ) ) ; container . addBean ( john ) ; container . addNestedContainerBean ( ""address"" ) ; assertTrue ( container . getContainerPropertyIds ( ) . contains ( ""address.street"" ) ) ; assertTrue ( container . getItem ( john ) . getItemPropertyIds ( ) . contains ( ""address.street"" ) ) ; <ASSERTION> ; }",@ Override public BeanItem < BEANTYPE > addBean ( BEANTYPE bean ) { return addItem ( bean ) ; },
0,"@ Test public void camelCaseToHumanReadable ( ) { <ASSERTION> ; assertEquals ( ""First Name"" , SharedUtil . camelCaseToHumanFriendly ( ""first name"" ) ) ; assertEquals ( ""First Name2"" , SharedUtil . camelCaseToHumanFriendly ( ""firstName2"" ) ) ; assertEquals ( ""First"" , SharedUtil . camelCaseToHumanFriendly ( ""first"" ) ) ; assertEquals ( ""First"" , SharedUtil . camelCaseToHumanFriendly ( ""First"" ) ) ; assertEquals ( ""Some XYZ Abbreviation"" , SharedUtil . camelCaseToHumanFriendly ( ""SomeXYZAbbreviation"" ) ) ; assertEquals ( ""My Bean Container"" , SharedUtil . camelCaseToHumanFriendly ( ""MyBeanContainer"" ) ) ; assertEquals ( ""Awesome URL Factory"" , SharedUtil . camelCaseToHumanFriendly ( ""AwesomeURLFactory"" ) ) ; assertEquals ( ""Some Uri Action"" , SharedUtil . camelCaseToHumanFriendly ( ""SomeUriAction"" ) ) ; }","public static String camelCaseToHumanFriendly ( String camelCaseString ) { String [ ] parts = splitCamelCase ( camelCaseString ) ; for ( int i = 0 ; i < parts . length ; i ++ ) { parts [ i ] = capitalize ( parts [ i ] ) ; } return join ( parts , "" "" ) ; }",
0,"@ Test public void camelCaseToHumanReadable ( ) { assertEquals ( ""First Name"" , SharedUtil . camelCaseToHumanFriendly ( ""firstName"" ) ) ; <ASSERTION> ; assertEquals ( ""First Name2"" , SharedUtil . camelCaseToHumanFriendly ( ""firstName2"" ) ) ; assertEquals ( ""First"" , SharedUtil . camelCaseToHumanFriendly ( ""first"" ) ) ; assertEquals ( ""First"" , SharedUtil . camelCaseToHumanFriendly ( ""First"" ) ) ; assertEquals ( ""Some XYZ Abbreviation"" , SharedUtil . camelCaseToHumanFriendly ( ""SomeXYZAbbreviation"" ) ) ; assertEquals ( ""My Bean Container"" , SharedUtil . camelCaseToHumanFriendly ( ""MyBeanContainer"" ) ) ; assertEquals ( ""Awesome URL Factory"" , SharedUtil . camelCaseToHumanFriendly ( ""AwesomeURLFactory"" ) ) ; assertEquals ( ""Some Uri Action"" , SharedUtil . camelCaseToHumanFriendly ( ""SomeUriAction"" ) ) ; }","public static String camelCaseToHumanFriendly ( String camelCaseString ) { String [ ] parts = splitCamelCase ( camelCaseString ) ; for ( int i = 0 ; i < parts . length ; i ++ ) { parts [ i ] = capitalize ( parts [ i ] ) ; } return join ( parts , "" "" ) ; }",
0,"@ Test public void camelCaseToHumanReadable ( ) { assertEquals ( ""First Name"" , SharedUtil . camelCaseToHumanFriendly ( ""firstName"" ) ) ; assertEquals ( ""First Name"" , SharedUtil . camelCaseToHumanFriendly ( ""first name"" ) ) ; <ASSERTION> ; assertEquals ( ""First"" , SharedUtil . camelCaseToHumanFriendly ( ""first"" ) ) ; assertEquals ( ""First"" , SharedUtil . camelCaseToHumanFriendly ( ""First"" ) ) ; assertEquals ( ""Some XYZ Abbreviation"" , SharedUtil . camelCaseToHumanFriendly ( ""SomeXYZAbbreviation"" ) ) ; assertEquals ( ""My Bean Container"" , SharedUtil . camelCaseToHumanFriendly ( ""MyBeanContainer"" ) ) ; assertEquals ( ""Awesome URL Factory"" , SharedUtil . camelCaseToHumanFriendly ( ""AwesomeURLFactory"" ) ) ; assertEquals ( ""Some Uri Action"" , SharedUtil . camelCaseToHumanFriendly ( ""SomeUriAction"" ) ) ; }","public static String camelCaseToHumanFriendly ( String camelCaseString ) { String [ ] parts = splitCamelCase ( camelCaseString ) ; for ( int i = 0 ; i < parts . length ; i ++ ) { parts [ i ] = capitalize ( parts [ i ] ) ; } return join ( parts , "" "" ) ; }",
0,"@ Test public void camelCaseToHumanReadable ( ) { assertEquals ( ""First Name"" , SharedUtil . camelCaseToHumanFriendly ( ""firstName"" ) ) ; assertEquals ( ""First Name"" , SharedUtil . camelCaseToHumanFriendly ( ""first name"" ) ) ; assertEquals ( ""First Name2"" , SharedUtil . camelCaseToHumanFriendly ( ""firstName2"" ) ) ; <ASSERTION> ; assertEquals ( ""First"" , SharedUtil . camelCaseToHumanFriendly ( ""First"" ) ) ; assertEquals ( ""Some XYZ Abbreviation"" , SharedUtil . camelCaseToHumanFriendly ( ""SomeXYZAbbreviation"" ) ) ; assertEquals ( ""My Bean Container"" , SharedUtil . camelCaseToHumanFriendly ( ""MyBeanContainer"" ) ) ; assertEquals ( ""Awesome URL Factory"" , SharedUtil . camelCaseToHumanFriendly ( ""AwesomeURLFactory"" ) ) ; assertEquals ( ""Some Uri Action"" , SharedUtil . camelCaseToHumanFriendly ( ""SomeUriAction"" ) ) ; }","public static String camelCaseToHumanFriendly ( String camelCaseString ) { String [ ] parts = splitCamelCase ( camelCaseString ) ; for ( int i = 0 ; i < parts . length ; i ++ ) { parts [ i ] = capitalize ( parts [ i ] ) ; } return join ( parts , "" "" ) ; }",
0,"@ Test public void camelCaseToHumanReadable ( ) { assertEquals ( ""First Name"" , SharedUtil . camelCaseToHumanFriendly ( ""firstName"" ) ) ; assertEquals ( ""First Name"" , SharedUtil . camelCaseToHumanFriendly ( ""first name"" ) ) ; assertEquals ( ""First Name2"" , SharedUtil . camelCaseToHumanFriendly ( ""firstName2"" ) ) ; assertEquals ( ""First"" , SharedUtil . camelCaseToHumanFriendly ( ""first"" ) ) ; <ASSERTION> ; assertEquals ( ""Some XYZ Abbreviation"" , SharedUtil . camelCaseToHumanFriendly ( ""SomeXYZAbbreviation"" ) ) ; assertEquals ( ""My Bean Container"" , SharedUtil . camelCaseToHumanFriendly ( ""MyBeanContainer"" ) ) ; assertEquals ( ""Awesome URL Factory"" , SharedUtil . camelCaseToHumanFriendly ( ""AwesomeURLFactory"" ) ) ; assertEquals ( ""Some Uri Action"" , SharedUtil . camelCaseToHumanFriendly ( ""SomeUriAction"" ) ) ; }","public static String camelCaseToHumanFriendly ( String camelCaseString ) { String [ ] parts = splitCamelCase ( camelCaseString ) ; for ( int i = 0 ; i < parts . length ; i ++ ) { parts [ i ] = capitalize ( parts [ i ] ) ; } return join ( parts , "" "" ) ; }",
0,"@ Test public void camelCaseToHumanReadable ( ) { assertEquals ( ""First Name"" , SharedUtil . camelCaseToHumanFriendly ( ""firstName"" ) ) ; assertEquals ( ""First Name"" , SharedUtil . camelCaseToHumanFriendly ( ""first name"" ) ) ; assertEquals ( ""First Name2"" , SharedUtil . camelCaseToHumanFriendly ( ""firstName2"" ) ) ; assertEquals ( ""First"" , SharedUtil . camelCaseToHumanFriendly ( ""first"" ) ) ; assertEquals ( ""First"" , SharedUtil . camelCaseToHumanFriendly ( ""First"" ) ) ; <ASSERTION> ; assertEquals ( ""My Bean Container"" , SharedUtil . camelCaseToHumanFriendly ( ""MyBeanContainer"" ) ) ; assertEquals ( ""Awesome URL Factory"" , SharedUtil . camelCaseToHumanFriendly ( ""AwesomeURLFactory"" ) ) ; assertEquals ( ""Some Uri Action"" , SharedUtil . camelCaseToHumanFriendly ( ""SomeUriAction"" ) ) ; }","public static String camelCaseToHumanFriendly ( String camelCaseString ) { String [ ] parts = splitCamelCase ( camelCaseString ) ; for ( int i = 0 ; i < parts . length ; i ++ ) { parts [ i ] = capitalize ( parts [ i ] ) ; } return join ( parts , "" "" ) ; }",
0,"@ Test public void camelCaseToHumanReadable ( ) { assertEquals ( ""First Name"" , SharedUtil . camelCaseToHumanFriendly ( ""firstName"" ) ) ; assertEquals ( ""First Name"" , SharedUtil . camelCaseToHumanFriendly ( ""first name"" ) ) ; assertEquals ( ""First Name2"" , SharedUtil . camelCaseToHumanFriendly ( ""firstName2"" ) ) ; assertEquals ( ""First"" , SharedUtil . camelCaseToHumanFriendly ( ""first"" ) ) ; assertEquals ( ""First"" , SharedUtil . camelCaseToHumanFriendly ( ""First"" ) ) ; assertEquals ( ""Some XYZ Abbreviation"" , SharedUtil . camelCaseToHumanFriendly ( ""SomeXYZAbbreviation"" ) ) ; <ASSERTION> ; assertEquals ( ""Awesome URL Factory"" , SharedUtil . camelCaseToHumanFriendly ( ""AwesomeURLFactory"" ) ) ; assertEquals ( ""Some Uri Action"" , SharedUtil . camelCaseToHumanFriendly ( ""SomeUriAction"" ) ) ; }","public static String camelCaseToHumanFriendly ( String camelCaseString ) { String [ ] parts = splitCamelCase ( camelCaseString ) ; for ( int i = 0 ; i < parts . length ; i ++ ) { parts [ i ] = capitalize ( parts [ i ] ) ; } return join ( parts , "" "" ) ; }",
0,"@ Test public void camelCaseToHumanReadable ( ) { assertEquals ( ""First Name"" , SharedUtil . camelCaseToHumanFriendly ( ""firstName"" ) ) ; assertEquals ( ""First Name"" , SharedUtil . camelCaseToHumanFriendly ( ""first name"" ) ) ; assertEquals ( ""First Name2"" , SharedUtil . camelCaseToHumanFriendly ( ""firstName2"" ) ) ; assertEquals ( ""First"" , SharedUtil . camelCaseToHumanFriendly ( ""first"" ) ) ; assertEquals ( ""First"" , SharedUtil . camelCaseToHumanFriendly ( ""First"" ) ) ; assertEquals ( ""Some XYZ Abbreviation"" , SharedUtil . camelCaseToHumanFriendly ( ""SomeXYZAbbreviation"" ) ) ; assertEquals ( ""My Bean Container"" , SharedUtil . camelCaseToHumanFriendly ( ""MyBeanContainer"" ) ) ; <ASSERTION> ; assertEquals ( ""Some Uri Action"" , SharedUtil . camelCaseToHumanFriendly ( ""SomeUriAction"" ) ) ; }","public static String camelCaseToHumanFriendly ( String camelCaseString ) { String [ ] parts = splitCamelCase ( camelCaseString ) ; for ( int i = 0 ; i < parts . length ; i ++ ) { parts [ i ] = capitalize ( parts [ i ] ) ; } return join ( parts , "" "" ) ; }",
0,"@ Test public void camelCaseToHumanReadable ( ) { assertEquals ( ""First Name"" , SharedUtil . camelCaseToHumanFriendly ( ""firstName"" ) ) ; assertEquals ( ""First Name"" , SharedUtil . camelCaseToHumanFriendly ( ""first name"" ) ) ; assertEquals ( ""First Name2"" , SharedUtil . camelCaseToHumanFriendly ( ""firstName2"" ) ) ; assertEquals ( ""First"" , SharedUtil . camelCaseToHumanFriendly ( ""first"" ) ) ; assertEquals ( ""First"" , SharedUtil . camelCaseToHumanFriendly ( ""First"" ) ) ; assertEquals ( ""Some XYZ Abbreviation"" , SharedUtil . camelCaseToHumanFriendly ( ""SomeXYZAbbreviation"" ) ) ; assertEquals ( ""My Bean Container"" , SharedUtil . camelCaseToHumanFriendly ( ""MyBeanContainer"" ) ) ; assertEquals ( ""Awesome URL Factory"" , SharedUtil . camelCaseToHumanFriendly ( ""AwesomeURLFactory"" ) ) ; <ASSERTION> ; }","public static String camelCaseToHumanFriendly ( String camelCaseString ) { String [ ] parts = splitCamelCase ( camelCaseString ) ; for ( int i = 0 ; i < parts . length ; i ++ ) { parts [ i ] = capitalize ( parts [ i ] ) ; } return join ( parts , "" "" ) ; }",
0,"@ Test public void isFirstId_freeformActualFirstId_returnsTrue ( ) throws SQLException { SQLContainer container = new SQLContainer ( new FreeformQuery ( ""SELECT * FROM people"" , connectionPool , ""ID"" ) ) ; if ( SQLTestsConstants . db == DB . ORACLE ) { <ASSERTION> ; } else { assertTrue ( container . isFirstId ( new RowId ( new Object [ ] { 0 + offset } ) ) ) ; } }",@ Override public boolean isFirstId ( Object itemId ) { return firstItemId ( ) . equals ( itemId ) ; },
0,"@ Test public void isFirstId_freeformActualFirstId_returnsTrue ( ) throws SQLException { SQLContainer container = new SQLContainer ( new FreeformQuery ( ""SELECT * FROM people"" , connectionPool , ""ID"" ) ) ; if ( SQLTestsConstants . db == DB . ORACLE ) { assertTrue ( container . isFirstId ( new RowId ( new Object [ ] { new BigDecimal ( 0 + offset ) } ) ) ) ; } else { <ASSERTION> ; } }",@ Override public boolean isFirstId ( Object itemId ) { return firstItemId ( ) . equals ( itemId ) ; },
0,"@ Test public void isLastId_freeformLastId_returnsTrue ( ) throws SQLException { SQLContainer container = new SQLContainer ( new FreeformQuery ( ""SELECT * FROM people"" , connectionPool , ""ID"" ) ) ; if ( SQLTestsConstants . db == DB . ORACLE ) { <ASSERTION> ; } else { assertTrue ( container . isLastId ( new RowId ( new Object [ ] { 3 + offset } ) ) ) ; } }",@ Override public boolean isLastId ( Object itemId ) { return lastItemId ( ) . equals ( itemId ) ; },
0,"@ Test public void isLastId_freeformLastId_returnsTrue ( ) throws SQLException { SQLContainer container = new SQLContainer ( new FreeformQuery ( ""SELECT * FROM people"" , connectionPool , ""ID"" ) ) ; if ( SQLTestsConstants . db == DB . ORACLE ) { assertTrue ( container . isLastId ( new RowId ( new Object [ ] { new BigDecimal ( 3 + offset ) } ) ) ) ; } else { <ASSERTION> ; } }",@ Override public boolean isLastId ( Object itemId ) { return lastItemId ( ) . equals ( itemId ) ; },
0,"@ Test public void writeAsyncWithSystemMessages ( ) throws IOException { WrappedSession wrappedSession = mock ( WrappedSession . class ) ; when ( session . getSession ( ) ) . thenReturn ( wrappedSession ) ; disableSessionExpirationMessages ( messages ) ; new MetadataWriter ( ) . write ( ui , writer , false , true , messages ) ; <ASSERTION> ; }","public void write ( UI ui , Writer writer , boolean repaintAll , boolean async , SystemMessages messages ) throws IOException { writer . write ( ""{"" ) ; boolean metaOpen = false ; if ( repaintAll ) { metaOpen = true ; writer . write ( ""\""repaintAll\"":true"" ) ; } if ( async ) { if ( metaOpen ) { writer . write ( "", "" ) ; } metaOpen = true ; writer . write ( ""\""async\"":true"" ) ; } if ( messages != null && messages . getSessionExpiredMessage ( ) == null && messages . getSessionExpiredCaption ( ) == null && messages . isSessionExpiredNotificationEnabled ( ) && ui . getSession ( ) . getSession ( ) != null ) { int newTimeoutInterval = ui . getSession ( ) . getSession ( ) . getMaxInactiveInterval ( ) ; if ( repaintAll || ( timeoutInterval != newTimeoutInterval ) ) { String escapedURL = messages . getSessionExpiredURL ( ) == null ? """" : messages . getSessionExpiredURL ( ) . replace ( ""/"" , ""\\/"" ) ; if ( metaOpen ) { writer . write ( "","" ) ; } writer . write ( ""\""timedRedirect\"":{\""interval\"":"" + ( newTimeoutInterval + 15 ) + "",\""url\"":\"""" + escapedURL + ""\""}"" ) ; metaOpen = true ; } timeoutInterval = newTimeoutInterval ; } writer . write ( ""}"" ) ; }",
0,"@ Test public void testReadKeyFromFile_LicenseFileEmpty ( ) throws Exception { File tmpLicenseFile = File . createTempFile ( ""license"" , ""lic"" ) ; <ASSERTION> ; tmpLicenseFile . delete ( ) ; }","String readKeyFromFile ( URL url , int majorVersion ) throws IOException { String majorVersionStr = String . valueOf ( majorVersion ) ; List < String > lines = IOUtils . readLines ( url . openStream ( ) ) ; String defaultKey = null ; for ( String line : lines ) { String [ ] parts = line . split ( ""\\s*=\\s*"" ) ; if ( parts . length < 2 ) { defaultKey = parts [ 0 ] . trim ( ) ; } if ( parts [ 0 ] . equals ( majorVersionStr ) ) { return parts [ 1 ] . trim ( ) ; } } return defaultKey ; }",
0,"@ Test public void testSimple ( ) { ObjectProperty < TestSuperClass > prop1 = new ObjectProperty < TestSuperClass > ( super1 , TestSuperClass . class ) ; <ASSERTION> ; prop1 = new ObjectProperty < TestSuperClass > ( super1 ) ; assertEquals ( ""super1"" , prop1 . getValue ( ) . getName ( ) ) ; ObjectProperty < TestSubClass > prop2 = new ObjectProperty < TestSubClass > ( sub1 , TestSubClass . class ) ; assertEquals ( ""Subclass: sub1"" , prop2 . getValue ( ) . getName ( ) ) ; prop2 = new ObjectProperty < TestSubClass > ( sub1 ) ; assertEquals ( ""Subclass: sub1"" , prop2 . getValue ( ) . getName ( ) ) ; }",@ Override public T getValue ( ) { return value ; },
0,"@ Test public void testSimple ( ) { ObjectProperty < TestSuperClass > prop1 = new ObjectProperty < TestSuperClass > ( super1 , TestSuperClass . class ) ; assertEquals ( ""super1"" , prop1 . getValue ( ) . getName ( ) ) ; prop1 = new ObjectProperty < TestSuperClass > ( super1 ) ; <ASSERTION> ; ObjectProperty < TestSubClass > prop2 = new ObjectProperty < TestSubClass > ( sub1 , TestSubClass . class ) ; assertEquals ( ""Subclass: sub1"" , prop2 . getValue ( ) . getName ( ) ) ; prop2 = new ObjectProperty < TestSubClass > ( sub1 ) ; assertEquals ( ""Subclass: sub1"" , prop2 . getValue ( ) . getName ( ) ) ; }",@ Override public T getValue ( ) { return value ; },
0,"@ Test public void testSimple ( ) { ObjectProperty < TestSuperClass > prop1 = new ObjectProperty < TestSuperClass > ( super1 , TestSuperClass . class ) ; assertEquals ( ""super1"" , prop1 . getValue ( ) . getName ( ) ) ; prop1 = new ObjectProperty < TestSuperClass > ( super1 ) ; assertEquals ( ""super1"" , prop1 . getValue ( ) . getName ( ) ) ; ObjectProperty < TestSubClass > prop2 = new ObjectProperty < TestSubClass > ( sub1 , TestSubClass . class ) ; <ASSERTION> ; prop2 = new ObjectProperty < TestSubClass > ( sub1 ) ; assertEquals ( ""Subclass: sub1"" , prop2 . getValue ( ) . getName ( ) ) ; }",@ Override public T getValue ( ) { return value ; },
0,"@ Test public void testSimple ( ) { ObjectProperty < TestSuperClass > prop1 = new ObjectProperty < TestSuperClass > ( super1 , TestSuperClass . class ) ; assertEquals ( ""super1"" , prop1 . getValue ( ) . getName ( ) ) ; prop1 = new ObjectProperty < TestSuperClass > ( super1 ) ; assertEquals ( ""super1"" , prop1 . getValue ( ) . getName ( ) ) ; ObjectProperty < TestSubClass > prop2 = new ObjectProperty < TestSubClass > ( sub1 , TestSubClass . class ) ; assertEquals ( ""Subclass: sub1"" , prop2 . getValue ( ) . getName ( ) ) ; prop2 = new ObjectProperty < TestSubClass > ( sub1 ) ; <ASSERTION> ; }",@ Override public T getValue ( ) { return value ; },
0,"@ Test public void testAddAll ( ) { BeanItemContainer < Person > container = new BeanItemContainer < Person > ( Person . class ) ; Person john = new Person ( ""John"" ) ; Person jane = new Person ( ""Jane"" ) ; Person matthew = new Person ( ""Matthew"" ) ; container . addBean ( john ) ; container . addBean ( jane ) ; container . addBean ( matthew ) ; <ASSERTION> ; Person jack = new Person ( ""Jack"" ) ; Person michael = new Person ( ""Michael"" ) ; container . addAll ( Arrays . asList ( jack , michael ) ) ; assertEquals ( 5 , container . size ( ) ) ; assertEquals ( jane , container . nextItemId ( john ) ) ; assertEquals ( matthew , container . nextItemId ( jane ) ) ; assertEquals ( jack , container . nextItemId ( matthew ) ) ; assertEquals ( michael , container . nextItemId ( jack ) ) ; }",@ Override public void addAll ( Collection < ? extends BEANTYPE > collection ) { super . addAll ( collection ) ; },
0,"@ Test public void testAddAll ( ) { BeanItemContainer < Person > container = new BeanItemContainer < Person > ( Person . class ) ; Person john = new Person ( ""John"" ) ; Person jane = new Person ( ""Jane"" ) ; Person matthew = new Person ( ""Matthew"" ) ; container . addBean ( john ) ; container . addBean ( jane ) ; container . addBean ( matthew ) ; assertEquals ( 3 , container . size ( ) ) ; Person jack = new Person ( ""Jack"" ) ; Person michael = new Person ( ""Michael"" ) ; container . addAll ( Arrays . asList ( jack , michael ) ) ; <ASSERTION> ; assertEquals ( jane , container . nextItemId ( john ) ) ; assertEquals ( matthew , container . nextItemId ( jane ) ) ; assertEquals ( jack , container . nextItemId ( matthew ) ) ; assertEquals ( michael , container . nextItemId ( jack ) ) ; }",@ Override public void addAll ( Collection < ? extends BEANTYPE > collection ) { super . addAll ( collection ) ; },
0,"@ Test public void testAddAll ( ) { BeanItemContainer < Person > container = new BeanItemContainer < Person > ( Person . class ) ; Person john = new Person ( ""John"" ) ; Person jane = new Person ( ""Jane"" ) ; Person matthew = new Person ( ""Matthew"" ) ; container . addBean ( john ) ; container . addBean ( jane ) ; container . addBean ( matthew ) ; assertEquals ( 3 , container . size ( ) ) ; Person jack = new Person ( ""Jack"" ) ; Person michael = new Person ( ""Michael"" ) ; container . addAll ( Arrays . asList ( jack , michael ) ) ; assertEquals ( 5 , container . size ( ) ) ; <ASSERTION> ; assertEquals ( matthew , container . nextItemId ( jane ) ) ; assertEquals ( jack , container . nextItemId ( matthew ) ) ; assertEquals ( michael , container . nextItemId ( jack ) ) ; }",@ Override public void addAll ( Collection < ? extends BEANTYPE > collection ) { super . addAll ( collection ) ; },
0,"@ Test public void testAddAll ( ) { BeanItemContainer < Person > container = new BeanItemContainer < Person > ( Person . class ) ; Person john = new Person ( ""John"" ) ; Person jane = new Person ( ""Jane"" ) ; Person matthew = new Person ( ""Matthew"" ) ; container . addBean ( john ) ; container . addBean ( jane ) ; container . addBean ( matthew ) ; assertEquals ( 3 , container . size ( ) ) ; Person jack = new Person ( ""Jack"" ) ; Person michael = new Person ( ""Michael"" ) ; container . addAll ( Arrays . asList ( jack , michael ) ) ; assertEquals ( 5 , container . size ( ) ) ; assertEquals ( jane , container . nextItemId ( john ) ) ; <ASSERTION> ; assertEquals ( jack , container . nextItemId ( matthew ) ) ; assertEquals ( michael , container . nextItemId ( jack ) ) ; }",@ Override public void addAll ( Collection < ? extends BEANTYPE > collection ) { super . addAll ( collection ) ; },
0,"@ Test public void testAddAll ( ) { BeanItemContainer < Person > container = new BeanItemContainer < Person > ( Person . class ) ; Person john = new Person ( ""John"" ) ; Person jane = new Person ( ""Jane"" ) ; Person matthew = new Person ( ""Matthew"" ) ; container . addBean ( john ) ; container . addBean ( jane ) ; container . addBean ( matthew ) ; assertEquals ( 3 , container . size ( ) ) ; Person jack = new Person ( ""Jack"" ) ; Person michael = new Person ( ""Michael"" ) ; container . addAll ( Arrays . asList ( jack , michael ) ) ; assertEquals ( 5 , container . size ( ) ) ; assertEquals ( jane , container . nextItemId ( john ) ) ; assertEquals ( matthew , container . nextItemId ( jane ) ) ; <ASSERTION> ; assertEquals ( michael , container . nextItemId ( jack ) ) ; }",@ Override public void addAll ( Collection < ? extends BEANTYPE > collection ) { super . addAll ( collection ) ; },
0,"@ Test public void testAddAll ( ) { BeanItemContainer < Person > container = new BeanItemContainer < Person > ( Person . class ) ; Person john = new Person ( ""John"" ) ; Person jane = new Person ( ""Jane"" ) ; Person matthew = new Person ( ""Matthew"" ) ; container . addBean ( john ) ; container . addBean ( jane ) ; container . addBean ( matthew ) ; assertEquals ( 3 , container . size ( ) ) ; Person jack = new Person ( ""Jack"" ) ; Person michael = new Person ( ""Michael"" ) ; container . addAll ( Arrays . asList ( jack , michael ) ) ; assertEquals ( 5 , container . size ( ) ) ; assertEquals ( jane , container . nextItemId ( john ) ) ; assertEquals ( matthew , container . nextItemId ( jane ) ) ; assertEquals ( jack , container . nextItemId ( matthew ) ) ; <ASSERTION> ; }",@ Override public void addAll ( Collection < ? extends BEANTYPE > collection ) { super . addAll ( collection ) ; },
0,"@ Test public void emptyAfterClearUsingPDS ( ) { TextField tf = new TextField ( new ObjectProperty < String > ( ""foo"" ) ) ; <ASSERTION> ; tf . clear ( ) ; assertTrue ( tf . isEmpty ( ) ) ; }","@ Override public void clear ( ) { setValue ( """" ) ; }",
0,"@ Test public void emptyAfterClearUsingPDS ( ) { TextField tf = new TextField ( new ObjectProperty < String > ( ""foo"" ) ) ; assertFalse ( tf . isEmpty ( ) ) ; tf . clear ( ) ; <ASSERTION> ; }","@ Override public void clear ( ) { setValue ( """" ) ; }",
0,"@ Test public void testRemoveContainerProperty ( ) { BeanItemContainer < Person > container = new BeanItemContainer < Person > ( Person . class ) ; Person john = new Person ( ""John"" ) ; container . addBean ( john ) ; <ASSERTION> ; assertTrue ( container . removeContainerProperty ( ""name"" ) ) ; assertNull ( container . getContainerProperty ( john , ""name"" ) ) ; assertNotNull ( container . getItem ( john ) ) ; assertNull ( container . getItem ( john ) . getItemProperty ( ""name"" ) ) ; }",@ Override public BeanItem < BEANTYPE > addBean ( BEANTYPE bean ) { return addItem ( bean ) ; },
0,"@ Test public void testRemoveContainerProperty ( ) { BeanItemContainer < Person > container = new BeanItemContainer < Person > ( Person . class ) ; Person john = new Person ( ""John"" ) ; container . addBean ( john ) ; assertEquals ( ""John"" , container . getContainerProperty ( john , ""name"" ) . getValue ( ) ) ; <ASSERTION> ; assertNull ( container . getContainerProperty ( john , ""name"" ) ) ; assertNotNull ( container . getItem ( john ) ) ; assertNull ( container . getItem ( john ) . getItemProperty ( ""name"" ) ) ; }",@ Override public BeanItem < BEANTYPE > addBean ( BEANTYPE bean ) { return addItem ( bean ) ; },
0,"@ Test public void testRemoveContainerProperty ( ) { BeanItemContainer < Person > container = new BeanItemContainer < Person > ( Person . class ) ; Person john = new Person ( ""John"" ) ; container . addBean ( john ) ; assertEquals ( ""John"" , container . getContainerProperty ( john , ""name"" ) . getValue ( ) ) ; assertTrue ( container . removeContainerProperty ( ""name"" ) ) ; <ASSERTION> ; assertNotNull ( container . getItem ( john ) ) ; assertNull ( container . getItem ( john ) . getItemProperty ( ""name"" ) ) ; }",@ Override public BeanItem < BEANTYPE > addBean ( BEANTYPE bean ) { return addItem ( bean ) ; },
0,"@ Test public void testRemoveContainerProperty ( ) { BeanItemContainer < Person > container = new BeanItemContainer < Person > ( Person . class ) ; Person john = new Person ( ""John"" ) ; container . addBean ( john ) ; assertEquals ( ""John"" , container . getContainerProperty ( john , ""name"" ) . getValue ( ) ) ; assertTrue ( container . removeContainerProperty ( ""name"" ) ) ; assertNull ( container . getContainerProperty ( john , ""name"" ) ) ; <ASSERTION> ; assertNull ( container . getItem ( john ) . getItemProperty ( ""name"" ) ) ; }",@ Override public BeanItem < BEANTYPE > addBean ( BEANTYPE bean ) { return addItem ( bean ) ; },
0,"@ Test public void testRemoveContainerProperty ( ) { BeanItemContainer < Person > container = new BeanItemContainer < Person > ( Person . class ) ; Person john = new Person ( ""John"" ) ; container . addBean ( john ) ; assertEquals ( ""John"" , container . getContainerProperty ( john , ""name"" ) . getValue ( ) ) ; assertTrue ( container . removeContainerProperty ( ""name"" ) ) ; assertNull ( container . getContainerProperty ( john , ""name"" ) ) ; assertNotNull ( container . getItem ( john ) ) ; <ASSERTION> ; }",@ Override public BeanItem < BEANTYPE > addBean ( BEANTYPE bean ) { return addItem ( bean ) ; },
0,"@ Test public void defaultValueForPortletPreferenceIsNull ( ) { when ( preferences . getValue ( anyString ( ) , isNull ( String . class ) ) ) . thenReturn ( null ) ; String value = sut . getPortletPreference ( ""foo"" ) ; <ASSERTION> ; }","public String getPortletPreference ( String name ) { PortletRequest request = getRequest ( ) ; PortletPreferences preferences = request . getPreferences ( ) ; return preferences . getValue ( name , null ) ; }",
0,"@ Test public void testReadKeyFromFile_RequestedVersionMissing ( ) throws Exception { File tmpLicenseFile = File . createTempFile ( ""license"" , ""lic"" ) ; PrintWriter out = new PrintWriter ( tmpLicenseFile ) ; out . println ( ""4 = this-is-a-license"" ) ; out . println ( ""5 = this-is-another-license"" ) ; out . close ( ) ; <ASSERTION> ; tmpLicenseFile . delete ( ) ; }","String readKeyFromFile ( URL url , int majorVersion ) throws IOException { String majorVersionStr = String . valueOf ( majorVersion ) ; List < String > lines = IOUtils . readLines ( url . openStream ( ) ) ; String defaultKey = null ; for ( String line : lines ) { String [ ] parts = line . split ( ""\\s*=\\s*"" ) ; if ( parts . length < 2 ) { defaultKey = parts [ 0 ] . trim ( ) ; } if ( parts [ 0 ] . equals ( majorVersionStr ) ) { return parts [ 1 ] . trim ( ) ; } } return defaultKey ; }",
0,@ Test public void initiallyEmpty ( ) { RichTextArea tf = new RichTextArea ( ) ; <ASSERTION> ; },@ Override public boolean isEmpty ( ) { return super . isEmpty ( ) || getValue ( ) . length ( ) == 0 ; },
0,"@ Test public void writeRedirectWithActiveSession ( ) throws Exception { WrappedSession wrappedSession = mock ( WrappedSession . class ) ; when ( session . getSession ( ) ) . thenReturn ( wrappedSession ) ; disableSessionExpirationMessages ( messages ) ; new MetadataWriter ( ) . write ( ui , writer , false , false , messages ) ; <ASSERTION> ; }","public void write ( UI ui , Writer writer , boolean repaintAll , boolean async , SystemMessages messages ) throws IOException { writer . write ( ""{"" ) ; boolean metaOpen = false ; if ( repaintAll ) { metaOpen = true ; writer . write ( ""\""repaintAll\"":true"" ) ; } if ( async ) { if ( metaOpen ) { writer . write ( "", "" ) ; } metaOpen = true ; writer . write ( ""\""async\"":true"" ) ; } if ( messages != null && messages . getSessionExpiredMessage ( ) == null && messages . getSessionExpiredCaption ( ) == null && messages . isSessionExpiredNotificationEnabled ( ) && ui . getSession ( ) . getSession ( ) != null ) { int newTimeoutInterval = ui . getSession ( ) . getSession ( ) . getMaxInactiveInterval ( ) ; if ( repaintAll || ( timeoutInterval != newTimeoutInterval ) ) { String escapedURL = messages . getSessionExpiredURL ( ) == null ? """" : messages . getSessionExpiredURL ( ) . replace ( ""/"" , ""\\/"" ) ; if ( metaOpen ) { writer . write ( "","" ) ; } writer . write ( ""\""timedRedirect\"":{\""interval\"":"" + ( newTimeoutInterval + 15 ) + "",\""url\"":\"""" + escapedURL + ""\""}"" ) ; metaOpen = true ; } timeoutInterval = newTimeoutInterval ; } writer . write ( ""}"" ) ; }",
0,"@ Test public void testAddNestedContainerProperty ( ) { BeanItemContainer < NestedMethodPropertyTest . Person > container = new BeanItemContainer < NestedMethodPropertyTest . Person > ( NestedMethodPropertyTest . Person . class ) ; NestedMethodPropertyTest . Person john = new NestedMethodPropertyTest . Person ( ""John"" , new NestedMethodPropertyTest . Address ( ""Ruukinkatu 2-4"" , 20540 ) ) ; container . addBean ( john ) ; <ASSERTION> ; assertEquals ( ""Ruukinkatu 2-4"" , container . getContainerProperty ( john , ""address.street"" ) . getValue ( ) ) ; }",@ Override public BeanItem < BEANTYPE > addBean ( BEANTYPE bean ) { return addItem ( bean ) ; },
0,"@ Test public void testAddNestedContainerProperty ( ) { BeanItemContainer < NestedMethodPropertyTest . Person > container = new BeanItemContainer < NestedMethodPropertyTest . Person > ( NestedMethodPropertyTest . Person . class ) ; NestedMethodPropertyTest . Person john = new NestedMethodPropertyTest . Person ( ""John"" , new NestedMethodPropertyTest . Address ( ""Ruukinkatu 2-4"" , 20540 ) ) ; container . addBean ( john ) ; assertTrue ( container . addNestedContainerProperty ( ""address.street"" ) ) ; <ASSERTION> ; }",@ Override public BeanItem < BEANTYPE > addBean ( BEANTYPE bean ) { return addItem ( bean ) ; },
0,"@ Test public void getCount_normalState_releasesConnection ( ) throws SQLException { TableQuery tQuery = new TableQuery ( ""people"" , connectionPool , SQLTestsConstants . sqlGen ) ; tQuery . getCount ( ) ; tQuery . getCount ( ) ; Connection c = connectionPool . reserveConnection ( ) ; <ASSERTION> ; connectionPool . releaseConnection ( c ) ; }","@ Override public int getCount ( ) throws SQLException { getLogger ( ) . log ( Level . FINE , ""Fetching count..."" ) ; StatementHelper sh = sqlGenerator . generateSelectQuery ( getFullTableName ( ) , filters , null , 0 , 0 , ""COUNT(*)"" ) ; boolean shouldCloseTransaction = false ; if ( ! isInTransaction ( ) ) { shouldCloseTransaction = true ; beginTransaction ( ) ; } ResultSet r = null ; int count = - 1 ; try { r = executeQuery ( sh ) ; r . next ( ) ; count = r . getInt ( 1 ) ; } finally { try { if ( r != null ) { releaseConnection ( null , r . getStatement ( ) , r ) ; } } finally { if ( shouldCloseTransaction ) { commit ( ) ; } } } return count ; }",
0,"@ Test public void addItem_freeformAddOneNewItem_returnsItemId ( ) throws SQLException { SQLContainer container = new SQLContainer ( new FreeformQuery ( ""SELECT * FROM people"" , connectionPool , ""ID"" ) ) ; Object itemId = container . addItem ( ) ; <ASSERTION> ; }","@ Override public Object addItem ( ) throws UnsupportedOperationException { Object emptyKey [ ] = new Object [ queryDelegate . getPrimaryKeyColumns ( ) . size ( ) ] ; RowId itemId = new TemporaryRowId ( emptyKey ) ; List < ColumnProperty > itemProperties = new ArrayList < ColumnProperty > ( ) ; for ( String propertyId : propertyIds ) { ColumnProperty cp = new ColumnProperty ( propertyId , propertyReadOnly . get ( propertyId ) , propertyPersistable . get ( propertyId ) , propertyNullable . get ( propertyId ) , propertyPrimaryKey . get ( propertyId ) , null , getType ( propertyId ) ) ; itemProperties . add ( cp ) ; } RowItem newRowItem = new RowItem ( this , itemId , itemProperties ) ; if ( autoCommit ) { try { if ( queryDelegate instanceof TableQuery ) { itemId = ( ( TableQuery ) queryDelegate ) . storeRowImmediately ( newRowItem ) ; } else { queryDelegate . beginTransaction ( ) ; queryDelegate . storeRow ( newRowItem ) ; queryDelegate . commit ( ) ; } refresh ( ) ; if ( notificationsEnabled ) { CacheFlushNotifier . notifyOfCacheFlush ( this ) ; } getLogger ( ) . log ( Level . FINER , ""Row added to DB..."" ) ; return itemId ; } catch ( SQLException e ) { getLogger ( ) . log ( Level . WARNING , ""Failed to add row to DB. Rolling back."" , e ) ; try { queryDelegate . rollback ( ) ; } catch ( SQLException ee ) { getLogger ( ) . log ( Level . SEVERE , ""Failed to roll back row addition"" , e ) ; } return null ; } } else { addedItems . add ( newRowItem ) ; fireContentsChange ( ) ; return itemId ; } }",
0,"@ Test public void testReadKeyFromFile_FallbackToDefaultKey ( ) throws Exception { File tmpLicenseFile = File . createTempFile ( ""license"" , ""lic"" ) ; PrintWriter out = new PrintWriter ( tmpLicenseFile ) ; out . println ( ""this-is-a-license"" ) ; out . println ( ""5 = this-is-another-license"" ) ; out . close ( ) ; <ASSERTION> ; assertEquals ( ""this-is-a-license"" , licenseChecker . readKeyFromFile ( tmpLicenseFile . toURI ( ) . toURL ( ) , 4 ) ) ; assertEquals ( ""this-is-another-license"" , licenseChecker . readKeyFromFile ( tmpLicenseFile . toURI ( ) . toURL ( ) , 5 ) ) ; tmpLicenseFile . delete ( ) ; }","String readKeyFromFile ( URL url , int majorVersion ) throws IOException { String majorVersionStr = String . valueOf ( majorVersion ) ; List < String > lines = IOUtils . readLines ( url . openStream ( ) ) ; String defaultKey = null ; for ( String line : lines ) { String [ ] parts = line . split ( ""\\s*=\\s*"" ) ; if ( parts . length < 2 ) { defaultKey = parts [ 0 ] . trim ( ) ; } if ( parts [ 0 ] . equals ( majorVersionStr ) ) { return parts [ 1 ] . trim ( ) ; } } return defaultKey ; }",
0,"@ Test public void testReadKeyFromFile_FallbackToDefaultKey ( ) throws Exception { File tmpLicenseFile = File . createTempFile ( ""license"" , ""lic"" ) ; PrintWriter out = new PrintWriter ( tmpLicenseFile ) ; out . println ( ""this-is-a-license"" ) ; out . println ( ""5 = this-is-another-license"" ) ; out . close ( ) ; assertEquals ( ""this-is-a-license"" , licenseChecker . readKeyFromFile ( tmpLicenseFile . toURI ( ) . toURL ( ) , 3 ) ) ; <ASSERTION> ; assertEquals ( ""this-is-another-license"" , licenseChecker . readKeyFromFile ( tmpLicenseFile . toURI ( ) . toURL ( ) , 5 ) ) ; tmpLicenseFile . delete ( ) ; }","String readKeyFromFile ( URL url , int majorVersion ) throws IOException { String majorVersionStr = String . valueOf ( majorVersion ) ; List < String > lines = IOUtils . readLines ( url . openStream ( ) ) ; String defaultKey = null ; for ( String line : lines ) { String [ ] parts = line . split ( ""\\s*=\\s*"" ) ; if ( parts . length < 2 ) { defaultKey = parts [ 0 ] . trim ( ) ; } if ( parts [ 0 ] . equals ( majorVersionStr ) ) { return parts [ 1 ] . trim ( ) ; } } return defaultKey ; }",
0,"@ Test public void testReadKeyFromFile_FallbackToDefaultKey ( ) throws Exception { File tmpLicenseFile = File . createTempFile ( ""license"" , ""lic"" ) ; PrintWriter out = new PrintWriter ( tmpLicenseFile ) ; out . println ( ""this-is-a-license"" ) ; out . println ( ""5 = this-is-another-license"" ) ; out . close ( ) ; assertEquals ( ""this-is-a-license"" , licenseChecker . readKeyFromFile ( tmpLicenseFile . toURI ( ) . toURL ( ) , 3 ) ) ; assertEquals ( ""this-is-a-license"" , licenseChecker . readKeyFromFile ( tmpLicenseFile . toURI ( ) . toURL ( ) , 4 ) ) ; <ASSERTION> ; tmpLicenseFile . delete ( ) ; }","String readKeyFromFile ( URL url , int majorVersion ) throws IOException { String majorVersionStr = String . valueOf ( majorVersion ) ; List < String > lines = IOUtils . readLines ( url . openStream ( ) ) ; String defaultKey = null ; for ( String line : lines ) { String [ ] parts = line . split ( ""\\s*=\\s*"" ) ; if ( parts . length < 2 ) { defaultKey = parts [ 0 ] . trim ( ) ; } if ( parts [ 0 ] . equals ( majorVersionStr ) ) { return parts [ 1 ] . trim ( ) ; } } return defaultKey ; }",
0,"@ Test public void containsRowWithKeys_simpleQueryWithNonexistingKeys_returnsTrue ( ) throws SQLException { FreeformQuery query = new FreeformQuery ( ""SELECT * FROM people"" , Arrays . asList ( ""ID"" ) , connectionPool ) ; <ASSERTION> ; }","@ Override @ SuppressWarnings ( ""deprecation"" ) public boolean containsRowWithKey ( Object ... keys ) throws SQLException { String query = null ; boolean contains = false ; if ( delegate != null ) { if ( delegate instanceof FreeformStatementDelegate ) { try { StatementHelper sh = ( ( FreeformStatementDelegate ) delegate ) . getContainsRowQueryStatement ( keys ) ; PreparedStatement pstmt = null ; ResultSet rs = null ; Connection c = getConnection ( ) ; try { pstmt = c . prepareStatement ( sh . getQueryString ( ) ) ; sh . setParameterValuesToStatement ( pstmt ) ; rs = pstmt . executeQuery ( ) ; contains = rs . next ( ) ; return contains ; } finally { releaseConnection ( c , pstmt , rs ) ; } } catch ( UnsupportedOperationException e ) { } } try { query = delegate . getContainsRowQueryString ( keys ) ; } catch ( UnsupportedOperationException e ) { query = modifyWhereClause ( keys ) ; } } else { query = modifyWhereClause ( keys ) ; } Statement statement = null ; ResultSet rs = null ; Connection conn = getConnection ( ) ; try { statement = conn . createStatement ( ) ; rs = statement . executeQuery ( query ) ; contains = rs . next ( ) ; } finally { releaseConnection ( conn , statement , rs ) ; } return contains ; }",
0,"@ Test public void neverWritableColumnsShouldNotBeInValueMap_shouldReturnFalse ( ) { ColumnProperty property = new ColumnProperty ( ""NAME"" , true , false , true , false , ""Ville"" , String . class ) ; <ASSERTION> ; }",public boolean isPersistent ( ) { if ( isVersionColumn ( ) ) { return false ; } else if ( isReadOnlyChangeAllowed ( ) && ! isReadOnly ( ) ) { return true ; } else { return false ; } },
0,@ Test public void reserveConnection_reserveNewConnection_returnsConnection ( ) throws SQLException { Connection conn = connectionPool . reserveConnection ( ) ; <ASSERTION> ; },"@ Override public synchronized Connection reserveConnection ( ) throws SQLException { if ( ! initialized ) { initializeConnections ( ) ; } if ( availableConnections . isEmpty ( ) ) { if ( reservedConnections . size ( ) < maxConnections ) { availableConnections . add ( createConnection ( ) ) ; } else { throw new SQLException ( ""Connection limit has been reached."" ) ; } } Connection c = availableConnections . iterator ( ) . next ( ) ; availableConnections . remove ( c ) ; reservedConnections . add ( c ) ; return c ; }",
0,@ Test public void equals_compareWithOtherType_shouldBeFalse ( ) { ReadOnlyRowId rid = new ReadOnlyRowId ( 1337 ) ; <ASSERTION> ; },@ Override public boolean equals ( Object obj ) { if ( obj == null || ! ( ReadOnlyRowId . class . equals ( obj . getClass ( ) ) ) ) { return false ; } return getRowNum ( ) == ( ( ( ReadOnlyRowId ) obj ) . getRowNum ( ) ) ; },
0,"@ Test public void testAppliesToProperty ( ) { SimpleStringFilter filter = f ( PROPERTY1 , ""ab"" , false , true ) ; <ASSERTION> ; assertFalse ( filter . appliesToProperty ( PROPERTY2 ) ) ; assertFalse ( filter . appliesToProperty ( ""other"" ) ) ; }",@ Override public boolean appliesToProperty ( Object propertyId ) { return this . propertyId . equals ( propertyId ) ; },
0,"@ Test public void testAppliesToProperty ( ) { SimpleStringFilter filter = f ( PROPERTY1 , ""ab"" , false , true ) ; assertTrue ( filter . appliesToProperty ( PROPERTY1 ) ) ; <ASSERTION> ; assertFalse ( filter . appliesToProperty ( ""other"" ) ) ; }",@ Override public boolean appliesToProperty ( Object propertyId ) { return this . propertyId . equals ( propertyId ) ; },
0,"@ Test public void testAppliesToProperty ( ) { SimpleStringFilter filter = f ( PROPERTY1 , ""ab"" , false , true ) ; assertTrue ( filter . appliesToProperty ( PROPERTY1 ) ) ; assertFalse ( filter . appliesToProperty ( PROPERTY2 ) ) ; <ASSERTION> ; }",@ Override public boolean appliesToProperty ( Object propertyId ) { return this . propertyId . equals ( propertyId ) ; },
0,"@ Test public void hashCode_differentPrimaryKeys_differentResult ( ) { RowId id = new RowId ( new Object [ ] { ""id"" , ""name"" } ) ; RowId id2 = new RowId ( new Object [ ] { ""id"" } ) ; <ASSERTION> ; }",@ Override public int hashCode ( ) { return Arrays . hashCode ( getId ( ) ) ; },
0,"@ Test public void getValue_defaultValue_returnsVille ( ) { ColumnProperty cp = new ColumnProperty ( ""NAME"" , false , true , true , false , ""Ville"" , String . class ) ; <ASSERTION> ; }",@ Override public Object getValue ( ) { if ( isModified ( ) ) { return changedValue ; } return value ; },
0,"@ Test public void containsRowWithKeys_existingKeys_returnsTrue ( ) throws SQLException { TableQuery tQuery = new TableQuery ( ""people"" , connectionPool , SQLTestsConstants . sqlGen ) ; <ASSERTION> ; }","@ Override public boolean containsRowWithKey ( Object ... keys ) throws SQLException { ArrayList < Filter > filtersAndKeys = new ArrayList < Filter > ( ) ; if ( filters != null ) { filtersAndKeys . addAll ( filters ) ; } int ix = 0 ; for ( String colName : primaryKeyColumns ) { filtersAndKeys . add ( new Equal ( colName , keys [ ix ] ) ) ; ix ++ ; } StatementHelper sh = sqlGenerator . generateSelectQuery ( getFullTableName ( ) , filtersAndKeys , orderBys , 0 , 0 , ""*"" ) ; boolean shouldCloseTransaction = false ; if ( ! isInTransaction ( ) ) { shouldCloseTransaction = true ; beginTransaction ( ) ; } ResultSet rs = null ; try { rs = executeQuery ( sh ) ; boolean contains = rs . next ( ) ; return contains ; } finally { try { if ( rs != null ) { releaseConnection ( null , rs . getStatement ( ) , rs ) ; } } finally { if ( shouldCloseTransaction ) { commit ( ) ; } } } }",
0,"@ Test public void join ( ) { String s1 = ""foo-bar-baz"" ; String s2 = ""foo--bar"" ; <ASSERTION> ; assertEquals ( ""foo!bar!baz"" , SharedUtil . join ( s1 . split ( ""-"" ) , ""!"" ) ) ; assertEquals ( ""foo!!bar!!baz"" , SharedUtil . join ( s1 . split ( ""-"" ) , ""!!"" ) ) ; assertEquals ( ""foo##bar"" , SharedUtil . join ( s2 . split ( ""-"" ) , ""#"" ) ) ; }","public static String join ( String [ ] parts , String separator ) { StringBuilder sb = new StringBuilder ( ) ; for ( int i = 0 ; i < parts . length ; i ++ ) { sb . append ( parts [ i ] ) ; sb . append ( separator ) ; } return sb . substring ( 0 , sb . length ( ) - separator . length ( ) ) ; }",
0,"@ Test public void join ( ) { String s1 = ""foo-bar-baz"" ; String s2 = ""foo--bar"" ; assertEquals ( ""foobarbaz"" , SharedUtil . join ( s1 . split ( ""-"" ) , """" ) ) ; <ASSERTION> ; assertEquals ( ""foo!!bar!!baz"" , SharedUtil . join ( s1 . split ( ""-"" ) , ""!!"" ) ) ; assertEquals ( ""foo##bar"" , SharedUtil . join ( s2 . split ( ""-"" ) , ""#"" ) ) ; }","public static String join ( String [ ] parts , String separator ) { StringBuilder sb = new StringBuilder ( ) ; for ( int i = 0 ; i < parts . length ; i ++ ) { sb . append ( parts [ i ] ) ; sb . append ( separator ) ; } return sb . substring ( 0 , sb . length ( ) - separator . length ( ) ) ; }",
0,"@ Test public void join ( ) { String s1 = ""foo-bar-baz"" ; String s2 = ""foo--bar"" ; assertEquals ( ""foobarbaz"" , SharedUtil . join ( s1 . split ( ""-"" ) , """" ) ) ; assertEquals ( ""foo!bar!baz"" , SharedUtil . join ( s1 . split ( ""-"" ) , ""!"" ) ) ; <ASSERTION> ; assertEquals ( ""foo##bar"" , SharedUtil . join ( s2 . split ( ""-"" ) , ""#"" ) ) ; }","public static String join ( String [ ] parts , String separator ) { StringBuilder sb = new StringBuilder ( ) ; for ( int i = 0 ; i < parts . length ; i ++ ) { sb . append ( parts [ i ] ) ; sb . append ( separator ) ; } return sb . substring ( 0 , sb . length ( ) - separator . length ( ) ) ; }",
0,"@ Test public void join ( ) { String s1 = ""foo-bar-baz"" ; String s2 = ""foo--bar"" ; assertEquals ( ""foobarbaz"" , SharedUtil . join ( s1 . split ( ""-"" ) , """" ) ) ; assertEquals ( ""foo!bar!baz"" , SharedUtil . join ( s1 . split ( ""-"" ) , ""!"" ) ) ; assertEquals ( ""foo!!bar!!baz"" , SharedUtil . join ( s1 . split ( ""-"" ) , ""!!"" ) ) ; <ASSERTION> ; }","public static String join ( String [ ] parts , String separator ) { StringBuilder sb = new StringBuilder ( ) ; for ( int i = 0 ; i < parts . length ; i ++ ) { sb . append ( parts [ i ] ) ; sb . append ( separator ) ; } return sb . substring ( 0 , sb . length ( ) - separator . length ( ) ) ; }",
0,"@ Test public void writableButReadOnlyColumnsShouldNotBeInValueMap_shouldReturnFalse ( ) { ColumnProperty property = new ColumnProperty ( ""NAME"" , true , true , true , false , ""Ville"" , String . class ) ; <ASSERTION> ; }",public boolean isPersistent ( ) { if ( isVersionColumn ( ) ) { return false ; } else if ( isReadOnlyChangeAllowed ( ) && ! isReadOnly ( ) ) { return true ; } else { return false ; } },
0,"@ Test public void propertyTypeWithoutItem ( ) { BeanFieldGroup < Sub2 > s = new BeanFieldGroup < BeanFieldGroupTest . Sub2 > ( Sub2 . class ) ; <ASSERTION> ; assertEquals ( Integer . class , s . getPropertyType ( ""sub1Field"" ) ) ; assertEquals ( String . class , s . getPropertyType ( ""mainField"" ) ) ; }","@ Override protected Class < ? > getPropertyType ( Object propertyId ) { if ( getItemDataSource ( ) != null ) { return super . getPropertyType ( propertyId ) ; } else { try { Class < ? > type = BeanUtil . getPropertyType ( beanType , propertyId . toString ( ) ) ; if ( type == null ) { throw new BindException ( ""Cannot determine type of propertyId '"" + propertyId + ""'. The propertyId was not found in "" + beanType . getName ( ) ) ; } return type ; } catch ( IntrospectionException e ) { throw new BindException ( ""Cannot determine type of propertyId '"" + propertyId + ""'. Unable to introspect "" + beanType , e ) ; } } }",
0,"@ Test public void propertyTypeWithoutItem ( ) { BeanFieldGroup < Sub2 > s = new BeanFieldGroup < BeanFieldGroupTest . Sub2 > ( Sub2 . class ) ; assertEquals ( boolean . class , s . getPropertyType ( ""sub2field"" ) ) ; <ASSERTION> ; assertEquals ( String . class , s . getPropertyType ( ""mainField"" ) ) ; }","@ Override protected Class < ? > getPropertyType ( Object propertyId ) { if ( getItemDataSource ( ) != null ) { return super . getPropertyType ( propertyId ) ; } else { try { Class < ? > type = BeanUtil . getPropertyType ( beanType , propertyId . toString ( ) ) ; if ( type == null ) { throw new BindException ( ""Cannot determine type of propertyId '"" + propertyId + ""'. The propertyId was not found in "" + beanType . getName ( ) ) ; } return type ; } catch ( IntrospectionException e ) { throw new BindException ( ""Cannot determine type of propertyId '"" + propertyId + ""'. Unable to introspect "" + beanType , e ) ; } } }",
0,"@ Test public void propertyTypeWithoutItem ( ) { BeanFieldGroup < Sub2 > s = new BeanFieldGroup < BeanFieldGroupTest . Sub2 > ( Sub2 . class ) ; assertEquals ( boolean . class , s . getPropertyType ( ""sub2field"" ) ) ; assertEquals ( Integer . class , s . getPropertyType ( ""sub1Field"" ) ) ; <ASSERTION> ; }","@ Override protected Class < ? > getPropertyType ( Object propertyId ) { if ( getItemDataSource ( ) != null ) { return super . getPropertyType ( propertyId ) ; } else { try { Class < ? > type = BeanUtil . getPropertyType ( beanType , propertyId . toString ( ) ) ; if ( type == null ) { throw new BindException ( ""Cannot determine type of propertyId '"" + propertyId + ""'. The propertyId was not found in "" + beanType . getName ( ) ) ; } return type ; } catch ( IntrospectionException e ) { throw new BindException ( ""Cannot determine type of propertyId '"" + propertyId + ""'. Unable to introspect "" + beanType , e ) ; } } }",
0,"@ Test public void testItemRemovedEvent_RemovedItem ( ) { BeanItemContainer < Person > container = new BeanItemContainer < Person > ( Person . class ) ; Person bean = new Person ( ""John"" ) ; container . addItem ( bean ) ; ItemSetChangeListener removeListener = createListenerMockFor ( container ) ; Capture < ItemRemoveEvent > capturedEvent = captureRemoveEvent ( removeListener ) ; EasyMock . replay ( removeListener ) ; container . removeItem ( bean ) ; <ASSERTION> ; }","@ Override @ SuppressWarnings ( ""unchecked"" ) public BeanItem < BEANTYPE > addItem ( Object itemId ) { return super . addBean ( ( BEANTYPE ) itemId ) ; }",
0,"@ Test public void getPageLength_freeform_returnsDefault100 ( ) throws SQLException { SQLContainer container = new SQLContainer ( new FreeformQuery ( ""SELECT * FROM people"" , connectionPool , ""ID"" ) ) ; <ASSERTION> ; }",public int getPageLength ( ) { return pageLength ; },Returns the currently set page length. @return current page length
0,"@ Test public void testReadKeyFromFile_FallbackToDefaultKeyReversed ( ) throws Exception { File tmpLicenseFile = File . createTempFile ( ""license"" , ""lic"" ) ; PrintWriter out = new PrintWriter ( tmpLicenseFile ) ; out . println ( ""5 = this-is-another-license"" ) ; out . println ( ""this-is-a-license"" ) ; out . close ( ) ; <ASSERTION> ; assertEquals ( ""this-is-a-license"" , licenseChecker . readKeyFromFile ( tmpLicenseFile . toURI ( ) . toURL ( ) , 4 ) ) ; assertEquals ( ""this-is-another-license"" , licenseChecker . readKeyFromFile ( tmpLicenseFile . toURI ( ) . toURL ( ) , 5 ) ) ; tmpLicenseFile . delete ( ) ; }","String readKeyFromFile ( URL url , int majorVersion ) throws IOException { String majorVersionStr = String . valueOf ( majorVersion ) ; List < String > lines = IOUtils . readLines ( url . openStream ( ) ) ; String defaultKey = null ; for ( String line : lines ) { String [ ] parts = line . split ( ""\\s*=\\s*"" ) ; if ( parts . length < 2 ) { defaultKey = parts [ 0 ] . trim ( ) ; } if ( parts [ 0 ] . equals ( majorVersionStr ) ) { return parts [ 1 ] . trim ( ) ; } } return defaultKey ; }",
0,"@ Test public void testReadKeyFromFile_FallbackToDefaultKeyReversed ( ) throws Exception { File tmpLicenseFile = File . createTempFile ( ""license"" , ""lic"" ) ; PrintWriter out = new PrintWriter ( tmpLicenseFile ) ; out . println ( ""5 = this-is-another-license"" ) ; out . println ( ""this-is-a-license"" ) ; out . close ( ) ; assertEquals ( ""this-is-a-license"" , licenseChecker . readKeyFromFile ( tmpLicenseFile . toURI ( ) . toURL ( ) , 3 ) ) ; <ASSERTION> ; assertEquals ( ""this-is-another-license"" , licenseChecker . readKeyFromFile ( tmpLicenseFile . toURI ( ) . toURL ( ) , 5 ) ) ; tmpLicenseFile . delete ( ) ; }","String readKeyFromFile ( URL url , int majorVersion ) throws IOException { String majorVersionStr = String . valueOf ( majorVersion ) ; List < String > lines = IOUtils . readLines ( url . openStream ( ) ) ; String defaultKey = null ; for ( String line : lines ) { String [ ] parts = line . split ( ""\\s*=\\s*"" ) ; if ( parts . length < 2 ) { defaultKey = parts [ 0 ] . trim ( ) ; } if ( parts [ 0 ] . equals ( majorVersionStr ) ) { return parts [ 1 ] . trim ( ) ; } } return defaultKey ; }",
0,"@ Test public void testReadKeyFromFile_FallbackToDefaultKeyReversed ( ) throws Exception { File tmpLicenseFile = File . createTempFile ( ""license"" , ""lic"" ) ; PrintWriter out = new PrintWriter ( tmpLicenseFile ) ; out . println ( ""5 = this-is-another-license"" ) ; out . println ( ""this-is-a-license"" ) ; out . close ( ) ; assertEquals ( ""this-is-a-license"" , licenseChecker . readKeyFromFile ( tmpLicenseFile . toURI ( ) . toURL ( ) , 3 ) ) ; assertEquals ( ""this-is-a-license"" , licenseChecker . readKeyFromFile ( tmpLicenseFile . toURI ( ) . toURL ( ) , 4 ) ) ; <ASSERTION> ; tmpLicenseFile . delete ( ) ; }","String readKeyFromFile ( URL url , int majorVersion ) throws IOException { String majorVersionStr = String . valueOf ( majorVersion ) ; List < String > lines = IOUtils . readLines ( url . openStream ( ) ) ; String defaultKey = null ; for ( String line : lines ) { String [ ] parts = line . split ( ""\\s*=\\s*"" ) ; if ( parts . length < 2 ) { defaultKey = parts [ 0 ] . trim ( ) ; } if ( parts [ 0 ] . equals ( majorVersionStr ) ) { return parts [ 1 ] . trim ( ) ; } } return defaultKey ; }",
0,"@ Test public void containsRowWithKeys_simpleQueryWithExistingKeys_returnsTrue ( ) throws SQLException { FreeformQuery query = new FreeformQuery ( ""SELECT * FROM people"" , Arrays . asList ( ""ID"" ) , connectionPool ) ; <ASSERTION> ; }","@ Override @ SuppressWarnings ( ""deprecation"" ) public boolean containsRowWithKey ( Object ... keys ) throws SQLException { String query = null ; boolean contains = false ; if ( delegate != null ) { if ( delegate instanceof FreeformStatementDelegate ) { try { StatementHelper sh = ( ( FreeformStatementDelegate ) delegate ) . getContainsRowQueryStatement ( keys ) ; PreparedStatement pstmt = null ; ResultSet rs = null ; Connection c = getConnection ( ) ; try { pstmt = c . prepareStatement ( sh . getQueryString ( ) ) ; sh . setParameterValuesToStatement ( pstmt ) ; rs = pstmt . executeQuery ( ) ; contains = rs . next ( ) ; return contains ; } finally { releaseConnection ( c , pstmt , rs ) ; } } catch ( UnsupportedOperationException e ) { } } try { query = delegate . getContainsRowQueryString ( keys ) ; } catch ( UnsupportedOperationException e ) { query = modifyWhereClause ( keys ) ; } } else { query = modifyWhereClause ( keys ) ; } Statement statement = null ; ResultSet rs = null ; Connection conn = getConnection ( ) ; try { statement = conn . createStatement ( ) ; rs = statement . executeQuery ( query ) ; contains = rs . next ( ) ; } finally { releaseConnection ( conn , statement , rs ) ; } return contains ; }",
0,"@ Test public void containsRowWithKeys_simpleQueryWithInvalidKeys_shouldFail ( ) throws SQLException { FreeformQuery query = new FreeformQuery ( ""SELECT * FROM people"" , Arrays . asList ( ""ID"" ) , connectionPool ) ; <ASSERTION> ; }","@ Override @ SuppressWarnings ( ""deprecation"" ) public boolean containsRowWithKey ( Object ... keys ) throws SQLException { String query = null ; boolean contains = false ; if ( delegate != null ) { if ( delegate instanceof FreeformStatementDelegate ) { try { StatementHelper sh = ( ( FreeformStatementDelegate ) delegate ) . getContainsRowQueryStatement ( keys ) ; PreparedStatement pstmt = null ; ResultSet rs = null ; Connection c = getConnection ( ) ; try { pstmt = c . prepareStatement ( sh . getQueryString ( ) ) ; sh . setParameterValuesToStatement ( pstmt ) ; rs = pstmt . executeQuery ( ) ; contains = rs . next ( ) ; return contains ; } finally { releaseConnection ( c , pstmt , rs ) ; } } catch ( UnsupportedOperationException e ) { } } try { query = delegate . getContainsRowQueryString ( keys ) ; } catch ( UnsupportedOperationException e ) { query = modifyWhereClause ( keys ) ; } } else { query = modifyWhereClause ( keys ) ; } Statement statement = null ; ResultSet rs = null ; Connection conn = getConnection ( ) ; try { statement = conn . createStatement ( ) ; rs = statement . executeQuery ( query ) ; contains = rs . next ( ) ; } finally { releaseConnection ( conn , statement , rs ) ; } return contains ; }",
0,"@ Test public void testItemAddedEvent_someItemsAreFiltered_amountOfAddedItemsIsReducedByAmountOfFilteredItems ( ) { BeanItemContainer < Person > container = new BeanItemContainer < Person > ( Person . class ) ; ItemSetChangeListener addListener = createListenerMockFor ( container ) ; Capture < ItemAddEvent > capturedEvent = captureAddEvent ( addListener ) ; EasyMock . replay ( addListener ) ; List < Person > beans = Arrays . asList ( new Person ( ""Jack"" ) , new Person ( ""John"" ) ) ; container . addFilter ( new Compare . Equal ( ""name"" , ""John"" ) ) ; container . addAll ( beans ) ; <ASSERTION> ; }",@ Override public void addAll ( Collection < ? extends BEANTYPE > collection ) { super . addAll ( collection ) ; },
0,"@ Test public void testGetSystemProperty ( ) throws ClassNotFoundException { String value = ""value"" ; String prop = ""prop"" ; System . setProperty ( DefaultDeploymentConfigurationTest . class . getPackage ( ) . getName ( ) + '.' + prop , value ) ; DefaultDeploymentConfiguration config = new DefaultDeploymentConfiguration ( DefaultDeploymentConfigurationTest . class , new Properties ( ) ) ; <ASSERTION> ; }","protected String getSystemProperty ( String parameterName ) { String val = null ; String pkgName ; final Package pkg = systemPropertyBaseClass . getPackage ( ) ; if ( pkg != null ) { pkgName = pkg . getName ( ) ; } else { final String className = systemPropertyBaseClass . getName ( ) ; int index = className . lastIndexOf ( '.' ) ; if ( index >= 0 ) { pkgName = className . substring ( 0 , index ) ; } else { pkgName = null ; } } if ( pkgName == null ) { pkgName = """" ; } else { pkgName += '.' ; } val = System . getProperty ( pkgName + parameterName ) ; if ( val != null ) { return val ; } val = System . getProperty ( pkgName + parameterName . toLowerCase ( ) ) ; if ( val != null ) { return val ; } val = System . getProperty ( ""vaadin."" + parameterName ) ; return val ; }",
0,"@ Test public void getItem_freeform5000RowsWithParameter1337_returnsItemWithId1337 ( ) throws SQLException { DataGenerator . addFiveThousandPeople ( connectionPool ) ; SQLContainer container = new SQLContainer ( new FreeformQuery ( ""SELECT * FROM people"" , connectionPool , ""ID"" ) ) ; Item item ; if ( SQLTestsConstants . db == DB . ORACLE ) { item = container . getItem ( new RowId ( new Object [ ] { new BigDecimal ( 1337 + offset ) } ) ) ; <ASSERTION> ; assertEquals ( new BigDecimal ( 1337 + offset ) , item . getItemProperty ( ""ID"" ) . getValue ( ) ) ; } else { item = container . getItem ( new RowId ( new Object [ ] { 1337 + offset } ) ) ; assertNotNull ( item ) ; assertEquals ( 1337 + offset , item . getItemProperty ( ""ID"" ) . getValue ( ) ) ; } assertEquals ( ""Person 1337"" , item . getItemProperty ( ""NAME"" ) . getValue ( ) ) ; }",@ Override public Item getItem ( Object itemId ) { if ( ! cachedItems . containsKey ( itemId ) ) { int index = indexOfId ( itemId ) ; if ( index >= size ) { int offset = index - size ; RowItem item = addedItems . get ( offset ) ; if ( itemPassesFilters ( item ) ) { return item ; } else { return null ; } } else { updateOffsetAndCache ( index ) ; } } return cachedItems . get ( itemId ) ; },
0,"@ Test public void getItem_freeform5000RowsWithParameter1337_returnsItemWithId1337 ( ) throws SQLException { DataGenerator . addFiveThousandPeople ( connectionPool ) ; SQLContainer container = new SQLContainer ( new FreeformQuery ( ""SELECT * FROM people"" , connectionPool , ""ID"" ) ) ; Item item ; if ( SQLTestsConstants . db == DB . ORACLE ) { item = container . getItem ( new RowId ( new Object [ ] { new BigDecimal ( 1337 + offset ) } ) ) ; assertNotNull ( item ) ; <ASSERTION> ; } else { item = container . getItem ( new RowId ( new Object [ ] { 1337 + offset } ) ) ; assertNotNull ( item ) ; assertEquals ( 1337 + offset , item . getItemProperty ( ""ID"" ) . getValue ( ) ) ; } assertEquals ( ""Person 1337"" , item . getItemProperty ( ""NAME"" ) . getValue ( ) ) ; }",@ Override public Item getItem ( Object itemId ) { if ( ! cachedItems . containsKey ( itemId ) ) { int index = indexOfId ( itemId ) ; if ( index >= size ) { int offset = index - size ; RowItem item = addedItems . get ( offset ) ; if ( itemPassesFilters ( item ) ) { return item ; } else { return null ; } } else { updateOffsetAndCache ( index ) ; } } return cachedItems . get ( itemId ) ; },
0,"@ Test public void getItem_freeform5000RowsWithParameter1337_returnsItemWithId1337 ( ) throws SQLException { DataGenerator . addFiveThousandPeople ( connectionPool ) ; SQLContainer container = new SQLContainer ( new FreeformQuery ( ""SELECT * FROM people"" , connectionPool , ""ID"" ) ) ; Item item ; if ( SQLTestsConstants . db == DB . ORACLE ) { item = container . getItem ( new RowId ( new Object [ ] { new BigDecimal ( 1337 + offset ) } ) ) ; assertNotNull ( item ) ; assertEquals ( new BigDecimal ( 1337 + offset ) , item . getItemProperty ( ""ID"" ) . getValue ( ) ) ; } else { item = container . getItem ( new RowId ( new Object [ ] { 1337 + offset } ) ) ; <ASSERTION> ; assertEquals ( 1337 + offset , item . getItemProperty ( ""ID"" ) . getValue ( ) ) ; } assertEquals ( ""Person 1337"" , item . getItemProperty ( ""NAME"" ) . getValue ( ) ) ; }",@ Override public Item getItem ( Object itemId ) { if ( ! cachedItems . containsKey ( itemId ) ) { int index = indexOfId ( itemId ) ; if ( index >= size ) { int offset = index - size ; RowItem item = addedItems . get ( offset ) ; if ( itemPassesFilters ( item ) ) { return item ; } else { return null ; } } else { updateOffsetAndCache ( index ) ; } } return cachedItems . get ( itemId ) ; },
0,"@ Test public void getItem_freeform5000RowsWithParameter1337_returnsItemWithId1337 ( ) throws SQLException { DataGenerator . addFiveThousandPeople ( connectionPool ) ; SQLContainer container = new SQLContainer ( new FreeformQuery ( ""SELECT * FROM people"" , connectionPool , ""ID"" ) ) ; Item item ; if ( SQLTestsConstants . db == DB . ORACLE ) { item = container . getItem ( new RowId ( new Object [ ] { new BigDecimal ( 1337 + offset ) } ) ) ; assertNotNull ( item ) ; assertEquals ( new BigDecimal ( 1337 + offset ) , item . getItemProperty ( ""ID"" ) . getValue ( ) ) ; } else { item = container . getItem ( new RowId ( new Object [ ] { 1337 + offset } ) ) ; assertNotNull ( item ) ; <ASSERTION> ; } assertEquals ( ""Person 1337"" , item . getItemProperty ( ""NAME"" ) . getValue ( ) ) ; }",@ Override public Item getItem ( Object itemId ) { if ( ! cachedItems . containsKey ( itemId ) ) { int index = indexOfId ( itemId ) ; if ( index >= size ) { int offset = index - size ; RowItem item = addedItems . get ( offset ) ; if ( itemPassesFilters ( item ) ) { return item ; } else { return null ; } } else { updateOffsetAndCache ( index ) ; } } return cachedItems . get ( itemId ) ; },
0,"@ Test public void getItem_freeform5000RowsWithParameter1337_returnsItemWithId1337 ( ) throws SQLException { DataGenerator . addFiveThousandPeople ( connectionPool ) ; SQLContainer container = new SQLContainer ( new FreeformQuery ( ""SELECT * FROM people"" , connectionPool , ""ID"" ) ) ; Item item ; if ( SQLTestsConstants . db == DB . ORACLE ) { item = container . getItem ( new RowId ( new Object [ ] { new BigDecimal ( 1337 + offset ) } ) ) ; assertNotNull ( item ) ; assertEquals ( new BigDecimal ( 1337 + offset ) , item . getItemProperty ( ""ID"" ) . getValue ( ) ) ; } else { item = container . getItem ( new RowId ( new Object [ ] { 1337 + offset } ) ) ; assertNotNull ( item ) ; assertEquals ( 1337 + offset , item . getItemProperty ( ""ID"" ) . getValue ( ) ) ; } <ASSERTION> ; }",@ Override public Item getItem ( Object itemId ) { if ( ! cachedItems . containsKey ( itemId ) ) { int index = indexOfId ( itemId ) ; if ( index >= size ) { int offset = index - size ; RowItem item = addedItems . get ( offset ) ; if ( itemPassesFilters ( item ) ) { return item ; } else { return null ; } } else { updateOffsetAndCache ( index ) ; } } return cachedItems . get ( itemId ) ; },
1,@ Test public void registerRPCMultiInterfaceTest ( ) { AbstractClientConnector mock = mock ( AbstractClientConnector . class ) ; MultiServerRpcMock implementation = new MultiServerRpcMock ( ) ; Mockito . doCallRealMethod ( ) . when ( mock ) . registerRpc ( implementation ) ; <ASSERTION> mock . registerRpc ( implementation ) ; },"protected < T extends ServerRpc > void registerRpc ( T implementation , Class < T > rpcInterfaceType ) { rpcManagerMap . put ( rpcInterfaceType . getName ( ) , new ServerRpcManager < T > ( implementation , rpcInterfaceType ) ) ; }",
0,"@ Test public void testItemAddedEvent_someItemsAreFiltered_addedItemIsTheFirstVisibleItem ( ) { BeanItemContainer < Person > container = new BeanItemContainer < Person > ( Person . class ) ; Person bean = new Person ( ""John"" ) ; ItemSetChangeListener addListener = createListenerMockFor ( container ) ; Capture < ItemAddEvent > capturedEvent = captureAddEvent ( addListener ) ; EasyMock . replay ( addListener ) ; List < Person > beans = Arrays . asList ( new Person ( ""Jack"" ) , bean ) ; container . addFilter ( new Compare . Equal ( ""name"" , ""John"" ) ) ; container . addAll ( beans ) ; <ASSERTION> ; }",@ Override public void addAll ( Collection < ? extends BEANTYPE > collection ) { super . addAll ( collection ) ; },
0,"@ Test public void dashSeparatedToCamelCase ( ) { <ASSERTION> ; assertEquals ( """" , SharedUtil . dashSeparatedToCamelCase ( """" ) ) ; assertEquals ( ""foo"" , SharedUtil . dashSeparatedToCamelCase ( ""foo"" ) ) ; assertEquals ( ""fooBar"" , SharedUtil . dashSeparatedToCamelCase ( ""foo-bar"" ) ) ; assertEquals ( ""fooBar"" , SharedUtil . dashSeparatedToCamelCase ( ""foo--bar"" ) ) ; assertEquals ( ""fooBarBaz"" , SharedUtil . dashSeparatedToCamelCase ( ""foo-bar-baz"" ) ) ; assertEquals ( ""fooBarBaz"" , SharedUtil . dashSeparatedToCamelCase ( ""foo-Bar-Baz"" ) ) ; }","public static String dashSeparatedToCamelCase ( String dashSeparated ) { if ( dashSeparated == null ) { return null ; } String [ ] parts = dashSeparated . split ( ""-"" ) ; for ( int i = 1 ; i < parts . length ; i ++ ) { parts [ i ] = capitalize ( parts [ i ] ) ; } return join ( parts , """" ) ; }",
0,"@ Test public void dashSeparatedToCamelCase ( ) { assertEquals ( null , SharedUtil . dashSeparatedToCamelCase ( null ) ) ; <ASSERTION> ; assertEquals ( ""foo"" , SharedUtil . dashSeparatedToCamelCase ( ""foo"" ) ) ; assertEquals ( ""fooBar"" , SharedUtil . dashSeparatedToCamelCase ( ""foo-bar"" ) ) ; assertEquals ( ""fooBar"" , SharedUtil . dashSeparatedToCamelCase ( ""foo--bar"" ) ) ; assertEquals ( ""fooBarBaz"" , SharedUtil . dashSeparatedToCamelCase ( ""foo-bar-baz"" ) ) ; assertEquals ( ""fooBarBaz"" , SharedUtil . dashSeparatedToCamelCase ( ""foo-Bar-Baz"" ) ) ; }","public static String dashSeparatedToCamelCase ( String dashSeparated ) { if ( dashSeparated == null ) { return null ; } String [ ] parts = dashSeparated . split ( ""-"" ) ; for ( int i = 1 ; i < parts . length ; i ++ ) { parts [ i ] = capitalize ( parts [ i ] ) ; } return join ( parts , """" ) ; }",
0,"@ Test public void dashSeparatedToCamelCase ( ) { assertEquals ( null , SharedUtil . dashSeparatedToCamelCase ( null ) ) ; assertEquals ( """" , SharedUtil . dashSeparatedToCamelCase ( """" ) ) ; <ASSERTION> ; assertEquals ( ""fooBar"" , SharedUtil . dashSeparatedToCamelCase ( ""foo-bar"" ) ) ; assertEquals ( ""fooBar"" , SharedUtil . dashSeparatedToCamelCase ( ""foo--bar"" ) ) ; assertEquals ( ""fooBarBaz"" , SharedUtil . dashSeparatedToCamelCase ( ""foo-bar-baz"" ) ) ; assertEquals ( ""fooBarBaz"" , SharedUtil . dashSeparatedToCamelCase ( ""foo-Bar-Baz"" ) ) ; }","public static String dashSeparatedToCamelCase ( String dashSeparated ) { if ( dashSeparated == null ) { return null ; } String [ ] parts = dashSeparated . split ( ""-"" ) ; for ( int i = 1 ; i < parts . length ; i ++ ) { parts [ i ] = capitalize ( parts [ i ] ) ; } return join ( parts , """" ) ; }",
0,"@ Test public void dashSeparatedToCamelCase ( ) { assertEquals ( null , SharedUtil . dashSeparatedToCamelCase ( null ) ) ; assertEquals ( """" , SharedUtil . dashSeparatedToCamelCase ( """" ) ) ; assertEquals ( ""foo"" , SharedUtil . dashSeparatedToCamelCase ( ""foo"" ) ) ; <ASSERTION> ; assertEquals ( ""fooBar"" , SharedUtil . dashSeparatedToCamelCase ( ""foo--bar"" ) ) ; assertEquals ( ""fooBarBaz"" , SharedUtil . dashSeparatedToCamelCase ( ""foo-bar-baz"" ) ) ; assertEquals ( ""fooBarBaz"" , SharedUtil . dashSeparatedToCamelCase ( ""foo-Bar-Baz"" ) ) ; }","public static String dashSeparatedToCamelCase ( String dashSeparated ) { if ( dashSeparated == null ) { return null ; } String [ ] parts = dashSeparated . split ( ""-"" ) ; for ( int i = 1 ; i < parts . length ; i ++ ) { parts [ i ] = capitalize ( parts [ i ] ) ; } return join ( parts , """" ) ; }",
0,"@ Test public void dashSeparatedToCamelCase ( ) { assertEquals ( null , SharedUtil . dashSeparatedToCamelCase ( null ) ) ; assertEquals ( """" , SharedUtil . dashSeparatedToCamelCase ( """" ) ) ; assertEquals ( ""foo"" , SharedUtil . dashSeparatedToCamelCase ( ""foo"" ) ) ; assertEquals ( ""fooBar"" , SharedUtil . dashSeparatedToCamelCase ( ""foo-bar"" ) ) ; <ASSERTION> ; assertEquals ( ""fooBarBaz"" , SharedUtil . dashSeparatedToCamelCase ( ""foo-bar-baz"" ) ) ; assertEquals ( ""fooBarBaz"" , SharedUtil . dashSeparatedToCamelCase ( ""foo-Bar-Baz"" ) ) ; }","public static String dashSeparatedToCamelCase ( String dashSeparated ) { if ( dashSeparated == null ) { return null ; } String [ ] parts = dashSeparated . split ( ""-"" ) ; for ( int i = 1 ; i < parts . length ; i ++ ) { parts [ i ] = capitalize ( parts [ i ] ) ; } return join ( parts , """" ) ; }",
0,"@ Test public void dashSeparatedToCamelCase ( ) { assertEquals ( null , SharedUtil . dashSeparatedToCamelCase ( null ) ) ; assertEquals ( """" , SharedUtil . dashSeparatedToCamelCase ( """" ) ) ; assertEquals ( ""foo"" , SharedUtil . dashSeparatedToCamelCase ( ""foo"" ) ) ; assertEquals ( ""fooBar"" , SharedUtil . dashSeparatedToCamelCase ( ""foo-bar"" ) ) ; assertEquals ( ""fooBar"" , SharedUtil . dashSeparatedToCamelCase ( ""foo--bar"" ) ) ; <ASSERTION> ; assertEquals ( ""fooBarBaz"" , SharedUtil . dashSeparatedToCamelCase ( ""foo-Bar-Baz"" ) ) ; }","public static String dashSeparatedToCamelCase ( String dashSeparated ) { if ( dashSeparated == null ) { return null ; } String [ ] parts = dashSeparated . split ( ""-"" ) ; for ( int i = 1 ; i < parts . length ; i ++ ) { parts [ i ] = capitalize ( parts [ i ] ) ; } return join ( parts , """" ) ; }",
0,"@ Test public void dashSeparatedToCamelCase ( ) { assertEquals ( null , SharedUtil . dashSeparatedToCamelCase ( null ) ) ; assertEquals ( """" , SharedUtil . dashSeparatedToCamelCase ( """" ) ) ; assertEquals ( ""foo"" , SharedUtil . dashSeparatedToCamelCase ( ""foo"" ) ) ; assertEquals ( ""fooBar"" , SharedUtil . dashSeparatedToCamelCase ( ""foo-bar"" ) ) ; assertEquals ( ""fooBar"" , SharedUtil . dashSeparatedToCamelCase ( ""foo--bar"" ) ) ; assertEquals ( ""fooBarBaz"" , SharedUtil . dashSeparatedToCamelCase ( ""foo-bar-baz"" ) ) ; <ASSERTION> ; }","public static String dashSeparatedToCamelCase ( String dashSeparated ) { if ( dashSeparated == null ) { return null ; } String [ ] parts = dashSeparated . split ( ""-"" ) ; for ( int i = 1 ; i < parts . length ; i ++ ) { parts [ i ] = capitalize ( parts [ i ] ) ; } return join ( parts , """" ) ; }",
0,"@ Test public void isReadOnly_readOnlyNullable_returnsTrue ( ) { ColumnProperty cp = new ColumnProperty ( ""NAME"" , true , true , true , false , ""Ville"" , String . class ) ; <ASSERTION> ; }",@ Override public boolean isReadOnly ( ) { return readOnly ; },
0,"@ Test public void testIsReadOnly ( ) { NestedMethodProperty < String > streetProperty = new NestedMethodProperty < String > ( vaadin , ""manager.address.street"" ) ; NestedMethodProperty < Boolean > booleanProperty = new NestedMethodProperty < Boolean > ( vaadin , ""manager.address.boolean"" ) ; <ASSERTION> ; assertTrue ( booleanProperty . isReadOnly ( ) ) ; }",@ Override public boolean isReadOnly ( ) { return super . isReadOnly ( ) || ( null == setMethod ) ; },
0,"@ Test public void testIsReadOnly ( ) { NestedMethodProperty < String > streetProperty = new NestedMethodProperty < String > ( vaadin , ""manager.address.street"" ) ; NestedMethodProperty < Boolean > booleanProperty = new NestedMethodProperty < Boolean > ( vaadin , ""manager.address.boolean"" ) ; assertFalse ( streetProperty . isReadOnly ( ) ) ; <ASSERTION> ; }",@ Override public boolean isReadOnly ( ) { return super . isReadOnly ( ) || ( null == setMethod ) ; },
0,"@ Test public void getType_freeformNAMEPropertyId_returnsString ( ) throws SQLException { SQLContainer container = new SQLContainer ( new FreeformQuery ( ""SELECT * FROM people"" , connectionPool , ""ID"" ) ) ; <ASSERTION> ; }",@ Override public Class < ? > getType ( Object propertyId ) { if ( ! propertyIds . contains ( propertyId ) ) { return null ; } return propertyTypes . get ( propertyId ) ; },
0,@ Test public void testItemHashCodeEmpty ( ) { PropertysetItem item1 = createPropertySetItem ( ) ; PropertysetItem item2 = createPropertySetItem ( ) ; <ASSERTION> ; },@ Override public int hashCode ( ) { return ( list == null ? 0 : list . hashCode ( ) ) ^ ( map == null ? 0 : map . hashCode ( ) ) ^ ( ( propertySetChangeListeners == null || propertySetChangeListeners . isEmpty ( ) ) ? 0 : propertySetChangeListeners . hashCode ( ) ) ; },
0,"@ Test public void testToString ( ) { PropertysetItem item = createPropertySetItem ( ) ; <ASSERTION> ; item . addItemProperty ( ID1 , prop1 ) ; assertEquals ( String . valueOf ( prop1 . getValue ( ) ) , item . toString ( ) ) ; item . addItemProperty ( ID2 , prop2 ) ; assertEquals ( String . valueOf ( prop1 . getValue ( ) ) + "" "" + String . valueOf ( prop2 . getValue ( ) ) , item . toString ( ) ) ; }","@ Override public String toString ( ) { String retValue = """" ; for ( final Iterator < ? > i = getItemPropertyIds ( ) . iterator ( ) ; i . hasNext ( ) ; ) { final Object propertyId = i . next ( ) ; retValue += getItemProperty ( propertyId ) . getValue ( ) ; if ( i . hasNext ( ) ) { retValue += "" "" ; } } return retValue ; }",
0,"@ Test public void testToString ( ) { PropertysetItem item = createPropertySetItem ( ) ; assertEquals ( """" , item . toString ( ) ) ; item . addItemProperty ( ID1 , prop1 ) ; <ASSERTION> ; item . addItemProperty ( ID2 , prop2 ) ; assertEquals ( String . valueOf ( prop1 . getValue ( ) ) + "" "" + String . valueOf ( prop2 . getValue ( ) ) , item . toString ( ) ) ; }","@ Override public String toString ( ) { String retValue = """" ; for ( final Iterator < ? > i = getItemPropertyIds ( ) . iterator ( ) ; i . hasNext ( ) ; ) { final Object propertyId = i . next ( ) ; retValue += getItemProperty ( propertyId ) . getValue ( ) ; if ( i . hasNext ( ) ) { retValue += "" "" ; } } return retValue ; }",
0,"@ Test public void testToString ( ) { PropertysetItem item = createPropertySetItem ( ) ; assertEquals ( """" , item . toString ( ) ) ; item . addItemProperty ( ID1 , prop1 ) ; assertEquals ( String . valueOf ( prop1 . getValue ( ) ) , item . toString ( ) ) ; item . addItemProperty ( ID2 , prop2 ) ; <ASSERTION> ; }","@ Override public String toString ( ) { String retValue = """" ; for ( final Iterator < ? > i = getItemPropertyIds ( ) . iterator ( ) ; i . hasNext ( ) ; ) { final Object propertyId = i . next ( ) ; retValue += getItemProperty ( propertyId ) . getValue ( ) ; if ( i . hasNext ( ) ) { retValue += "" "" ; } } return retValue ; }",
0,"@ Test public void testOverridingProperties ( ) { BeanItem < MyClass2 > item = new BeanItem < MyClass2 > ( new MyClass2 ( ""bean2"" ) ) ; Collection < ? > itemPropertyIds = item . getItemPropertyIds ( ) ; <ASSERTION> ; assertTrue ( MyClass2 . class . equals ( item . getBean ( ) . getClass ( ) ) ) ; assertFalse ( item . getItemProperty ( ""name2"" ) . isReadOnly ( ) ) ; }",public BT getBean ( ) { return bean ; },
